meta_pattern_id,rule_id,target_item,target_pair,target_label,antecedent_items,rule_support_count,target_coverage,confidence,lift
MP00001,R00005,Acceleration_Dynamics__x__Curvature_Geometry=Uncommon Acceleration_Dynamics,Acceleration_Dynamics__x__Curvature_Geometry,Uncommon Acceleration_Dynamics,Acceleration_Dynamics__x__Turning_Dynamics=Uncommon Acceleration_Dynamics;Curvature_Geometry__x__Speed_Dynamics=Uncommon Speed_Dynamics,34,0.10119047619047619,0.9714285714285714,7.771428571428571
MP00001,R00007,Acceleration_Dynamics__x__Curvature_Geometry=Uncommon Acceleration_Dynamics,Acceleration_Dynamics__x__Curvature_Geometry,Uncommon Acceleration_Dynamics,Acceleration_Dynamics__x__Temporal_Sequential_Context=Uncommon Acceleration_Dynamics;Curvature_Geometry__x__Speed_Dynamics=Uncommon Speed_Dynamics,25,0.0744047619047619,0.9615384615384616,7.6923076923076925
MP00001,R00044,Acceleration_Dynamics__x__Curvature_Geometry=Uncommon Acceleration_Dynamics,Acceleration_Dynamics__x__Curvature_Geometry,Uncommon Acceleration_Dynamics,Acceleration_Dynamics__x__Spatial_Reach_and_Route=Uncommon Acceleration_Dynamics;Curvature_Geometry__x__Speed_Dynamics=Uncommon Speed_Dynamics,36,0.10714285714285714,0.9,7.2
MP00001,R00046,Acceleration_Dynamics__x__Spatial_Reach_and_Route=Uncommon Acceleration_Dynamics,Acceleration_Dynamics__x__Spatial_Reach_and_Route,Uncommon Acceleration_Dynamics,Acceleration_Dynamics__x__Curvature_Geometry=Uncommon Acceleration_Dynamics;Spatial_Reach_and_Route__x__Speed_Dynamics=Uncommon Speed_Dynamics,35,0.11864406779661017,0.8974358974358975,8.177314211212517
MP00001,R00052,Acceleration_Dynamics__x__Turning_Dynamics=Uncommon Acceleration_Dynamics,Acceleration_Dynamics__x__Turning_Dynamics,Uncommon Acceleration_Dynamics,Acceleration_Dynamics__x__Temporal_Sequential_Context=Uncommon Acceleration_Dynamics;Speed_Dynamics__x__Turning_Dynamics=Uncommon Speed_Dynamics,25,0.08620689655172414,0.8928571428571429,8.275862068965518
MP00001,R00072,Acceleration_Dynamics__x__Spatial_Reach_and_Route=Uncommon Acceleration_Dynamics,Acceleration_Dynamics__x__Spatial_Reach_and_Route,Uncommon Acceleration_Dynamics,Acceleration_Dynamics__x__Turning_Dynamics=Uncommon Acceleration_Dynamics;Spatial_Reach_and_Route__x__Speed_Dynamics=Uncommon Speed_Dynamics,29,0.09830508474576272,0.8787878787878788,8.007395993836672
MP00001,R00088,Acceleration_Dynamics__x__Turning_Dynamics=Uncommon Acceleration_Dynamics,Acceleration_Dynamics__x__Turning_Dynamics,Uncommon Acceleration_Dynamics,Acceleration_Dynamics__x__Curvature_Geometry=Uncommon Acceleration_Dynamics;Speed_Dynamics__x__Turning_Dynamics=Uncommon Speed_Dynamics,34,0.11724137931034483,0.8717948717948718,8.080636604774536
MP00001,R00092,Acceleration_Dynamics__x__Turning_Dynamics=Uncommon Acceleration_Dynamics,Acceleration_Dynamics__x__Turning_Dynamics,Uncommon Acceleration_Dynamics,Acceleration_Dynamics__x__Spatial_Reach_and_Route=Uncommon Acceleration_Dynamics;Speed_Dynamics__x__Turning_Dynamics=Uncommon Speed_Dynamics,27,0.09310344827586207,0.8709677419354839,8.072969966629588
MP00001,R00107,Acceleration_Dynamics__x__Spatial_Reach_and_Route=Uncommon Acceleration_Dynamics,Acceleration_Dynamics__x__Spatial_Reach_and_Route,Uncommon Acceleration_Dynamics,Acceleration_Dynamics__x__Temporal_Sequential_Context=Uncommon Acceleration_Dynamics;Spatial_Reach_and_Route__x__Speed_Dynamics=Uncommon Speed_Dynamics,31,0.10508474576271186,0.8611111111111112,7.84632768361582
MP00001,R00171,Acceleration_Dynamics__x__Temporal_Sequential_Context=Uncommon Acceleration_Dynamics,Acceleration_Dynamics__x__Temporal_Sequential_Context,Uncommon Acceleration_Dynamics,Acceleration_Dynamics__x__Spatial_Reach_and_Route=Uncommon Acceleration_Dynamics;Speed_Dynamics__x__Temporal_Sequential_Context=Uncommon Speed_Dynamics,28,0.13145539906103287,0.8235294117647058,10.392709196354598
MP00001,R00199,Acceleration_Dynamics__x__Temporal_Sequential_Context=Uncommon Acceleration_Dynamics,Acceleration_Dynamics__x__Temporal_Sequential_Context,Uncommon Acceleration_Dynamics,Acceleration_Dynamics__x__Curvature_Geometry=Uncommon Acceleration_Dynamics;Speed_Dynamics__x__Temporal_Sequential_Context=Uncommon Speed_Dynamics,24,0.11267605633802817,0.8,10.095774647887325
MP00002,R00025,Acceleration_Dynamics__x__Turning_Dynamics=Uncommon Acceleration_Dynamics,Acceleration_Dynamics__x__Turning_Dynamics,Uncommon Acceleration_Dynamics,Acceleration_Dynamics__x__Spatial_Reach_and_Route=Uncommon Acceleration_Dynamics;Temporal_Sequential_Context__x__Turning_Dynamics=Uncommon Temporal_Sequential_Context,23,0.07931034482758621,0.92,8.527448275862069
MP00002,R00039,Acceleration_Dynamics__x__Curvature_Geometry=Uncommon Acceleration_Dynamics,Acceleration_Dynamics__x__Curvature_Geometry,Uncommon Acceleration_Dynamics,Acceleration_Dynamics__x__Turning_Dynamics=Uncommon Acceleration_Dynamics;Curvature_Geometry__x__Temporal_Sequential_Context=Uncommon Temporal_Sequential_Context,40,0.11904761904761904,0.9090909090909091,7.2727272727272725
MP00002,R00043,Acceleration_Dynamics__x__Speed_Dynamics=Uncommon Acceleration_Dynamics,Acceleration_Dynamics__x__Speed_Dynamics,Uncommon Acceleration_Dynamics,Acceleration_Dynamics__x__Spatial_Reach_and_Route=Uncommon Acceleration_Dynamics;Speed_Dynamics__x__Temporal_Sequential_Context=Uncommon Temporal_Sequential_Context,27,0.0989010989010989,0.9,8.861538461538462
MP00002,R00049,Acceleration_Dynamics__x__Spatial_Reach_and_Route=Uncommon Acceleration_Dynamics,Acceleration_Dynamics__x__Spatial_Reach_and_Route,Uncommon Acceleration_Dynamics,Acceleration_Dynamics__x__Turning_Dynamics=Uncommon Acceleration_Dynamics;Spatial_Reach_and_Route__x__Temporal_Sequential_Context=Uncommon Temporal_Sequential_Context,26,0.08813559322033898,0.896551724137931,8.169257744009352
MP00002,R00053,Acceleration_Dynamics__x__Speed_Dynamics=Uncommon Acceleration_Dynamics,Acceleration_Dynamics__x__Speed_Dynamics,Uncommon Acceleration_Dynamics,Acceleration_Dynamics__x__Turning_Dynamics=Uncommon Acceleration_Dynamics;Speed_Dynamics__x__Temporal_Sequential_Context=Uncommon Temporal_Sequential_Context,33,0.12087912087912088,0.8918918918918919,8.781704781704782
MP00002,R00119,Acceleration_Dynamics__x__Curvature_Geometry=Uncommon Acceleration_Dynamics,Acceleration_Dynamics__x__Curvature_Geometry,Uncommon Acceleration_Dynamics,Acceleration_Dynamics__x__Speed_Dynamics=Uncommon Acceleration_Dynamics;Curvature_Geometry__x__Temporal_Sequential_Context=Uncommon Temporal_Sequential_Context,35,0.10416666666666667,0.8536585365853658,6.829268292682927
MP00002,R00129,Acceleration_Dynamics__x__Turning_Dynamics=Uncommon Acceleration_Dynamics,Acceleration_Dynamics__x__Turning_Dynamics,Uncommon Acceleration_Dynamics,Acceleration_Dynamics__x__Curvature_Geometry=Uncommon Acceleration_Dynamics;Temporal_Sequential_Context__x__Turning_Dynamics=Uncommon Temporal_Sequential_Context,38,0.1310344827586207,0.8444444444444444,7.827126436781609
MP00002,R00131,Acceleration_Dynamics__x__Curvature_Geometry=Uncommon Acceleration_Dynamics,Acceleration_Dynamics__x__Curvature_Geometry,Uncommon Acceleration_Dynamics,Acceleration_Dynamics__x__Spatial_Reach_and_Route=Uncommon Acceleration_Dynamics;Curvature_Geometry__x__Temporal_Sequential_Context=Uncommon Temporal_Sequential_Context,38,0.1130952380952381,0.8444444444444444,6.7555555555555555
MP00002,R00160,Acceleration_Dynamics__x__Spatial_Reach_and_Route=Uncommon Acceleration_Dynamics,Acceleration_Dynamics__x__Spatial_Reach_and_Route,Uncommon Acceleration_Dynamics,Acceleration_Dynamics__x__Curvature_Geometry=Uncommon Acceleration_Dynamics;Spatial_Reach_and_Route__x__Temporal_Sequential_Context=Uncommon Temporal_Sequential_Context,39,0.13220338983050847,0.8297872340425532,7.560908763072485
MP00002,R00186,Acceleration_Dynamics__x__Speed_Dynamics=Uncommon Acceleration_Dynamics,Acceleration_Dynamics__x__Speed_Dynamics,Uncommon Acceleration_Dynamics,Acceleration_Dynamics__x__Curvature_Geometry=Uncommon Acceleration_Dynamics;Speed_Dynamics__x__Temporal_Sequential_Context=Uncommon Temporal_Sequential_Context,34,0.12454212454212454,0.8095238095238095,7.970695970695971
MP00003,R00021,Curvature_Geometry__x__Temporal_Sequential_Context=Uncommon Temporal_Sequential_Context,Curvature_Geometry__x__Temporal_Sequential_Context,Uncommon Temporal_Sequential_Context,Acceleration_Dynamics__x__Curvature_Geometry=Uncommon Acceleration_Dynamics;Speed_Dynamics__x__Temporal_Sequential_Context=Uncommon Temporal_Sequential_Context,39,0.12225705329153605,0.9285714285714286,7.824451410658308
MP00003,R00038,Spatial_Reach_and_Route__x__Temporal_Sequential_Context=Uncommon Temporal_Sequential_Context,Spatial_Reach_and_Route__x__Temporal_Sequential_Context,Uncommon Temporal_Sequential_Context,Acceleration_Dynamics__x__Spatial_Reach_and_Route=Uncommon Acceleration_Dynamics;Curvature_Geometry__x__Temporal_Sequential_Context=Uncommon Temporal_Sequential_Context,41,0.1722689075630252,0.9111111111111111,10.290196078431372
MP00003,R00041,Speed_Dynamics__x__Temporal_Sequential_Context=Uncommon Temporal_Sequential_Context,Speed_Dynamics__x__Temporal_Sequential_Context,Uncommon Temporal_Sequential_Context,Acceleration_Dynamics__x__Speed_Dynamics=Uncommon Acceleration_Dynamics;Curvature_Geometry__x__Temporal_Sequential_Context=Uncommon Temporal_Sequential_Context,37,0.137546468401487,0.9024390243902439,9.017680660077977
MP00003,R00045,Speed_Dynamics__x__Temporal_Sequential_Context=Uncommon Temporal_Sequential_Context,Speed_Dynamics__x__Temporal_Sequential_Context,Uncommon Temporal_Sequential_Context,Acceleration_Dynamics__x__Speed_Dynamics=Uncommon Acceleration_Dynamics;Temporal_Sequential_Context__x__Turning_Dynamics=Uncommon Temporal_Sequential_Context,35,0.13011152416356878,0.8974358974358975,8.967686588504431
MP00003,R00051,Curvature_Geometry__x__Temporal_Sequential_Context=Uncommon Temporal_Sequential_Context,Curvature_Geometry__x__Temporal_Sequential_Context,Uncommon Temporal_Sequential_Context,Acceleration_Dynamics__x__Curvature_Geometry=Uncommon Acceleration_Dynamics;Spatial_Reach_and_Route__x__Temporal_Sequential_Context=Uncommon Temporal_Sequential_Context,42,0.13166144200626959,0.8936170212765957,7.529913959847929
MP00003,R00130,Curvature_Geometry__x__Temporal_Sequential_Context=Uncommon Temporal_Sequential_Context,Curvature_Geometry__x__Temporal_Sequential_Context,Uncommon Temporal_Sequential_Context,Acceleration_Dynamics__x__Curvature_Geometry=Uncommon Acceleration_Dynamics;Temporal_Sequential_Context__x__Turning_Dynamics=Uncommon Temporal_Sequential_Context,38,0.11912225705329153,0.8444444444444444,7.115569487983281
MP00003,R00144,Speed_Dynamics__x__Temporal_Sequential_Context=Uncommon Temporal_Sequential_Context,Speed_Dynamics__x__Temporal_Sequential_Context,Uncommon Temporal_Sequential_Context,Acceleration_Dynamics__x__Speed_Dynamics=Uncommon Acceleration_Dynamics;Spatial_Reach_and_Route__x__Temporal_Sequential_Context=Uncommon Temporal_Sequential_Context,25,0.09293680297397769,0.8333333333333334,8.327137546468402
MP00004,R00008,Spatial_Reach_and_Route__x__Turning_Dynamics=Uncommon Spatial_Reach_and_Route,Spatial_Reach_and_Route__x__Turning_Dynamics,Uncommon Spatial_Reach_and_Route,Acceleration_Dynamics__x__Spatial_Reach_and_Route=Uncommon Spatial_Reach_and_Route;Curvature_Geometry__x__Turning_Dynamics=Uncommon Curvature_Geometry,37,0.1189710610932476,0.9487179487179487,8.199851595349987
MP00004,R00012,Acceleration_Dynamics__x__Spatial_Reach_and_Route=Uncommon Spatial_Reach_and_Route,Acceleration_Dynamics__x__Spatial_Reach_and_Route,Uncommon Spatial_Reach_and_Route,Acceleration_Dynamics__x__Curvature_Geometry=Uncommon Curvature_Geometry;Spatial_Reach_and_Route__x__Temporal_Sequential_Context=Uncommon Spatial_Reach_and_Route,30,0.10204081632653061,0.9375,8.571428571428571
MP00004,R00028,Spatial_Reach_and_Route__x__Temporal_Sequential_Context=Uncommon Spatial_Reach_and_Route,Spatial_Reach_and_Route__x__Temporal_Sequential_Context,Uncommon Spatial_Reach_and_Route,Acceleration_Dynamics__x__Spatial_Reach_and_Route=Uncommon Spatial_Reach_and_Route;Curvature_Geometry__x__Temporal_Sequential_Context=Uncommon Curvature_Geometry,34,0.17801047120418848,0.918918918918919,12.932220178293479
MP00004,R00080,Acceleration_Dynamics__x__Spatial_Reach_and_Route=Uncommon Spatial_Reach_and_Route,Acceleration_Dynamics__x__Spatial_Reach_and_Route,Uncommon Spatial_Reach_and_Route,Acceleration_Dynamics__x__Curvature_Geometry=Uncommon Curvature_Geometry;Spatial_Reach_and_Route__x__Speed_Dynamics=Uncommon Spatial_Reach_and_Route,35,0.11904761904761904,0.875,8.0
MP00004,R00156,Spatial_Reach_and_Route__x__Turning_Dynamics=Uncommon Spatial_Reach_and_Route,Spatial_Reach_and_Route__x__Turning_Dynamics,Uncommon Spatial_Reach_and_Route,Curvature_Geometry__x__Turning_Dynamics=Uncommon Curvature_Geometry;Spatial_Reach_and_Route__x__Temporal_Sequential_Context=Uncommon Spatial_Reach_and_Route,20,0.06430868167202572,0.8333333333333334,7.202572347266881
MP00004,R00161,Spatial_Reach_and_Route__x__Speed_Dynamics=Uncommon Spatial_Reach_and_Route,Spatial_Reach_and_Route__x__Speed_Dynamics,Uncommon Spatial_Reach_and_Route,Acceleration_Dynamics__x__Spatial_Reach_and_Route=Uncommon Spatial_Reach_and_Route;Curvature_Geometry__x__Speed_Dynamics=Uncommon Curvature_Geometry,29,0.1111111111111111,0.8285714285714286,8.533333333333333
MP00004,R00163,Spatial_Reach_and_Route__x__Turning_Dynamics=Uncommon Spatial_Reach_and_Route,Spatial_Reach_and_Route__x__Turning_Dynamics,Uncommon Spatial_Reach_and_Route,Curvature_Geometry__x__Turning_Dynamics=Uncommon Curvature_Geometry;Spatial_Reach_and_Route__x__Speed_Dynamics=Uncommon Spatial_Reach_and_Route,29,0.0932475884244373,0.8285714285714286,7.161414790996785
MP00005,R00011,Spatial_Reach_and_Route__x__Turning_Dynamics=Uncommon Turning_Dynamics,Spatial_Reach_and_Route__x__Turning_Dynamics,Uncommon Turning_Dynamics,Acceleration_Dynamics__x__Turning_Dynamics=Uncommon Turning_Dynamics;Spatial_Reach_and_Route__x__Speed_Dynamics=Uncommon Speed_Dynamics,33,0.09939759036144578,0.9428571428571428,7.6337349397590355
MP00005,R00033,Acceleration_Dynamics__x__Turning_Dynamics=Uncommon Turning_Dynamics,Acceleration_Dynamics__x__Turning_Dynamics,Uncommon Turning_Dynamics,Acceleration_Dynamics__x__Speed_Dynamics=Uncommon Speed_Dynamics;Curvature_Geometry__x__Turning_Dynamics=Uncommon Turning_Dynamics,42,0.14093959731543623,0.9130434782608695,8.235774730084621
MP00005,R00042,Acceleration_Dynamics__x__Turning_Dynamics=Uncommon Turning_Dynamics,Acceleration_Dynamics__x__Turning_Dynamics,Uncommon Turning_Dynamics,Acceleration_Dynamics__x__Speed_Dynamics=Uncommon Speed_Dynamics;Spatial_Reach_and_Route__x__Turning_Dynamics=Uncommon Turning_Dynamics,37,0.12416107382550336,0.9024390243902439,8.140121132754953
MP00005,R00058,Spatial_Reach_and_Route__x__Turning_Dynamics=Uncommon Turning_Dynamics,Spatial_Reach_and_Route__x__Turning_Dynamics,Uncommon Turning_Dynamics,Curvature_Geometry__x__Turning_Dynamics=Uncommon Turning_Dynamics;Spatial_Reach_and_Route__x__Speed_Dynamics=Uncommon Speed_Dynamics,33,0.09939759036144578,0.8918918918918919,7.22110061869098
MP00005,R00070,Curvature_Geometry__x__Turning_Dynamics=Uncommon Turning_Dynamics,Curvature_Geometry__x__Turning_Dynamics,Uncommon Turning_Dynamics,Acceleration_Dynamics__x__Turning_Dynamics=Uncommon Turning_Dynamics;Curvature_Geometry__x__Speed_Dynamics=Uncommon Speed_Dynamics,37,0.11455108359133127,0.8809523809523809,7.331269349845201
MP00005,R00075,Curvature_Geometry__x__Turning_Dynamics=Uncommon Turning_Dynamics,Curvature_Geometry__x__Turning_Dynamics,Uncommon Turning_Dynamics,Curvature_Geometry__x__Speed_Dynamics=Uncommon Speed_Dynamics;Temporal_Sequential_Context__x__Turning_Dynamics=Uncommon Turning_Dynamics,29,0.08978328173374613,0.8787878787878788,7.313256403039684
MP00005,R00114,Temporal_Sequential_Context__x__Turning_Dynamics=Uncommon Turning_Dynamics,Temporal_Sequential_Context__x__Turning_Dynamics,Uncommon Turning_Dynamics,Acceleration_Dynamics__x__Turning_Dynamics=Uncommon Turning_Dynamics;Speed_Dynamics__x__Temporal_Sequential_Context=Uncommon Speed_Dynamics,24,0.07894736842105263,0.8571428571428571,7.578947368421052
MP00005,R00137,Acceleration_Dynamics__x__Turning_Dynamics=Uncommon Turning_Dynamics,Acceleration_Dynamics__x__Turning_Dynamics,Uncommon Turning_Dynamics,Acceleration_Dynamics__x__Speed_Dynamics=Uncommon Speed_Dynamics;Temporal_Sequential_Context__x__Turning_Dynamics=Uncommon Turning_Dynamics,26,0.087248322147651,0.8387096774193549,7.565273868802771
MP00005,R00139,Curvature_Geometry__x__Turning_Dynamics=Uncommon Turning_Dynamics,Curvature_Geometry__x__Turning_Dynamics,Uncommon Turning_Dynamics,Curvature_Geometry__x__Speed_Dynamics=Uncommon Speed_Dynamics;Spatial_Reach_and_Route__x__Turning_Dynamics=Uncommon Turning_Dynamics,31,0.09597523219814241,0.8378378378378378,6.972470922935319
MP00005,R00162,Temporal_Sequential_Context__x__Turning_Dynamics=Uncommon Turning_Dynamics,Temporal_Sequential_Context__x__Turning_Dynamics,Uncommon Turning_Dynamics,Spatial_Reach_and_Route__x__Turning_Dynamics=Uncommon Turning_Dynamics;Speed_Dynamics__x__Temporal_Sequential_Context=Uncommon Speed_Dynamics,29,0.09539473684210527,0.8285714285714286,7.326315789473685
MP00006,R00036,Spatial_Reach_and_Route__x__Speed_Dynamics=Uncommon Speed_Dynamics,Spatial_Reach_and_Route__x__Speed_Dynamics,Uncommon Speed_Dynamics,Acceleration_Dynamics__x__Spatial_Reach_and_Route=Uncommon Acceleration_Dynamics;Speed_Dynamics__x__Temporal_Sequential_Context=Uncommon Speed_Dynamics,31,0.10508474576271186,0.9117647058823529,8.307876370887337
MP00006,R00047,Curvature_Geometry__x__Speed_Dynamics=Uncommon Speed_Dynamics,Curvature_Geometry__x__Speed_Dynamics,Uncommon Speed_Dynamics,Acceleration_Dynamics__x__Curvature_Geometry=Uncommon Acceleration_Dynamics;Spatial_Reach_and_Route__x__Speed_Dynamics=Uncommon Speed_Dynamics,35,0.10324483775811209,0.8974358974358975,7.115951894712957
MP00006,R00082,Spatial_Reach_and_Route__x__Speed_Dynamics=Uncommon Speed_Dynamics,Spatial_Reach_and_Route__x__Speed_Dynamics,Uncommon Speed_Dynamics,Acceleration_Dynamics__x__Spatial_Reach_and_Route=Uncommon Acceleration_Dynamics;Curvature_Geometry__x__Speed_Dynamics=Uncommon Speed_Dynamics,35,0.11864406779661017,0.875,7.972881355932204
MP00006,R00091,Curvature_Geometry__x__Speed_Dynamics=Uncommon Speed_Dynamics,Curvature_Geometry__x__Speed_Dynamics,Uncommon Speed_Dynamics,Acceleration_Dynamics__x__Curvature_Geometry=Uncommon Acceleration_Dynamics;Speed_Dynamics__x__Turning_Dynamics=Uncommon Speed_Dynamics,34,0.10029498525073746,0.8717948717948718,6.912638983435444
MP00006,R00100,Curvature_Geometry__x__Speed_Dynamics=Uncommon Speed_Dynamics,Curvature_Geometry__x__Speed_Dynamics,Uncommon Speed_Dynamics,Acceleration_Dynamics__x__Curvature_Geometry=Uncommon Acceleration_Dynamics;Speed_Dynamics__x__Temporal_Sequential_Context=Uncommon Speed_Dynamics,26,0.07669616519174041,0.8666666666666667,6.871976401179942
MP00006,R00103,Speed_Dynamics__x__Turning_Dynamics=Uncommon Speed_Dynamics,Speed_Dynamics__x__Turning_Dynamics,Uncommon Speed_Dynamics,Acceleration_Dynamics__x__Turning_Dynamics=Uncommon Acceleration_Dynamics;Speed_Dynamics__x__Temporal_Sequential_Context=Uncommon Speed_Dynamics,25,0.08305647840531562,0.8620689655172413,7.698476343223736
MP00006,R00112,Speed_Dynamics__x__Turning_Dynamics=Uncommon Speed_Dynamics,Speed_Dynamics__x__Turning_Dynamics,Uncommon Speed_Dynamics,Acceleration_Dynamics__x__Turning_Dynamics=Uncommon Acceleration_Dynamics;Curvature_Geometry__x__Speed_Dynamics=Uncommon Speed_Dynamics,30,0.09966777408637874,0.8571428571428571,7.654485049833887
MP00006,R00145,Speed_Dynamics__x__Temporal_Sequential_Context=Uncommon Speed_Dynamics,Speed_Dynamics__x__Temporal_Sequential_Context,Uncommon Speed_Dynamics,Acceleration_Dynamics__x__Temporal_Sequential_Context=Uncommon Acceleration_Dynamics;Spatial_Reach_and_Route__x__Speed_Dynamics=Uncommon Speed_Dynamics,30,0.11029411764705882,0.8333333333333334,8.23529411764706
MP00006,R00188,Speed_Dynamics__x__Temporal_Sequential_Context=Uncommon Speed_Dynamics,Speed_Dynamics__x__Temporal_Sequential_Context,Uncommon Speed_Dynamics,Acceleration_Dynamics__x__Temporal_Sequential_Context=Uncommon Acceleration_Dynamics;Curvature_Geometry__x__Speed_Dynamics=Uncommon Speed_Dynamics,21,0.07720588235294118,0.8076923076923077,7.981900452488688
MP00006,R00193,Spatial_Reach_and_Route__x__Speed_Dynamics=Uncommon Speed_Dynamics,Spatial_Reach_and_Route__x__Speed_Dynamics,Uncommon Speed_Dynamics,Acceleration_Dynamics__x__Spatial_Reach_and_Route=Uncommon Acceleration_Dynamics;Speed_Dynamics__x__Turning_Dynamics=Uncommon Speed_Dynamics,25,0.0847457627118644,0.8064516129032258,7.348277747402952
MP00007,R00062,Spatial_Reach_and_Route__x__Turning_Dynamics=Uncommon Spatial_Reach_and_Route,Spatial_Reach_and_Route__x__Turning_Dynamics,Uncommon Spatial_Reach_and_Route,Acceleration_Dynamics__x__Spatial_Reach_and_Route=Uncommon Spatial_Reach_and_Route;Temporal_Sequential_Context__x__Turning_Dynamics=Uncommon Temporal_Sequential_Context,24,0.07717041800643087,0.8888888888888888,7.682743837084672
MP00007,R00078,Spatial_Reach_and_Route__x__Speed_Dynamics=Uncommon Spatial_Reach_and_Route,Spatial_Reach_and_Route__x__Speed_Dynamics,Uncommon Spatial_Reach_and_Route,Curvature_Geometry__x__Spatial_Reach_and_Route=Uncommon Spatial_Reach_and_Route;Speed_Dynamics__x__Temporal_Sequential_Context=Uncommon Temporal_Sequential_Context,35,0.13409961685823754,0.875,9.011494252873563
MP00007,R00102,Spatial_Reach_and_Route__x__Speed_Dynamics=Uncommon Spatial_Reach_and_Route,Spatial_Reach_and_Route__x__Speed_Dynamics,Uncommon Spatial_Reach_and_Route,Acceleration_Dynamics__x__Spatial_Reach_and_Route=Uncommon Spatial_Reach_and_Route;Speed_Dynamics__x__Temporal_Sequential_Context=Uncommon Temporal_Sequential_Context,25,0.09578544061302682,0.8620689655172413,8.878319460959174
MP00007,R00108,Curvature_Geometry__x__Spatial_Reach_and_Route=Uncommon Spatial_Reach_and_Route,Curvature_Geometry__x__Spatial_Reach_and_Route,Uncommon Spatial_Reach_and_Route,Curvature_Geometry__x__Temporal_Sequential_Context=Uncommon Temporal_Sequential_Context;Spatial_Reach_and_Route__x__Speed_Dynamics=Uncommon Spatial_Reach_and_Route,31,0.09538461538461539,0.8611111111111112,7.122051282051283
MP00007,R00140,Curvature_Geometry__x__Spatial_Reach_and_Route=Uncommon Spatial_Reach_and_Route,Curvature_Geometry__x__Spatial_Reach_and_Route,Uncommon Spatial_Reach_and_Route,Curvature_Geometry__x__Temporal_Sequential_Context=Uncommon Temporal_Sequential_Context;Spatial_Reach_and_Route__x__Turning_Dynamics=Uncommon Spatial_Reach_and_Route,31,0.09538461538461539,0.8378378378378378,6.92956340956341
MP00007,R00143,Spatial_Reach_and_Route__x__Speed_Dynamics=Uncommon Spatial_Reach_and_Route,Spatial_Reach_and_Route__x__Speed_Dynamics,Uncommon Spatial_Reach_and_Route,Spatial_Reach_and_Route__x__Turning_Dynamics=Uncommon Spatial_Reach_and_Route;Speed_Dynamics__x__Temporal_Sequential_Context=Uncommon Temporal_Sequential_Context,30,0.11494252873563218,0.8333333333333334,8.582375478927203
MP00007,R00149,Acceleration_Dynamics__x__Spatial_Reach_and_Route=Uncommon Spatial_Reach_and_Route,Acceleration_Dynamics__x__Spatial_Reach_and_Route,Uncommon Spatial_Reach_and_Route,Acceleration_Dynamics__x__Temporal_Sequential_Context=Uncommon Temporal_Sequential_Context;Curvature_Geometry__x__Spatial_Reach_and_Route=Uncommon Spatial_Reach_and_Route,25,0.08503401360544217,0.8333333333333334,7.6190476190476195
MP00007,R00155,Spatial_Reach_and_Route__x__Turning_Dynamics=Uncommon Spatial_Reach_and_Route,Spatial_Reach_and_Route__x__Turning_Dynamics,Uncommon Spatial_Reach_and_Route,Spatial_Reach_and_Route__x__Speed_Dynamics=Uncommon Spatial_Reach_and_Route;Temporal_Sequential_Context__x__Turning_Dynamics=Uncommon Temporal_Sequential_Context,30,0.09646302250803858,0.8333333333333334,7.202572347266881
MP00007,R00202,Acceleration_Dynamics__x__Spatial_Reach_and_Route=Uncommon Spatial_Reach_and_Route,Acceleration_Dynamics__x__Spatial_Reach_and_Route,Uncommon Spatial_Reach_and_Route,Acceleration_Dynamics__x__Temporal_Sequential_Context=Uncommon Temporal_Sequential_Context;Spatial_Reach_and_Route__x__Speed_Dynamics=Uncommon Spatial_Reach_and_Route,32,0.10884353741496598,0.8,7.314285714285715
MP00008,R00003,Temporal_Sequential_Context__x__Turning_Dynamics=Uncommon Turning_Dynamics,Temporal_Sequential_Context__x__Turning_Dynamics,Uncommon Turning_Dynamics,Acceleration_Dynamics__x__Temporal_Sequential_Context=Uncommon Acceleration_Dynamics;Curvature_Geometry__x__Turning_Dynamics=Uncommon Turning_Dynamics,26,0.08552631578947369,1.0,8.842105263157894
MP00008,R00024,Spatial_Reach_and_Route__x__Turning_Dynamics=Uncommon Turning_Dynamics,Spatial_Reach_and_Route__x__Turning_Dynamics,Uncommon Turning_Dynamics,Acceleration_Dynamics__x__Spatial_Reach_and_Route=Uncommon Acceleration_Dynamics;Temporal_Sequential_Context__x__Turning_Dynamics=Uncommon Turning_Dynamics,35,0.10542168674698796,0.9210526315789473,7.4571972098921995
MP00008,R00050,Curvature_Geometry__x__Turning_Dynamics=Uncommon Turning_Dynamics,Curvature_Geometry__x__Turning_Dynamics,Uncommon Turning_Dynamics,Acceleration_Dynamics__x__Curvature_Geometry=Uncommon Acceleration_Dynamics;Temporal_Sequential_Context__x__Turning_Dynamics=Uncommon Turning_Dynamics,26,0.0804953560371517,0.896551724137931,7.4610867940642684
MP00008,R00077,Curvature_Geometry__x__Turning_Dynamics=Uncommon Turning_Dynamics,Curvature_Geometry__x__Turning_Dynamics,Uncommon Turning_Dynamics,Acceleration_Dynamics__x__Curvature_Geometry=Uncommon Acceleration_Dynamics;Spatial_Reach_and_Route__x__Turning_Dynamics=Uncommon Turning_Dynamics,36,0.11145510835913312,0.8780487804878049,7.30710564071585
MP00008,R00118,Temporal_Sequential_Context__x__Turning_Dynamics=Uncommon Turning_Dynamics,Temporal_Sequential_Context__x__Turning_Dynamics,Uncommon Turning_Dynamics,Acceleration_Dynamics__x__Temporal_Sequential_Context=Uncommon Acceleration_Dynamics;Spatial_Reach_and_Route__x__Turning_Dynamics=Uncommon Turning_Dynamics,35,0.11513157894736842,0.8536585365853658,7.548138639281129
MP00008,R00120,Spatial_Reach_and_Route__x__Turning_Dynamics=Uncommon Turning_Dynamics,Spatial_Reach_and_Route__x__Turning_Dynamics,Uncommon Turning_Dynamics,Acceleration_Dynamics__x__Spatial_Reach_and_Route=Uncommon Acceleration_Dynamics;Curvature_Geometry__x__Turning_Dynamics=Uncommon Turning_Dynamics,34,0.10240963855421686,0.85,6.881927710843373
MP00008,R00123,Temporal_Sequential_Context__x__Turning_Dynamics=Uncommon Turning_Dynamics,Temporal_Sequential_Context__x__Turning_Dynamics,Uncommon Turning_Dynamics,Acceleration_Dynamics__x__Temporal_Sequential_Context=Uncommon Acceleration_Dynamics;Speed_Dynamics__x__Turning_Dynamics=Uncommon Turning_Dynamics,28,0.09210526315789473,0.8484848484848485,7.502392344497608
MP00008,R00165,Speed_Dynamics__x__Turning_Dynamics=Uncommon Turning_Dynamics,Speed_Dynamics__x__Turning_Dynamics,Uncommon Turning_Dynamics,Acceleration_Dynamics__x__Speed_Dynamics=Uncommon Acceleration_Dynamics;Temporal_Sequential_Context__x__Turning_Dynamics=Uncommon Turning_Dynamics,24,0.07973421926910298,0.8275862068965517,7.390537289494787
MP00008,R00196,Speed_Dynamics__x__Turning_Dynamics=Uncommon Turning_Dynamics,Speed_Dynamics__x__Turning_Dynamics,Uncommon Turning_Dynamics,Acceleration_Dynamics__x__Speed_Dynamics=Uncommon Acceleration_Dynamics;Spatial_Reach_and_Route__x__Turning_Dynamics=Uncommon Turning_Dynamics,29,0.09634551495016612,0.8055555555555556,7.1937984496124034
MP00008,R00197,Spatial_Reach_and_Route__x__Turning_Dynamics=Uncommon Turning_Dynamics,Spatial_Reach_and_Route__x__Turning_Dynamics,Uncommon Turning_Dynamics,Acceleration_Dynamics__x__Spatial_Reach_and_Route=Uncommon Acceleration_Dynamics;Speed_Dynamics__x__Turning_Dynamics=Uncommon Turning_Dynamics,29,0.08734939759036145,0.8055555555555556,6.522088353413655
MP00009,R00017,Curvature_Geometry__x__Temporal_Sequential_Context=Uncommon Temporal_Sequential_Context,Curvature_Geometry__x__Temporal_Sequential_Context,Uncommon Temporal_Sequential_Context,Curvature_Geometry__x__Speed_Dynamics=Uncommon Speed_Dynamics;Spatial_Reach_and_Route__x__Temporal_Sequential_Context=Uncommon Temporal_Sequential_Context,27,0.08463949843260188,0.9310344827586207,7.845205923683926
MP00009,R00032,Spatial_Reach_and_Route__x__Temporal_Sequential_Context=Uncommon Temporal_Sequential_Context,Spatial_Reach_and_Route__x__Temporal_Sequential_Context,Uncommon Temporal_Sequential_Context,Spatial_Reach_and_Route__x__Speed_Dynamics=Uncommon Speed_Dynamics;Temporal_Sequential_Context__x__Turning_Dynamics=Uncommon Temporal_Sequential_Context,21,0.08823529411764706,0.9130434782608695,10.312020460358054
MP00009,R00065,Acceleration_Dynamics__x__Temporal_Sequential_Context=Uncommon Temporal_Sequential_Context,Acceleration_Dynamics__x__Temporal_Sequential_Context,Uncommon Temporal_Sequential_Context,Acceleration_Dynamics__x__Speed_Dynamics=Uncommon Speed_Dynamics;Temporal_Sequential_Context__x__Turning_Dynamics=Uncommon Temporal_Sequential_Context,23,0.09055118110236221,0.8846153846153846,9.36159903089037
MP00009,R00122,Spatial_Reach_and_Route__x__Temporal_Sequential_Context=Uncommon Temporal_Sequential_Context,Spatial_Reach_and_Route__x__Temporal_Sequential_Context,Uncommon Temporal_Sequential_Context,Curvature_Geometry__x__Temporal_Sequential_Context=Uncommon Temporal_Sequential_Context;Spatial_Reach_and_Route__x__Speed_Dynamics=Uncommon Speed_Dynamics,28,0.11764705882352941,0.8484848484848485,9.582887700534759
MP00009,R00125,Acceleration_Dynamics__x__Temporal_Sequential_Context=Uncommon Temporal_Sequential_Context,Acceleration_Dynamics__x__Temporal_Sequential_Context,Uncommon Temporal_Sequential_Context,Acceleration_Dynamics__x__Speed_Dynamics=Uncommon Speed_Dynamics;Curvature_Geometry__x__Temporal_Sequential_Context=Uncommon Temporal_Sequential_Context,22,0.08661417322834646,0.8461538461538461,8.95457298606905
MP00009,R00166,Curvature_Geometry__x__Temporal_Sequential_Context=Uncommon Temporal_Sequential_Context,Curvature_Geometry__x__Temporal_Sequential_Context,Uncommon Temporal_Sequential_Context,Curvature_Geometry__x__Speed_Dynamics=Uncommon Speed_Dynamics;Temporal_Sequential_Context__x__Turning_Dynamics=Uncommon Temporal_Sequential_Context,24,0.07523510971786834,0.8275862068965517,6.973516376607934
MP00009,R00201,Temporal_Sequential_Context__x__Turning_Dynamics=Uncommon Temporal_Sequential_Context,Temporal_Sequential_Context__x__Turning_Dynamics,Uncommon Temporal_Sequential_Context,Acceleration_Dynamics__x__Temporal_Sequential_Context=Uncommon Temporal_Sequential_Context;Speed_Dynamics__x__Turning_Dynamics=Uncommon Speed_Dynamics,24,0.08450704225352113,0.8,7.5718309859154935
MP00010,R00002,Acceleration_Dynamics__x__Turning_Dynamics=Uncommon Turning_Dynamics,Acceleration_Dynamics__x__Turning_Dynamics,Uncommon Turning_Dynamics,Acceleration_Dynamics__x__Temporal_Sequential_Context=Uncommon Temporal_Sequential_Context;Spatial_Reach_and_Route__x__Turning_Dynamics=Uncommon Turning_Dynamics,22,0.0738255033557047,1.0,9.02013422818792
MP00010,R00027,Speed_Dynamics__x__Turning_Dynamics=Uncommon Turning_Dynamics,Speed_Dynamics__x__Turning_Dynamics,Uncommon Turning_Dynamics,Spatial_Reach_and_Route__x__Turning_Dynamics=Uncommon Turning_Dynamics;Speed_Dynamics__x__Temporal_Sequential_Context=Uncommon Temporal_Sequential_Context,23,0.07641196013289037,0.92,8.215813953488372
MP00010,R00030,Acceleration_Dynamics__x__Turning_Dynamics=Uncommon Turning_Dynamics,Acceleration_Dynamics__x__Turning_Dynamics,Uncommon Turning_Dynamics,Acceleration_Dynamics__x__Temporal_Sequential_Context=Uncommon Temporal_Sequential_Context;Speed_Dynamics__x__Turning_Dynamics=Uncommon Turning_Dynamics,22,0.0738255033557047,0.9166666666666666,8.268456375838927
MP00010,R00034,Speed_Dynamics__x__Turning_Dynamics=Uncommon Turning_Dynamics,Speed_Dynamics__x__Turning_Dynamics,Uncommon Turning_Dynamics,Acceleration_Dynamics__x__Turning_Dynamics=Uncommon Turning_Dynamics;Speed_Dynamics__x__Temporal_Sequential_Context=Uncommon Temporal_Sequential_Context,21,0.06976744186046512,0.9130434782608695,8.153690596562184
MP00010,R00076,Curvature_Geometry__x__Turning_Dynamics=Uncommon Turning_Dynamics,Curvature_Geometry__x__Turning_Dynamics,Uncommon Turning_Dynamics,Curvature_Geometry__x__Temporal_Sequential_Context=Uncommon Temporal_Sequential_Context;Spatial_Reach_and_Route__x__Turning_Dynamics=Uncommon Turning_Dynamics,29,0.08978328173374613,0.8787878787878788,7.313256403039684
MP00010,R00116,Spatial_Reach_and_Route__x__Turning_Dynamics=Uncommon Turning_Dynamics,Spatial_Reach_and_Route__x__Turning_Dynamics,Uncommon Turning_Dynamics,Acceleration_Dynamics__x__Turning_Dynamics=Uncommon Turning_Dynamics;Spatial_Reach_and_Route__x__Temporal_Sequential_Context=Uncommon Temporal_Sequential_Context,24,0.07228915662650602,0.8571428571428571,6.939759036144578
MP00010,R00124,Spatial_Reach_and_Route__x__Turning_Dynamics=Uncommon Turning_Dynamics,Spatial_Reach_and_Route__x__Turning_Dynamics,Uncommon Turning_Dynamics,Spatial_Reach_and_Route__x__Temporal_Sequential_Context=Uncommon Temporal_Sequential_Context;Speed_Dynamics__x__Turning_Dynamics=Uncommon Turning_Dynamics,28,0.08433734939759036,0.8484848484848485,6.869660460021906
MP00010,R00134,Spatial_Reach_and_Route__x__Turning_Dynamics=Uncommon Turning_Dynamics,Spatial_Reach_and_Route__x__Turning_Dynamics,Uncommon Turning_Dynamics,Curvature_Geometry__x__Turning_Dynamics=Uncommon Turning_Dynamics;Spatial_Reach_and_Route__x__Temporal_Sequential_Context=Uncommon Temporal_Sequential_Context,27,0.08132530120481928,0.84375,6.831325301204819
MP00011,R00048,Acceleration_Dynamics__x__Temporal_Sequential_Context=Uncommon Acceleration_Dynamics,Acceleration_Dynamics__x__Temporal_Sequential_Context,Uncommon Acceleration_Dynamics,Acceleration_Dynamics__x__Curvature_Geometry=Uncommon Acceleration_Dynamics;Temporal_Sequential_Context__x__Turning_Dynamics=Uncommon Turning_Dynamics,26,0.12206572769953052,0.896551724137931,11.314230208839243
MP00011,R00067,Acceleration_Dynamics__x__Curvature_Geometry=Uncommon Acceleration_Dynamics,Acceleration_Dynamics__x__Curvature_Geometry,Uncommon Acceleration_Dynamics,Acceleration_Dynamics__x__Temporal_Sequential_Context=Uncommon Acceleration_Dynamics;Curvature_Geometry__x__Turning_Dynamics=Uncommon Turning_Dynamics,23,0.06845238095238096,0.8846153846153846,7.076923076923077
MP00011,R00101,Acceleration_Dynamics__x__Temporal_Sequential_Context=Uncommon Acceleration_Dynamics,Acceleration_Dynamics__x__Temporal_Sequential_Context,Uncommon Acceleration_Dynamics,Acceleration_Dynamics__x__Speed_Dynamics=Uncommon Acceleration_Dynamics;Temporal_Sequential_Context__x__Turning_Dynamics=Uncommon Turning_Dynamics,25,0.11737089201877934,0.8620689655172413,10.879067508499272
MP00011,R00169,Acceleration_Dynamics__x__Curvature_Geometry=Uncommon Acceleration_Dynamics,Acceleration_Dynamics__x__Curvature_Geometry,Uncommon Acceleration_Dynamics,Acceleration_Dynamics__x__Spatial_Reach_and_Route=Uncommon Acceleration_Dynamics;Curvature_Geometry__x__Turning_Dynamics=Uncommon Turning_Dynamics,33,0.09821428571428571,0.825,6.6
MP00011,R00173,Acceleration_Dynamics__x__Curvature_Geometry=Uncommon Acceleration_Dynamics,Acceleration_Dynamics__x__Curvature_Geometry,Uncommon Acceleration_Dynamics,Acceleration_Dynamics__x__Speed_Dynamics=Uncommon Acceleration_Dynamics;Curvature_Geometry__x__Turning_Dynamics=Uncommon Turning_Dynamics,23,0.06845238095238096,0.8214285714285714,6.571428571428571
MP00011,R00194,Acceleration_Dynamics__x__Speed_Dynamics=Uncommon Acceleration_Dynamics,Acceleration_Dynamics__x__Speed_Dynamics,Uncommon Acceleration_Dynamics,Acceleration_Dynamics__x__Spatial_Reach_and_Route=Uncommon Acceleration_Dynamics;Speed_Dynamics__x__Turning_Dynamics=Uncommon Turning_Dynamics,29,0.10622710622710622,0.8055555555555556,7.931623931623932
MP00011,R00195,Acceleration_Dynamics__x__Spatial_Reach_and_Route=Uncommon Acceleration_Dynamics,Acceleration_Dynamics__x__Spatial_Reach_and_Route,Uncommon Acceleration_Dynamics,Acceleration_Dynamics__x__Speed_Dynamics=Uncommon Acceleration_Dynamics;Spatial_Reach_and_Route__x__Turning_Dynamics=Uncommon Turning_Dynamics,29,0.09830508474576272,0.8055555555555556,7.3401129943502825
MP00011,R00198,Acceleration_Dynamics__x__Spatial_Reach_and_Route=Uncommon Acceleration_Dynamics,Acceleration_Dynamics__x__Spatial_Reach_and_Route,Uncommon Acceleration_Dynamics,Acceleration_Dynamics__x__Temporal_Sequential_Context=Uncommon Acceleration_Dynamics;Spatial_Reach_and_Route__x__Turning_Dynamics=Uncommon Turning_Dynamics,33,0.11186440677966102,0.8048780487804879,7.333939644481191
MP00012,R00015,Speed_Dynamics__x__Turning_Dynamics=Uncommon Turning_Dynamics,Speed_Dynamics__x__Turning_Dynamics,Uncommon Turning_Dynamics,Curvature_Geometry__x__Speed_Dynamics=Uncommon Curvature_Geometry;Temporal_Sequential_Context__x__Turning_Dynamics=Uncommon Turning_Dynamics,44,0.1461794019933555,0.9361702127659575,8.36021771400297
MP00012,R00083,Speed_Dynamics__x__Turning_Dynamics=Uncommon Turning_Dynamics,Speed_Dynamics__x__Turning_Dynamics,Uncommon Turning_Dynamics,Acceleration_Dynamics__x__Turning_Dynamics=Uncommon Turning_Dynamics;Curvature_Geometry__x__Speed_Dynamics=Uncommon Curvature_Geometry,42,0.13953488372093023,0.875,7.813953488372093
MP00012,R00086,Speed_Dynamics__x__Turning_Dynamics=Uncommon Turning_Dynamics,Speed_Dynamics__x__Turning_Dynamics,Uncommon Turning_Dynamics,Curvature_Geometry__x__Speed_Dynamics=Uncommon Curvature_Geometry;Spatial_Reach_and_Route__x__Turning_Dynamics=Uncommon Turning_Dynamics,48,0.15946843853820597,0.8727272727272727,7.793657505285411
MP00012,R00113,Temporal_Sequential_Context__x__Turning_Dynamics=Uncommon Turning_Dynamics,Temporal_Sequential_Context__x__Turning_Dynamics,Uncommon Turning_Dynamics,Curvature_Geometry__x__Temporal_Sequential_Context=Uncommon Curvature_Geometry;Speed_Dynamics__x__Turning_Dynamics=Uncommon Turning_Dynamics,42,0.13815789473684212,0.8571428571428571,7.578947368421052
MP00012,R00117,Spatial_Reach_and_Route__x__Turning_Dynamics=Uncommon Turning_Dynamics,Spatial_Reach_and_Route__x__Turning_Dynamics,Uncommon Turning_Dynamics,Curvature_Geometry__x__Spatial_Reach_and_Route=Uncommon Curvature_Geometry;Speed_Dynamics__x__Turning_Dynamics=Uncommon Turning_Dynamics,47,0.14156626506024098,0.8545454545454545,6.918729463307776
MP00012,R00121,Spatial_Reach_and_Route__x__Turning_Dynamics=Uncommon Turning_Dynamics,Spatial_Reach_and_Route__x__Turning_Dynamics,Uncommon Turning_Dynamics,Curvature_Geometry__x__Spatial_Reach_and_Route=Uncommon Curvature_Geometry;Temporal_Sequential_Context__x__Turning_Dynamics=Uncommon Turning_Dynamics,45,0.1355421686746988,0.8490566037735849,6.87428961127529
MP00012,R00159,Temporal_Sequential_Context__x__Turning_Dynamics=Uncommon Turning_Dynamics,Temporal_Sequential_Context__x__Turning_Dynamics,Uncommon Turning_Dynamics,Curvature_Geometry__x__Temporal_Sequential_Context=Uncommon Curvature_Geometry;Spatial_Reach_and_Route__x__Turning_Dynamics=Uncommon Turning_Dynamics,44,0.14473684210526316,0.8301886792452831,7.340615690168819
MP00012,R00181,Spatial_Reach_and_Route__x__Turning_Dynamics=Uncommon Turning_Dynamics,Spatial_Reach_and_Route__x__Turning_Dynamics,Uncommon Turning_Dynamics,Acceleration_Dynamics__x__Turning_Dynamics=Uncommon Turning_Dynamics;Curvature_Geometry__x__Spatial_Reach_and_Route=Uncommon Curvature_Geometry,35,0.10542168674698796,0.813953488372093,6.590081255253573
MP00013,R00014,Curvature_Geometry__x__Speed_Dynamics=Uncommon Curvature_Geometry,Curvature_Geometry__x__Speed_Dynamics,Uncommon Curvature_Geometry,Acceleration_Dynamics__x__Curvature_Geometry=Uncommon Curvature_Geometry;Speed_Dynamics__x__Turning_Dynamics=Uncommon Turning_Dynamics,45,0.13677811550151975,0.9375,7.659574468085107
MP00013,R00063,Curvature_Geometry__x__Spatial_Reach_and_Route=Uncommon Curvature_Geometry,Curvature_Geometry__x__Spatial_Reach_and_Route,Uncommon Curvature_Geometry,Curvature_Geometry__x__Temporal_Sequential_Context=Uncommon Curvature_Geometry;Spatial_Reach_and_Route__x__Turning_Dynamics=Uncommon Turning_Dynamics,47,0.14641744548286603,0.8867924528301887,7.425850819961206
MP00013,R00095,Curvature_Geometry__x__Temporal_Sequential_Context=Uncommon Curvature_Geometry,Curvature_Geometry__x__Temporal_Sequential_Context,Uncommon Curvature_Geometry,Curvature_Geometry__x__Spatial_Reach_and_Route=Uncommon Curvature_Geometry;Temporal_Sequential_Context__x__Turning_Dynamics=Uncommon Turning_Dynamics,46,0.1464968152866242,0.8679245283018868,7.429876216800865
MP00013,R00115,Acceleration_Dynamics__x__Curvature_Geometry=Uncommon Curvature_Geometry,Acceleration_Dynamics__x__Curvature_Geometry,Uncommon Curvature_Geometry,Acceleration_Dynamics__x__Turning_Dynamics=Uncommon Turning_Dynamics;Curvature_Geometry__x__Temporal_Sequential_Context=Uncommon Curvature_Geometry,30,0.09090909090909091,0.8571428571428571,6.9818181818181815
MP00013,R00142,Curvature_Geometry__x__Speed_Dynamics=Uncommon Curvature_Geometry,Curvature_Geometry__x__Speed_Dynamics,Uncommon Curvature_Geometry,Curvature_Geometry__x__Temporal_Sequential_Context=Uncommon Curvature_Geometry;Speed_Dynamics__x__Turning_Dynamics=Uncommon Turning_Dynamics,41,0.12462006079027356,0.8367346938775511,6.836300477637864
MP00013,R00158,Acceleration_Dynamics__x__Curvature_Geometry=Uncommon Curvature_Geometry,Acceleration_Dynamics__x__Curvature_Geometry,Uncommon Curvature_Geometry,Acceleration_Dynamics__x__Turning_Dynamics=Uncommon Turning_Dynamics;Curvature_Geometry__x__Speed_Dynamics=Uncommon Curvature_Geometry,40,0.12121212121212122,0.8333333333333334,6.787878787878788
MP00013,R00177,Curvature_Geometry__x__Speed_Dynamics=Uncommon Curvature_Geometry,Curvature_Geometry__x__Speed_Dynamics,Uncommon Curvature_Geometry,Curvature_Geometry__x__Spatial_Reach_and_Route=Uncommon Curvature_Geometry;Speed_Dynamics__x__Turning_Dynamics=Uncommon Turning_Dynamics,45,0.13677811550151975,0.8181818181818182,6.684719535783366
MP00013,R00187,Curvature_Geometry__x__Temporal_Sequential_Context=Uncommon Curvature_Geometry,Curvature_Geometry__x__Temporal_Sequential_Context,Uncommon Curvature_Geometry,Acceleration_Dynamics__x__Curvature_Geometry=Uncommon Curvature_Geometry;Temporal_Sequential_Context__x__Turning_Dynamics=Uncommon Turning_Dynamics,34,0.10828025477707007,0.8095238095238095,6.929936305732484
MP00013,R00203,Curvature_Geometry__x__Spatial_Reach_and_Route=Uncommon Curvature_Geometry,Curvature_Geometry__x__Spatial_Reach_and_Route,Uncommon Curvature_Geometry,Curvature_Geometry__x__Speed_Dynamics=Uncommon Curvature_Geometry;Spatial_Reach_and_Route__x__Turning_Dynamics=Uncommon Turning_Dynamics,44,0.13707165109034267,0.8,6.699065420560748
MP00014,R00004,Curvature_Geometry__x__Spatial_Reach_and_Route=Uncommon Curvature_Geometry,Curvature_Geometry__x__Spatial_Reach_and_Route,Uncommon Curvature_Geometry,Curvature_Geometry__x__Turning_Dynamics=Uncommon Curvature_Geometry;Spatial_Reach_and_Route__x__Temporal_Sequential_Context=Uncommon Temporal_Sequential_Context,21,0.06542056074766354,1.0,8.373831775700934
MP00014,R00061,Curvature_Geometry__x__Turning_Dynamics=Uncommon Curvature_Geometry,Curvature_Geometry__x__Turning_Dynamics,Uncommon Curvature_Geometry,Acceleration_Dynamics__x__Curvature_Geometry=Uncommon Curvature_Geometry;Temporal_Sequential_Context__x__Turning_Dynamics=Uncommon Temporal_Sequential_Context,24,0.07741935483870968,0.8888888888888888,7.70752688172043
MP00014,R00093,Acceleration_Dynamics__x__Curvature_Geometry=Uncommon Curvature_Geometry,Acceleration_Dynamics__x__Curvature_Geometry,Uncommon Curvature_Geometry,Acceleration_Dynamics__x__Temporal_Sequential_Context=Uncommon Temporal_Sequential_Context;Curvature_Geometry__x__Speed_Dynamics=Uncommon Curvature_Geometry,27,0.08181818181818182,0.8709677419354839,7.094428152492669
MP00014,R00094,Acceleration_Dynamics__x__Curvature_Geometry=Uncommon Curvature_Geometry,Acceleration_Dynamics__x__Curvature_Geometry,Uncommon Curvature_Geometry,Acceleration_Dynamics__x__Temporal_Sequential_Context=Uncommon Temporal_Sequential_Context;Curvature_Geometry__x__Spatial_Reach_and_Route=Uncommon Curvature_Geometry,20,0.06060606060606061,0.8695652173913043,7.08300395256917
MP00014,R00097,Curvature_Geometry__x__Spatial_Reach_and_Route=Uncommon Curvature_Geometry,Curvature_Geometry__x__Spatial_Reach_and_Route,Uncommon Curvature_Geometry,Curvature_Geometry__x__Speed_Dynamics=Uncommon Curvature_Geometry;Spatial_Reach_and_Route__x__Temporal_Sequential_Context=Uncommon Temporal_Sequential_Context,26,0.08099688473520249,0.8666666666666667,7.257320872274144
MP00014,R00099,Curvature_Geometry__x__Speed_Dynamics=Uncommon Curvature_Geometry,Curvature_Geometry__x__Speed_Dynamics,Uncommon Curvature_Geometry,Acceleration_Dynamics__x__Curvature_Geometry=Uncommon Curvature_Geometry;Speed_Dynamics__x__Temporal_Sequential_Context=Uncommon Temporal_Sequential_Context,26,0.0790273556231003,0.8666666666666667,7.080851063829788
MP00014,R00133,Curvature_Geometry__x__Speed_Dynamics=Uncommon Curvature_Geometry,Curvature_Geometry__x__Speed_Dynamics,Uncommon Curvature_Geometry,Curvature_Geometry__x__Spatial_Reach_and_Route=Uncommon Curvature_Geometry;Speed_Dynamics__x__Temporal_Sequential_Context=Uncommon Temporal_Sequential_Context,27,0.08206686930091185,0.84375,6.893617021276596
MP00014,R00135,Curvature_Geometry__x__Turning_Dynamics=Uncommon Curvature_Geometry,Curvature_Geometry__x__Turning_Dynamics,Uncommon Curvature_Geometry,Curvature_Geometry__x__Speed_Dynamics=Uncommon Curvature_Geometry;Temporal_Sequential_Context__x__Turning_Dynamics=Uncommon Temporal_Sequential_Context,21,0.06774193548387097,0.84,7.283612903225806
MP00015,R00009,Curvature_Geometry__x__Spatial_Reach_and_Route=Uncommon Curvature_Geometry,Curvature_Geometry__x__Spatial_Reach_and_Route,Uncommon Curvature_Geometry,Acceleration_Dynamics__x__Spatial_Reach_and_Route=Uncommon Acceleration_Dynamics;Curvature_Geometry__x__Temporal_Sequential_Context=Uncommon Curvature_Geometry,37,0.11526479750778816,0.9487179487179487,7.944404505152168
MP00015,R00020,Curvature_Geometry__x__Turning_Dynamics=Uncommon Curvature_Geometry,Curvature_Geometry__x__Turning_Dynamics,Uncommon Curvature_Geometry,Acceleration_Dynamics__x__Turning_Dynamics=Uncommon Acceleration_Dynamics;Curvature_Geometry__x__Temporal_Sequential_Context=Uncommon Curvature_Geometry,26,0.08387096774193549,0.9285714285714286,8.051612903225806
MP00015,R00066,Curvature_Geometry__x__Temporal_Sequential_Context=Uncommon Curvature_Geometry,Curvature_Geometry__x__Temporal_Sequential_Context,Uncommon Curvature_Geometry,Acceleration_Dynamics__x__Temporal_Sequential_Context=Uncommon Acceleration_Dynamics;Curvature_Geometry__x__Speed_Dynamics=Uncommon Curvature_Geometry,23,0.0732484076433121,0.8846153846153846,7.572758451739343
MP00015,R00069,Curvature_Geometry__x__Speed_Dynamics=Uncommon Curvature_Geometry,Curvature_Geometry__x__Speed_Dynamics,Uncommon Curvature_Geometry,Acceleration_Dynamics__x__Speed_Dynamics=Uncommon Acceleration_Dynamics;Curvature_Geometry__x__Spatial_Reach_and_Route=Uncommon Curvature_Geometry,30,0.0911854103343465,0.8823529411764706,7.2090112640801
MP00015,R00089,Curvature_Geometry__x__Temporal_Sequential_Context=Uncommon Curvature_Geometry,Curvature_Geometry__x__Temporal_Sequential_Context,Uncommon Curvature_Geometry,Acceleration_Dynamics__x__Temporal_Sequential_Context=Uncommon Acceleration_Dynamics;Curvature_Geometry__x__Spatial_Reach_and_Route=Uncommon Curvature_Geometry,34,0.10828025477707007,0.8717948717948718,7.463008329250368
MP00015,R00106,Curvature_Geometry__x__Speed_Dynamics=Uncommon Curvature_Geometry,Curvature_Geometry__x__Speed_Dynamics,Uncommon Curvature_Geometry,Acceleration_Dynamics__x__Speed_Dynamics=Uncommon Acceleration_Dynamics;Curvature_Geometry__x__Temporal_Sequential_Context=Uncommon Curvature_Geometry,25,0.07598784194528875,0.8620689655172413,7.043286867204696
MP00015,R00157,Curvature_Geometry__x__Spatial_Reach_and_Route=Uncommon Curvature_Geometry,Curvature_Geometry__x__Spatial_Reach_and_Route,Uncommon Curvature_Geometry,Acceleration_Dynamics__x__Spatial_Reach_and_Route=Uncommon Acceleration_Dynamics;Curvature_Geometry__x__Speed_Dynamics=Uncommon Curvature_Geometry,30,0.09345794392523364,0.8333333333333334,6.978193146417445
MP00015,R00191,Curvature_Geometry__x__Turning_Dynamics=Uncommon Curvature_Geometry,Curvature_Geometry__x__Turning_Dynamics,Uncommon Curvature_Geometry,Acceleration_Dynamics__x__Turning_Dynamics=Uncommon Acceleration_Dynamics;Curvature_Geometry__x__Spatial_Reach_and_Route=Uncommon Curvature_Geometry,21,0.06774193548387097,0.8076923076923077,7.0034739454094295
MP00016,R00018,Curvature_Geometry__x__Spatial_Reach_and_Route=Uncommon Curvature_Geometry,Curvature_Geometry__x__Spatial_Reach_and_Route,Uncommon Curvature_Geometry,Acceleration_Dynamics__x__Curvature_Geometry=Uncommon Curvature_Geometry;Spatial_Reach_and_Route__x__Speed_Dynamics=Uncommon Speed_Dynamics,27,0.08411214953271028,0.9310344827586207,7.796326135997421
MP00016,R00057,Curvature_Geometry__x__Temporal_Sequential_Context=Uncommon Curvature_Geometry,Curvature_Geometry__x__Temporal_Sequential_Context,Uncommon Curvature_Geometry,Curvature_Geometry__x__Spatial_Reach_and_Route=Uncommon Curvature_Geometry;Speed_Dynamics__x__Temporal_Sequential_Context=Uncommon Speed_Dynamics,33,0.10509554140127389,0.8918918918918919,7.635049061800654
MP00016,R00060,Curvature_Geometry__x__Turning_Dynamics=Uncommon Curvature_Geometry,Curvature_Geometry__x__Turning_Dynamics,Uncommon Curvature_Geometry,Acceleration_Dynamics__x__Curvature_Geometry=Uncommon Curvature_Geometry;Speed_Dynamics__x__Turning_Dynamics=Uncommon Speed_Dynamics,32,0.1032258064516129,0.8888888888888888,7.70752688172043
MP00016,R00074,Curvature_Geometry__x__Temporal_Sequential_Context=Uncommon Curvature_Geometry,Curvature_Geometry__x__Temporal_Sequential_Context,Uncommon Curvature_Geometry,Acceleration_Dynamics__x__Curvature_Geometry=Uncommon Curvature_Geometry;Speed_Dynamics__x__Temporal_Sequential_Context=Uncommon Speed_Dynamics,29,0.09235668789808917,0.8787878787878788,7.522872032426172
MP00016,R00090,Curvature_Geometry__x__Spatial_Reach_and_Route=Uncommon Curvature_Geometry,Curvature_Geometry__x__Spatial_Reach_and_Route,Uncommon Curvature_Geometry,Curvature_Geometry__x__Temporal_Sequential_Context=Uncommon Curvature_Geometry;Spatial_Reach_and_Route__x__Speed_Dynamics=Uncommon Speed_Dynamics,34,0.1059190031152648,0.8717948717948718,7.3002635993290195
MP00016,R00098,Curvature_Geometry__x__Spatial_Reach_and_Route=Uncommon Curvature_Geometry,Curvature_Geometry__x__Spatial_Reach_and_Route,Uncommon Curvature_Geometry,Curvature_Geometry__x__Turning_Dynamics=Uncommon Curvature_Geometry;Spatial_Reach_and_Route__x__Speed_Dynamics=Uncommon Speed_Dynamics,26,0.08099688473520249,0.8666666666666667,7.257320872274144
MP00016,R00184,Acceleration_Dynamics__x__Curvature_Geometry=Uncommon Curvature_Geometry,Acceleration_Dynamics__x__Curvature_Geometry,Uncommon Curvature_Geometry,Acceleration_Dynamics__x__Speed_Dynamics=Uncommon Speed_Dynamics;Curvature_Geometry__x__Spatial_Reach_and_Route=Uncommon Curvature_Geometry,26,0.07878787878787878,0.8125,6.618181818181818
MP00017,R00019,Curvature_Geometry__x__Speed_Dynamics=Uncommon Speed_Dynamics,Curvature_Geometry__x__Speed_Dynamics,Uncommon Speed_Dynamics,Curvature_Geometry__x__Spatial_Reach_and_Route=Uncommon Spatial_Reach_and_Route;Speed_Dynamics__x__Temporal_Sequential_Context=Uncommon Speed_Dynamics,27,0.07964601769911504,0.9310344827586207,7.382361916386939
MP00017,R00026,Acceleration_Dynamics__x__Speed_Dynamics=Uncommon Speed_Dynamics,Acceleration_Dynamics__x__Speed_Dynamics,Uncommon Speed_Dynamics,Acceleration_Dynamics__x__Spatial_Reach_and_Route=Uncommon Spatial_Reach_and_Route;Curvature_Geometry__x__Speed_Dynamics=Uncommon Speed_Dynamics,23,0.07849829351535836,0.92,8.44013651877133
MP00017,R00040,Speed_Dynamics__x__Turning_Dynamics=Uncommon Speed_Dynamics,Speed_Dynamics__x__Turning_Dynamics,Uncommon Speed_Dynamics,Curvature_Geometry__x__Speed_Dynamics=Uncommon Speed_Dynamics;Spatial_Reach_and_Route__x__Turning_Dynamics=Uncommon Spatial_Reach_and_Route,28,0.09302325581395349,0.9032258064516129,8.066016504126031
MP00017,R00068,Speed_Dynamics__x__Turning_Dynamics=Uncommon Speed_Dynamics,Speed_Dynamics__x__Turning_Dynamics,Uncommon Speed_Dynamics,Acceleration_Dynamics__x__Speed_Dynamics=Uncommon Speed_Dynamics;Spatial_Reach_and_Route__x__Turning_Dynamics=Uncommon Spatial_Reach_and_Route,30,0.09966777408637874,0.8823529411764706,7.8796169630642945
MP00017,R00141,Curvature_Geometry__x__Speed_Dynamics=Uncommon Speed_Dynamics,Curvature_Geometry__x__Speed_Dynamics,Uncommon Speed_Dynamics,Curvature_Geometry__x__Spatial_Reach_and_Route=Uncommon Spatial_Reach_and_Route;Speed_Dynamics__x__Turning_Dynamics=Uncommon Speed_Dynamics,31,0.09144542772861357,0.8378378378378378,6.64338674958144
MP00017,R00167,Curvature_Geometry__x__Speed_Dynamics=Uncommon Speed_Dynamics,Curvature_Geometry__x__Speed_Dynamics,Uncommon Speed_Dynamics,Acceleration_Dynamics__x__Speed_Dynamics=Uncommon Speed_Dynamics;Curvature_Geometry__x__Spatial_Reach_and_Route=Uncommon Spatial_Reach_and_Route,24,0.07079646017699115,0.8275862068965517,6.562099481232835
MP00017,R00180,Speed_Dynamics__x__Turning_Dynamics=Uncommon Speed_Dynamics,Speed_Dynamics__x__Turning_Dynamics,Uncommon Speed_Dynamics,Spatial_Reach_and_Route__x__Turning_Dynamics=Uncommon Spatial_Reach_and_Route;Speed_Dynamics__x__Temporal_Sequential_Context=Uncommon Speed_Dynamics,22,0.07308970099667775,0.8148148148148148,7.276485788113694
MP00018,R00110,Speed_Dynamics__x__Temporal_Sequential_Context=Uncommon Speed_Dynamics,Speed_Dynamics__x__Temporal_Sequential_Context,Uncommon Speed_Dynamics,Spatial_Reach_and_Route__x__Speed_Dynamics=Uncommon Speed_Dynamics;Temporal_Sequential_Context__x__Turning_Dynamics=Uncommon Turning_Dynamics,30,0.11029411764705882,0.8571428571428571,8.470588235294118
MP00018,R00111,Acceleration_Dynamics__x__Speed_Dynamics=Uncommon Speed_Dynamics,Acceleration_Dynamics__x__Speed_Dynamics,Uncommon Speed_Dynamics,Acceleration_Dynamics__x__Turning_Dynamics=Uncommon Turning_Dynamics;Speed_Dynamics__x__Temporal_Sequential_Context=Uncommon Speed_Dynamics,24,0.08191126279863481,0.8571428571428571,7.863481228668942
MP00018,R00146,Acceleration_Dynamics__x__Speed_Dynamics=Uncommon Speed_Dynamics,Acceleration_Dynamics__x__Speed_Dynamics,Uncommon Speed_Dynamics,Acceleration_Dynamics__x__Turning_Dynamics=Uncommon Turning_Dynamics;Curvature_Geometry__x__Speed_Dynamics=Uncommon Speed_Dynamics,35,0.11945392491467577,0.8333333333333334,7.645051194539249
MP00018,R00170,Curvature_Geometry__x__Speed_Dynamics=Uncommon Speed_Dynamics,Curvature_Geometry__x__Speed_Dynamics,Uncommon Speed_Dynamics,Curvature_Geometry__x__Turning_Dynamics=Uncommon Turning_Dynamics;Speed_Dynamics__x__Temporal_Sequential_Context=Uncommon Speed_Dynamics,33,0.09734513274336283,0.825,6.541592920353982
MP00018,R00174,Speed_Dynamics__x__Temporal_Sequential_Context=Uncommon Speed_Dynamics,Speed_Dynamics__x__Temporal_Sequential_Context,Uncommon Speed_Dynamics,Curvature_Geometry__x__Speed_Dynamics=Uncommon Speed_Dynamics;Temporal_Sequential_Context__x__Turning_Dynamics=Uncommon Turning_Dynamics,27,0.09926470588235294,0.8181818181818182,8.085561497326204
MP00018,R00185,Spatial_Reach_and_Route__x__Speed_Dynamics=Uncommon Speed_Dynamics,Spatial_Reach_and_Route__x__Speed_Dynamics,Uncommon Speed_Dynamics,Curvature_Geometry__x__Speed_Dynamics=Uncommon Speed_Dynamics;Spatial_Reach_and_Route__x__Turning_Dynamics=Uncommon Turning_Dynamics,30,0.1016949152542373,0.8108108108108109,7.387998167659185
MP00018,R00192,Speed_Dynamics__x__Temporal_Sequential_Context=Uncommon Speed_Dynamics,Speed_Dynamics__x__Temporal_Sequential_Context,Uncommon Speed_Dynamics,Acceleration_Dynamics__x__Speed_Dynamics=Uncommon Speed_Dynamics;Temporal_Sequential_Context__x__Turning_Dynamics=Uncommon Turning_Dynamics,25,0.09191176470588236,0.8064516129032258,7.969639468690701
MP00019,R00031,Temporal_Sequential_Context__x__Turning_Dynamics=Uncommon Turning_Dynamics,Temporal_Sequential_Context__x__Turning_Dynamics,Uncommon Turning_Dynamics,Acceleration_Dynamics__x__Turning_Dynamics=Uncommon Turning_Dynamics;Spatial_Reach_and_Route__x__Temporal_Sequential_Context=Uncommon Spatial_Reach_and_Route,22,0.07236842105263158,0.9166666666666666,8.105263157894736
MP00019,R00035,Speed_Dynamics__x__Turning_Dynamics=Uncommon Turning_Dynamics,Speed_Dynamics__x__Turning_Dynamics,Uncommon Turning_Dynamics,Curvature_Geometry__x__Turning_Dynamics=Uncommon Turning_Dynamics;Spatial_Reach_and_Route__x__Speed_Dynamics=Uncommon Spatial_Reach_and_Route,21,0.06976744186046512,0.9130434782608695,8.153690596562184
MP00019,R00056,Acceleration_Dynamics__x__Turning_Dynamics=Uncommon Turning_Dynamics,Acceleration_Dynamics__x__Turning_Dynamics,Uncommon Turning_Dynamics,Acceleration_Dynamics__x__Spatial_Reach_and_Route=Uncommon Spatial_Reach_and_Route;Speed_Dynamics__x__Turning_Dynamics=Uncommon Turning_Dynamics,33,0.11073825503355705,0.8918918918918919,8.044984581897333
MP00019,R00084,Speed_Dynamics__x__Turning_Dynamics=Uncommon Turning_Dynamics,Speed_Dynamics__x__Turning_Dynamics,Uncommon Turning_Dynamics,Acceleration_Dynamics__x__Turning_Dynamics=Uncommon Turning_Dynamics;Spatial_Reach_and_Route__x__Speed_Dynamics=Uncommon Spatial_Reach_and_Route,28,0.09302325581395349,0.875,7.813953488372093
MP00019,R00151,Acceleration_Dynamics__x__Turning_Dynamics=Uncommon Turning_Dynamics,Acceleration_Dynamics__x__Turning_Dynamics,Uncommon Turning_Dynamics,Acceleration_Dynamics__x__Spatial_Reach_and_Route=Uncommon Spatial_Reach_and_Route;Curvature_Geometry__x__Turning_Dynamics=Uncommon Turning_Dynamics,25,0.08389261744966443,0.8333333333333334,7.516778523489934
MP00019,R00153,Temporal_Sequential_Context__x__Turning_Dynamics=Uncommon Turning_Dynamics,Temporal_Sequential_Context__x__Turning_Dynamics,Uncommon Turning_Dynamics,Spatial_Reach_and_Route__x__Temporal_Sequential_Context=Uncommon Spatial_Reach_and_Route;Speed_Dynamics__x__Turning_Dynamics=Uncommon Turning_Dynamics,20,0.06578947368421052,0.8333333333333334,7.36842105263158
MP00019,R00204,Curvature_Geometry__x__Turning_Dynamics=Uncommon Turning_Dynamics,Curvature_Geometry__x__Turning_Dynamics,Uncommon Turning_Dynamics,Acceleration_Dynamics__x__Turning_Dynamics=Uncommon Turning_Dynamics;Curvature_Geometry__x__Spatial_Reach_and_Route=Uncommon Spatial_Reach_and_Route,24,0.07430340557275542,0.8,6.657585139318885
MP00020,R00006,Acceleration_Dynamics__x__Spatial_Reach_and_Route=Uncommon Spatial_Reach_and_Route,Acceleration_Dynamics__x__Spatial_Reach_and_Route,Uncommon Spatial_Reach_and_Route,Acceleration_Dynamics__x__Speed_Dynamics=Uncommon Speed_Dynamics;Spatial_Reach_and_Route__x__Temporal_Sequential_Context=Uncommon Spatial_Reach_and_Route,26,0.08843537414965986,0.9629629629629629,8.804232804232804
MP00020,R00022,Spatial_Reach_and_Route__x__Temporal_Sequential_Context=Uncommon Spatial_Reach_and_Route,Spatial_Reach_and_Route__x__Temporal_Sequential_Context,Uncommon Spatial_Reach_and_Route,Acceleration_Dynamics__x__Spatial_Reach_and_Route=Uncommon Spatial_Reach_and_Route;Speed_Dynamics__x__Temporal_Sequential_Context=Uncommon Speed_Dynamics,25,0.13089005235602094,0.9259259259259259,13.030831878999418
MP00020,R00037,Spatial_Reach_and_Route__x__Turning_Dynamics=Uncommon Spatial_Reach_and_Route,Spatial_Reach_and_Route__x__Turning_Dynamics,Uncommon Spatial_Reach_and_Route,Acceleration_Dynamics__x__Spatial_Reach_and_Route=Uncommon Spatial_Reach_and_Route;Speed_Dynamics__x__Turning_Dynamics=Uncommon Speed_Dynamics,31,0.09967845659163987,0.9117647058823529,7.880461509362587
MP00020,R00138,Curvature_Geometry__x__Spatial_Reach_and_Route=Uncommon Spatial_Reach_and_Route,Curvature_Geometry__x__Spatial_Reach_and_Route,Uncommon Spatial_Reach_and_Route,Curvature_Geometry__x__Speed_Dynamics=Uncommon Speed_Dynamics;Spatial_Reach_and_Route__x__Turning_Dynamics=Uncommon Spatial_Reach_and_Route,26,0.08,0.8387096774193549,6.936774193548388
MP00021,R00001,Spatial_Reach_and_Route__x__Temporal_Sequential_Context=Uncommon Temporal_Sequential_Context,Spatial_Reach_and_Route__x__Temporal_Sequential_Context,Uncommon Temporal_Sequential_Context,Curvature_Geometry__x__Spatial_Reach_and_Route=Uncommon Curvature_Geometry;Temporal_Sequential_Context__x__Turning_Dynamics=Uncommon Temporal_Sequential_Context,20,0.08403361344537816,1.0,11.294117647058822
MP00021,R00096,Acceleration_Dynamics__x__Temporal_Sequential_Context=Uncommon Temporal_Sequential_Context,Acceleration_Dynamics__x__Temporal_Sequential_Context,Uncommon Temporal_Sequential_Context,Acceleration_Dynamics__x__Curvature_Geometry=Uncommon Curvature_Geometry;Speed_Dynamics__x__Temporal_Sequential_Context=Uncommon Temporal_Sequential_Context,26,0.10236220472440945,0.8666666666666667,9.171653543307087
MP00021,R00136,Speed_Dynamics__x__Temporal_Sequential_Context=Uncommon Temporal_Sequential_Context,Speed_Dynamics__x__Temporal_Sequential_Context,Uncommon Temporal_Sequential_Context,Acceleration_Dynamics__x__Temporal_Sequential_Context=Uncommon Temporal_Sequential_Context;Curvature_Geometry__x__Speed_Dynamics=Uncommon Curvature_Geometry,26,0.09665427509293681,0.8387096774193549,8.380861014510133
MP00021,R00200,Speed_Dynamics__x__Temporal_Sequential_Context=Uncommon Temporal_Sequential_Context,Speed_Dynamics__x__Temporal_Sequential_Context,Uncommon Temporal_Sequential_Context,Curvature_Geometry__x__Speed_Dynamics=Uncommon Curvature_Geometry;Temporal_Sequential_Context__x__Turning_Dynamics=Uncommon Temporal_Sequential_Context,20,0.07434944237918216,0.8,7.994052044609665
MP00022,R00016,Acceleration_Dynamics__x__Temporal_Sequential_Context=Uncommon Temporal_Sequential_Context,Acceleration_Dynamics__x__Temporal_Sequential_Context,Uncommon Temporal_Sequential_Context,Acceleration_Dynamics__x__Spatial_Reach_and_Route=Uncommon Spatial_Reach_and_Route;Speed_Dynamics__x__Temporal_Sequential_Context=Uncommon Temporal_Sequential_Context,27,0.1062992125984252,0.9310344827586207,9.852837360847136
MP00022,R00029,Speed_Dynamics__x__Temporal_Sequential_Context=Uncommon Temporal_Sequential_Context,Speed_Dynamics__x__Temporal_Sequential_Context,Uncommon Temporal_Sequential_Context,Curvature_Geometry__x__Temporal_Sequential_Context=Uncommon Temporal_Sequential_Context;Spatial_Reach_and_Route__x__Speed_Dynamics=Uncommon Spatial_Reach_and_Route,33,0.12267657992565056,0.9166666666666666,9.159851301115241
MP00022,R00054,Temporal_Sequential_Context__x__Turning_Dynamics=Uncommon Temporal_Sequential_Context,Temporal_Sequential_Context__x__Turning_Dynamics,Uncommon Temporal_Sequential_Context,Curvature_Geometry__x__Temporal_Sequential_Context=Uncommon Temporal_Sequential_Context;Spatial_Reach_and_Route__x__Turning_Dynamics=Uncommon Spatial_Reach_and_Route,33,0.11619718309859155,0.8918918918918919,8.441568328892272
MP00022,R00168,Curvature_Geometry__x__Temporal_Sequential_Context=Uncommon Temporal_Sequential_Context,Curvature_Geometry__x__Temporal_Sequential_Context,Uncommon Temporal_Sequential_Context,Curvature_Geometry__x__Spatial_Reach_and_Route=Uncommon Spatial_Reach_and_Route;Speed_Dynamics__x__Temporal_Sequential_Context=Uncommon Temporal_Sequential_Context,33,0.10344827586206896,0.825,6.951724137931034
MP00023,R00104,Speed_Dynamics__x__Turning_Dynamics=Uncommon Speed_Dynamics,Speed_Dynamics__x__Turning_Dynamics,Uncommon Speed_Dynamics,Curvature_Geometry__x__Speed_Dynamics=Uncommon Speed_Dynamics;Temporal_Sequential_Context__x__Turning_Dynamics=Uncommon Temporal_Sequential_Context,25,0.08305647840531562,0.8620689655172413,7.698476343223736
MP00023,R00127,Speed_Dynamics__x__Turning_Dynamics=Uncommon Speed_Dynamics,Speed_Dynamics__x__Turning_Dynamics,Uncommon Speed_Dynamics,Acceleration_Dynamics__x__Speed_Dynamics=Uncommon Speed_Dynamics;Temporal_Sequential_Context__x__Turning_Dynamics=Uncommon Temporal_Sequential_Context,22,0.07308970099667775,0.8461538461538461,7.556350626118068
MP00023,R00128,Curvature_Geometry__x__Speed_Dynamics=Uncommon Speed_Dynamics,Curvature_Geometry__x__Speed_Dynamics,Uncommon Speed_Dynamics,Acceleration_Dynamics__x__Speed_Dynamics=Uncommon Speed_Dynamics;Curvature_Geometry__x__Temporal_Sequential_Context=Uncommon Temporal_Sequential_Context,22,0.06489675516224189,0.8461538461538461,6.709326072157931
MP00023,R00147,Acceleration_Dynamics__x__Speed_Dynamics=Uncommon Speed_Dynamics,Acceleration_Dynamics__x__Speed_Dynamics,Uncommon Speed_Dynamics,Acceleration_Dynamics__x__Temporal_Sequential_Context=Uncommon Temporal_Sequential_Context;Curvature_Geometry__x__Speed_Dynamics=Uncommon Speed_Dynamics,25,0.08532423208191127,0.8333333333333334,7.645051194539249
MP00023,R00148,Acceleration_Dynamics__x__Speed_Dynamics=Uncommon Speed_Dynamics,Acceleration_Dynamics__x__Speed_Dynamics,Uncommon Speed_Dynamics,Acceleration_Dynamics__x__Temporal_Sequential_Context=Uncommon Temporal_Sequential_Context;Speed_Dynamics__x__Turning_Dynamics=Uncommon Speed_Dynamics,25,0.08532423208191127,0.8333333333333334,7.645051194539249
MP00023,R00164,Spatial_Reach_and_Route__x__Speed_Dynamics=Uncommon Speed_Dynamics,Spatial_Reach_and_Route__x__Speed_Dynamics,Uncommon Speed_Dynamics,Curvature_Geometry__x__Speed_Dynamics=Uncommon Speed_Dynamics;Spatial_Reach_and_Route__x__Temporal_Sequential_Context=Uncommon Temporal_Sequential_Context,24,0.08135593220338982,0.8275862068965517,7.540853302162478
MP00023,R00179,Curvature_Geometry__x__Speed_Dynamics=Uncommon Speed_Dynamics,Curvature_Geometry__x__Speed_Dynamics,Uncommon Speed_Dynamics,Curvature_Geometry__x__Temporal_Sequential_Context=Uncommon Temporal_Sequential_Context;Spatial_Reach_and_Route__x__Speed_Dynamics=Uncommon Speed_Dynamics,27,0.07964601769911504,0.8181818181818182,6.4875301689460985
MP00024,R00055,Spatial_Reach_and_Route__x__Speed_Dynamics=Uncommon Speed_Dynamics,Spatial_Reach_and_Route__x__Speed_Dynamics,Uncommon Speed_Dynamics,Curvature_Geometry__x__Spatial_Reach_and_Route=Uncommon Curvature_Geometry;Speed_Dynamics__x__Temporal_Sequential_Context=Uncommon Speed_Dynamics,33,0.11186440677966102,0.8918918918918919,8.126797984425103
MP00024,R00087,Speed_Dynamics__x__Temporal_Sequential_Context=Uncommon Speed_Dynamics,Speed_Dynamics__x__Temporal_Sequential_Context,Uncommon Speed_Dynamics,Curvature_Geometry__x__Temporal_Sequential_Context=Uncommon Curvature_Geometry;Spatial_Reach_and_Route__x__Speed_Dynamics=Uncommon Speed_Dynamics,34,0.125,0.8717948717948718,8.615384615384615
MP00024,R00109,Speed_Dynamics__x__Temporal_Sequential_Context=Uncommon Speed_Dynamics,Speed_Dynamics__x__Temporal_Sequential_Context,Uncommon Speed_Dynamics,Acceleration_Dynamics__x__Speed_Dynamics=Uncommon Speed_Dynamics;Curvature_Geometry__x__Temporal_Sequential_Context=Uncommon Curvature_Geometry,30,0.11029411764705882,0.8571428571428571,8.470588235294118
MP00024,R00152,Speed_Dynamics__x__Turning_Dynamics=Uncommon Speed_Dynamics,Speed_Dynamics__x__Turning_Dynamics,Uncommon Speed_Dynamics,Acceleration_Dynamics__x__Speed_Dynamics=Uncommon Speed_Dynamics;Curvature_Geometry__x__Turning_Dynamics=Uncommon Curvature_Geometry,30,0.09966777408637874,0.8333333333333334,7.441860465116279
MP00024,R00183,Spatial_Reach_and_Route__x__Speed_Dynamics=Uncommon Speed_Dynamics,Spatial_Reach_and_Route__x__Speed_Dynamics,Uncommon Speed_Dynamics,Acceleration_Dynamics__x__Speed_Dynamics=Uncommon Speed_Dynamics;Curvature_Geometry__x__Spatial_Reach_and_Route=Uncommon Curvature_Geometry,26,0.08813559322033898,0.8125,7.403389830508475
MP00025,R00073,Spatial_Reach_and_Route__x__Turning_Dynamics=Uncommon Spatial_Reach_and_Route,Spatial_Reach_and_Route__x__Turning_Dynamics,Uncommon Spatial_Reach_and_Route,Acceleration_Dynamics__x__Turning_Dynamics=Uncommon Acceleration_Dynamics;Spatial_Reach_and_Route__x__Speed_Dynamics=Uncommon Spatial_Reach_and_Route,29,0.0932475884244373,0.8787878787878788,7.5954399298450745
MP00025,R00079,Spatial_Reach_and_Route__x__Speed_Dynamics=Uncommon Spatial_Reach_and_Route,Spatial_Reach_and_Route__x__Speed_Dynamics,Uncommon Spatial_Reach_and_Route,Acceleration_Dynamics__x__Speed_Dynamics=Uncommon Acceleration_Dynamics;Spatial_Reach_and_Route__x__Turning_Dynamics=Uncommon Spatial_Reach_and_Route,28,0.10727969348659004,0.875,9.011494252873563
MP00025,R00105,Curvature_Geometry__x__Spatial_Reach_and_Route=Uncommon Spatial_Reach_and_Route,Curvature_Geometry__x__Spatial_Reach_and_Route,Uncommon Spatial_Reach_and_Route,Acceleration_Dynamics__x__Curvature_Geometry=Uncommon Acceleration_Dynamics;Spatial_Reach_and_Route__x__Speed_Dynamics=Uncommon Spatial_Reach_and_Route,25,0.07692307692307693,0.8620689655172413,7.12997347480106
MP00025,R00172,Curvature_Geometry__x__Spatial_Reach_and_Route=Uncommon Spatial_Reach_and_Route,Curvature_Geometry__x__Spatial_Reach_and_Route,Uncommon Spatial_Reach_and_Route,Acceleration_Dynamics__x__Curvature_Geometry=Uncommon Acceleration_Dynamics;Spatial_Reach_and_Route__x__Turning_Dynamics=Uncommon Spatial_Reach_and_Route,28,0.08615384615384615,0.8235294117647058,6.811221719457013
MP00025,R00176,Spatial_Reach_and_Route__x__Turning_Dynamics=Uncommon Spatial_Reach_and_Route,Spatial_Reach_and_Route__x__Turning_Dynamics,Uncommon Spatial_Reach_and_Route,Acceleration_Dynamics__x__Turning_Dynamics=Uncommon Acceleration_Dynamics;Curvature_Geometry__x__Spatial_Reach_and_Route=Uncommon Spatial_Reach_and_Route,27,0.08681672025723473,0.8181818181818182,7.071616486407484
MP00025,R00182,Spatial_Reach_and_Route__x__Speed_Dynamics=Uncommon Spatial_Reach_and_Route,Spatial_Reach_and_Route__x__Speed_Dynamics,Uncommon Spatial_Reach_and_Route,Acceleration_Dynamics__x__Speed_Dynamics=Uncommon Acceleration_Dynamics;Curvature_Geometry__x__Spatial_Reach_and_Route=Uncommon Spatial_Reach_and_Route,26,0.09961685823754789,0.8125,8.367816091954023
MP00026,R00023,Acceleration_Dynamics__x__Speed_Dynamics=Uncommon Acceleration_Dynamics,Acceleration_Dynamics__x__Speed_Dynamics,Uncommon Acceleration_Dynamics,Acceleration_Dynamics__x__Turning_Dynamics=Uncommon Acceleration_Dynamics;Curvature_Geometry__x__Speed_Dynamics=Uncommon Curvature_Geometry,24,0.08791208791208792,0.9230769230769231,9.088757396449704
MP00026,R00059,Acceleration_Dynamics__x__Turning_Dynamics=Uncommon Acceleration_Dynamics,Acceleration_Dynamics__x__Turning_Dynamics,Uncommon Acceleration_Dynamics,Acceleration_Dynamics__x__Speed_Dynamics=Uncommon Acceleration_Dynamics;Curvature_Geometry__x__Turning_Dynamics=Uncommon Curvature_Geometry,24,0.08275862068965517,0.8888888888888888,8.239080459770115
MP00026,R00126,Acceleration_Dynamics__x__Spatial_Reach_and_Route=Uncommon Acceleration_Dynamics,Acceleration_Dynamics__x__Spatial_Reach_and_Route,Uncommon Acceleration_Dynamics,Acceleration_Dynamics__x__Temporal_Sequential_Context=Uncommon Acceleration_Dynamics;Curvature_Geometry__x__Spatial_Reach_and_Route=Uncommon Curvature_Geometry,33,0.11186440677966102,0.8461538461538461,7.710039113428944
MP00026,R00189,Acceleration_Dynamics__x__Speed_Dynamics=Uncommon Acceleration_Dynamics,Acceleration_Dynamics__x__Speed_Dynamics,Uncommon Acceleration_Dynamics,Acceleration_Dynamics__x__Temporal_Sequential_Context=Uncommon Acceleration_Dynamics;Curvature_Geometry__x__Speed_Dynamics=Uncommon Curvature_Geometry,21,0.07692307692307693,0.8076923076923077,7.952662721893491
MP00026,R00190,Acceleration_Dynamics__x__Spatial_Reach_and_Route=Uncommon Acceleration_Dynamics,Acceleration_Dynamics__x__Spatial_Reach_and_Route,Uncommon Acceleration_Dynamics,Acceleration_Dynamics__x__Turning_Dynamics=Uncommon Acceleration_Dynamics;Curvature_Geometry__x__Spatial_Reach_and_Route=Uncommon Curvature_Geometry,21,0.0711864406779661,0.8076923076923077,7.359582790091265
MP00027,R00010,Acceleration_Dynamics__x__Curvature_Geometry=Uncommon Curvature_Geometry,Acceleration_Dynamics__x__Curvature_Geometry,Uncommon Curvature_Geometry,Acceleration_Dynamics__x__Spatial_Reach_and_Route=Uncommon Spatial_Reach_and_Route;Curvature_Geometry__x__Speed_Dynamics=Uncommon Curvature_Geometry,33,0.1,0.9428571428571428,7.680000000000001
MP00027,R00064,Curvature_Geometry__x__Turning_Dynamics=Uncommon Curvature_Geometry,Curvature_Geometry__x__Turning_Dynamics,Uncommon Curvature_Geometry,Acceleration_Dynamics__x__Curvature_Geometry=Uncommon Curvature_Geometry;Spatial_Reach_and_Route__x__Turning_Dynamics=Uncommon Spatial_Reach_and_Route,39,0.12580645161290321,0.8863636363636364,7.685630498533723
MP00027,R00085,Curvature_Geometry__x__Temporal_Sequential_Context=Uncommon Curvature_Geometry,Curvature_Geometry__x__Temporal_Sequential_Context,Uncommon Curvature_Geometry,Acceleration_Dynamics__x__Curvature_Geometry=Uncommon Curvature_Geometry;Spatial_Reach_and_Route__x__Temporal_Sequential_Context=Uncommon Spatial_Reach_and_Route,28,0.08917197452229299,0.875,7.490445859872612
MP00027,R00154,Curvature_Geometry__x__Turning_Dynamics=Uncommon Curvature_Geometry,Curvature_Geometry__x__Turning_Dynamics,Uncommon Curvature_Geometry,Curvature_Geometry__x__Temporal_Sequential_Context=Uncommon Curvature_Geometry;Spatial_Reach_and_Route__x__Turning_Dynamics=Uncommon Spatial_Reach_and_Route,25,0.08064516129032258,0.8333333333333334,7.225806451612903
MP00027,R00205,Curvature_Geometry__x__Speed_Dynamics=Uncommon Curvature_Geometry,Curvature_Geometry__x__Speed_Dynamics,Uncommon Curvature_Geometry,Acceleration_Dynamics__x__Curvature_Geometry=Uncommon Curvature_Geometry;Spatial_Reach_and_Route__x__Speed_Dynamics=Uncommon Spatial_Reach_and_Route,32,0.0972644376899696,0.8,6.536170212765958
MP00028,R00013,Curvature_Geometry__x__Temporal_Sequential_Context=Uncommon Temporal_Sequential_Context,Curvature_Geometry__x__Temporal_Sequential_Context,Uncommon Temporal_Sequential_Context,Curvature_Geometry__x__Turning_Dynamics=Uncommon Turning_Dynamics;Spatial_Reach_and_Route__x__Temporal_Sequential_Context=Uncommon Temporal_Sequential_Context,30,0.09404388714733543,0.9375,7.899686520376176
MP00028,R00071,Spatial_Reach_and_Route__x__Temporal_Sequential_Context=Uncommon Temporal_Sequential_Context,Spatial_Reach_and_Route__x__Temporal_Sequential_Context,Uncommon Temporal_Sequential_Context,Curvature_Geometry__x__Temporal_Sequential_Context=Uncommon Temporal_Sequential_Context;Spatial_Reach_and_Route__x__Turning_Dynamics=Uncommon Turning_Dynamics,29,0.12184873949579832,0.8787878787878788,9.925133689839571
MP00029,R00132,Acceleration_Dynamics__x__Turning_Dynamics=Uncommon Acceleration_Dynamics,Acceleration_Dynamics__x__Turning_Dynamics,Uncommon Acceleration_Dynamics,Acceleration_Dynamics__x__Speed_Dynamics=Uncommon Acceleration_Dynamics;Spatial_Reach_and_Route__x__Turning_Dynamics=Uncommon Spatial_Reach_and_Route,27,0.09310344827586207,0.84375,7.820689655172413
MP00029,R00175,Acceleration_Dynamics__x__Speed_Dynamics=Uncommon Acceleration_Dynamics,Acceleration_Dynamics__x__Speed_Dynamics,Uncommon Acceleration_Dynamics,Acceleration_Dynamics__x__Turning_Dynamics=Uncommon Acceleration_Dynamics;Spatial_Reach_and_Route__x__Speed_Dynamics=Uncommon Spatial_Reach_and_Route,27,0.0989010989010989,0.8181818181818182,8.055944055944057
MP00029,R00178,Acceleration_Dynamics__x__Curvature_Geometry=Uncommon Acceleration_Dynamics,Acceleration_Dynamics__x__Curvature_Geometry,Uncommon Acceleration_Dynamics,Acceleration_Dynamics__x__Turning_Dynamics=Uncommon Acceleration_Dynamics;Curvature_Geometry__x__Spatial_Reach_and_Route=Uncommon Spatial_Reach_and_Route,27,0.08035714285714286,0.8181818181818182,6.545454545454546
MP00030,R00081,Acceleration_Dynamics__x__Spatial_Reach_and_Route=Uncommon Spatial_Reach_and_Route,Acceleration_Dynamics__x__Spatial_Reach_and_Route,Uncommon Spatial_Reach_and_Route,Acceleration_Dynamics__x__Turning_Dynamics=Uncommon Turning_Dynamics;Spatial_Reach_and_Route__x__Speed_Dynamics=Uncommon Spatial_Reach_and_Route,28,0.09523809523809523,0.875,8.0
MP00030,R00150,Acceleration_Dynamics__x__Spatial_Reach_and_Route=Uncommon Spatial_Reach_and_Route,Acceleration_Dynamics__x__Spatial_Reach_and_Route,Uncommon Spatial_Reach_and_Route,Acceleration_Dynamics__x__Turning_Dynamics=Uncommon Turning_Dynamics;Spatial_Reach_and_Route__x__Temporal_Sequential_Context=Uncommon Spatial_Reach_and_Route,20,0.06802721088435375,0.8333333333333334,7.6190476190476195
