meta_pattern_id,contrast_group,contrast_group_label,selection_reason,node_id,pair_id,required_uncommon_count,n_covered,n_contrast,covered_uncommon_count,contrast_uncommon_count,covered_uncommon_ratio,contrast_uncommon_ratio,covered_to_contrast_ratio,covered_to_contrast_ratio_status
MP00001,matched_non_pattern,Matched non-pattern,nearest_nonpattern_rows_by_total_uncommon_hybrid_and_pattern_evidence,Curvature_Geometry,Curvature_Geometry__x__Speed_Dynamics,2,69,69,50,17,0.7246376811594203,0.2463768115942029,2.941176470588235,finite
MP00001,matched_non_pattern,Matched non-pattern,nearest_nonpattern_rows_by_total_uncommon_hybrid_and_pattern_evidence,Curvature_Geometry,Curvature_Geometry__x__Temporal_Sequential_Context,2,69,69,41,10,0.5942028985507246,0.14492753623188406,4.1,finite
MP00001,matched_non_pattern,Matched non-pattern,nearest_nonpattern_rows_by_total_uncommon_hybrid_and_pattern_evidence,Curvature_Geometry,Acceleration_Dynamics__x__Curvature_Geometry,2,69,69,40,13,0.5797101449275363,0.18840579710144928,3.076923076923077,finite
MP00001,matched_non_pattern,Matched non-pattern,nearest_nonpattern_rows_by_total_uncommon_hybrid_and_pattern_evidence,Curvature_Geometry,Curvature_Geometry__x__Spatial_Reach_and_Route,2,69,69,34,16,0.4927536231884058,0.2318840579710145,2.125,finite
MP00001,matched_non_pattern,Matched non-pattern,nearest_nonpattern_rows_by_total_uncommon_hybrid_and_pattern_evidence,Curvature_Geometry,Curvature_Geometry__x__Turning_Dynamics,2,69,69,0,22,0.0,0.3188405797101449,0.0,finite
MP00001,matched_non_pattern,Matched non-pattern,nearest_nonpattern_rows_by_total_uncommon_hybrid_and_pattern_evidence,Turning_Dynamics,Speed_Dynamics__x__Turning_Dynamics,1,69,69,42,9,0.6086956521739131,0.13043478260869565,4.666666666666667,finite
MP00001,matched_non_pattern,Matched non-pattern,nearest_nonpattern_rows_by_total_uncommon_hybrid_and_pattern_evidence,Turning_Dynamics,Acceleration_Dynamics__x__Turning_Dynamics,1,69,69,40,10,0.5797101449275363,0.14492753623188406,4.0,finite
MP00001,matched_non_pattern,Matched non-pattern,nearest_nonpattern_rows_by_total_uncommon_hybrid_and_pattern_evidence,Turning_Dynamics,Temporal_Sequential_Context__x__Turning_Dynamics,1,69,69,36,17,0.5217391304347826,0.2463768115942029,2.1176470588235294,finite
MP00001,matched_non_pattern,Matched non-pattern,nearest_nonpattern_rows_by_total_uncommon_hybrid_and_pattern_evidence,Turning_Dynamics,Spatial_Reach_and_Route__x__Turning_Dynamics,1,69,69,31,11,0.4492753623188406,0.15942028985507245,2.8181818181818183,finite
MP00001,matched_non_pattern,Matched non-pattern,nearest_nonpattern_rows_by_total_uncommon_hybrid_and_pattern_evidence,Turning_Dynamics,Curvature_Geometry__x__Turning_Dynamics,1,69,69,0,14,0.0,0.2028985507246377,0.0,finite
MP00001,near_miss,Near miss,one_missing_uncommonness_count,Curvature_Geometry,Curvature_Geometry__x__Speed_Dynamics,2,69,199,50,85,0.7246376811594203,0.4271356783919598,1.6965046888320545,finite
MP00001,near_miss,Near miss,one_missing_uncommonness_count,Curvature_Geometry,Curvature_Geometry__x__Temporal_Sequential_Context,2,69,199,41,67,0.5942028985507246,0.33668341708542715,1.7648712956954358,finite
MP00001,near_miss,Near miss,one_missing_uncommonness_count,Curvature_Geometry,Acceleration_Dynamics__x__Curvature_Geometry,2,69,199,40,76,0.5797101449275363,0.38190954773869346,1.5179252479023646,finite
MP00001,near_miss,Near miss,one_missing_uncommonness_count,Curvature_Geometry,Curvature_Geometry__x__Spatial_Reach_and_Route,2,69,199,34,86,0.4927536231884058,0.4321608040201005,1.1402089652847995,finite
MP00001,near_miss,Near miss,one_missing_uncommonness_count,Curvature_Geometry,Curvature_Geometry__x__Turning_Dynamics,2,69,199,0,95,0.0,0.47738693467336685,0.0,finite
MP00001,near_miss,Near miss,one_missing_uncommonness_count,Turning_Dynamics,Speed_Dynamics__x__Turning_Dynamics,1,69,199,42,19,0.6086956521739131,0.09547738693467336,6.375286041189932,finite
MP00001,near_miss,Near miss,one_missing_uncommonness_count,Turning_Dynamics,Acceleration_Dynamics__x__Turning_Dynamics,1,69,199,40,21,0.5797101449275363,0.10552763819095477,5.493443754313319,finite
MP00001,near_miss,Near miss,one_missing_uncommonness_count,Turning_Dynamics,Temporal_Sequential_Context__x__Turning_Dynamics,1,69,199,36,22,0.5217391304347826,0.11055276381909548,4.719367588932806,finite
MP00001,near_miss,Near miss,one_missing_uncommonness_count,Turning_Dynamics,Spatial_Reach_and_Route__x__Turning_Dynamics,1,69,199,31,22,0.4492753623188406,0.11055276381909548,4.063899868247694,finite
MP00001,near_miss,Near miss,one_missing_uncommonness_count,Turning_Dynamics,Curvature_Geometry__x__Turning_Dynamics,1,69,199,0,0,0.0,0.0,,zero_both
MP00001,typical_normal,Typical normal,zero_uncommon_and_zero_hybrid_labels,Curvature_Geometry,Curvature_Geometry__x__Speed_Dynamics,2,69,366,50,0,0.7246376811594203,0.0,,zero_contrast
MP00001,typical_normal,Typical normal,zero_uncommon_and_zero_hybrid_labels,Curvature_Geometry,Curvature_Geometry__x__Temporal_Sequential_Context,2,69,366,41,0,0.5942028985507246,0.0,,zero_contrast
MP00001,typical_normal,Typical normal,zero_uncommon_and_zero_hybrid_labels,Curvature_Geometry,Acceleration_Dynamics__x__Curvature_Geometry,2,69,366,40,0,0.5797101449275363,0.0,,zero_contrast
MP00001,typical_normal,Typical normal,zero_uncommon_and_zero_hybrid_labels,Curvature_Geometry,Curvature_Geometry__x__Spatial_Reach_and_Route,2,69,366,34,0,0.4927536231884058,0.0,,zero_contrast
MP00001,typical_normal,Typical normal,zero_uncommon_and_zero_hybrid_labels,Curvature_Geometry,Curvature_Geometry__x__Turning_Dynamics,2,69,366,0,0,0.0,0.0,,zero_both
MP00001,typical_normal,Typical normal,zero_uncommon_and_zero_hybrid_labels,Turning_Dynamics,Speed_Dynamics__x__Turning_Dynamics,1,69,366,42,0,0.6086956521739131,0.0,,zero_contrast
MP00001,typical_normal,Typical normal,zero_uncommon_and_zero_hybrid_labels,Turning_Dynamics,Acceleration_Dynamics__x__Turning_Dynamics,1,69,366,40,0,0.5797101449275363,0.0,,zero_contrast
MP00001,typical_normal,Typical normal,zero_uncommon_and_zero_hybrid_labels,Turning_Dynamics,Temporal_Sequential_Context__x__Turning_Dynamics,1,69,366,36,0,0.5217391304347826,0.0,,zero_contrast
MP00001,typical_normal,Typical normal,zero_uncommon_and_zero_hybrid_labels,Turning_Dynamics,Spatial_Reach_and_Route__x__Turning_Dynamics,1,69,366,31,0,0.4492753623188406,0.0,,zero_contrast
MP00001,typical_normal,Typical normal,zero_uncommon_and_zero_hybrid_labels,Turning_Dynamics,Curvature_Geometry__x__Turning_Dynamics,1,69,366,0,0,0.0,0.0,,zero_both
MP00002,matched_non_pattern,Matched non-pattern,nearest_nonpattern_rows_by_total_uncommon_hybrid_and_pattern_evidence,Acceleration_Dynamics,Acceleration_Dynamics__x__Turning_Dynamics,1,58,58,38,9,0.6551724137931034,0.15517241379310345,4.222222222222222,finite
MP00002,matched_non_pattern,Matched non-pattern,nearest_nonpattern_rows_by_total_uncommon_hybrid_and_pattern_evidence,Acceleration_Dynamics,Acceleration_Dynamics__x__Spatial_Reach_and_Route,1,58,58,26,7,0.4482758620689655,0.1206896551724138,3.714285714285714,finite
MP00002,matched_non_pattern,Matched non-pattern,nearest_nonpattern_rows_by_total_uncommon_hybrid_and_pattern_evidence,Acceleration_Dynamics,Acceleration_Dynamics__x__Speed_Dynamics,1,58,58,26,12,0.4482758620689655,0.20689655172413793,2.1666666666666665,finite
MP00002,matched_non_pattern,Matched non-pattern,nearest_nonpattern_rows_by_total_uncommon_hybrid_and_pattern_evidence,Acceleration_Dynamics,Acceleration_Dynamics__x__Temporal_Sequential_Context,1,58,58,18,9,0.3103448275862069,0.15517241379310345,2.0,finite
MP00002,matched_non_pattern,Matched non-pattern,nearest_nonpattern_rows_by_total_uncommon_hybrid_and_pattern_evidence,Acceleration_Dynamics,Acceleration_Dynamics__x__Curvature_Geometry,1,58,58,0,15,0.0,0.25862068965517243,0.0,finite
MP00002,matched_non_pattern,Matched non-pattern,nearest_nonpattern_rows_by_total_uncommon_hybrid_and_pattern_evidence,Curvature_Geometry,Curvature_Geometry__x__Turning_Dynamics,2,58,58,43,7,0.7413793103448276,0.1206896551724138,6.142857142857143,finite
MP00002,matched_non_pattern,Matched non-pattern,nearest_nonpattern_rows_by_total_uncommon_hybrid_and_pattern_evidence,Curvature_Geometry,Curvature_Geometry__x__Speed_Dynamics,2,58,58,36,17,0.6206896551724138,0.29310344827586204,2.1176470588235294,finite
MP00002,matched_non_pattern,Matched non-pattern,nearest_nonpattern_rows_by_total_uncommon_hybrid_and_pattern_evidence,Curvature_Geometry,Curvature_Geometry__x__Spatial_Reach_and_Route,2,58,58,28,14,0.4827586206896552,0.2413793103448276,2.0,finite
MP00002,matched_non_pattern,Matched non-pattern,nearest_nonpattern_rows_by_total_uncommon_hybrid_and_pattern_evidence,Curvature_Geometry,Curvature_Geometry__x__Temporal_Sequential_Context,2,58,58,27,12,0.46551724137931033,0.20689655172413793,2.25,finite
MP00002,matched_non_pattern,Matched non-pattern,nearest_nonpattern_rows_by_total_uncommon_hybrid_and_pattern_evidence,Curvature_Geometry,Acceleration_Dynamics__x__Curvature_Geometry,2,58,58,0,24,0.0,0.41379310344827586,0.0,finite
MP00002,near_miss,Near miss,one_missing_uncommonness_count,Acceleration_Dynamics,Acceleration_Dynamics__x__Turning_Dynamics,1,58,240,38,49,0.6551724137931034,0.20416666666666666,3.2090077410274453,finite
MP00002,near_miss,Near miss,one_missing_uncommonness_count,Acceleration_Dynamics,Acceleration_Dynamics__x__Spatial_Reach_and_Route,1,58,240,26,17,0.4482758620689655,0.07083333333333333,6.328600405679514,finite
MP00002,near_miss,Near miss,one_missing_uncommonness_count,Acceleration_Dynamics,Acceleration_Dynamics__x__Speed_Dynamics,1,58,240,26,22,0.4482758620689655,0.09166666666666666,4.890282131661443,finite
MP00002,near_miss,Near miss,one_missing_uncommonness_count,Acceleration_Dynamics,Acceleration_Dynamics__x__Temporal_Sequential_Context,1,58,240,18,15,0.3103448275862069,0.0625,4.9655172413793105,finite
MP00002,near_miss,Near miss,one_missing_uncommonness_count,Acceleration_Dynamics,Acceleration_Dynamics__x__Curvature_Geometry,1,58,240,0,0,0.0,0.0,,zero_both
MP00002,near_miss,Near miss,one_missing_uncommonness_count,Curvature_Geometry,Curvature_Geometry__x__Turning_Dynamics,2,58,240,43,98,0.7413793103448276,0.4083333333333333,1.815622800844476,finite
MP00002,near_miss,Near miss,one_missing_uncommonness_count,Curvature_Geometry,Curvature_Geometry__x__Speed_Dynamics,2,58,240,36,101,0.6206896551724138,0.42083333333333334,1.4749061113007853,finite
MP00002,near_miss,Near miss,one_missing_uncommonness_count,Curvature_Geometry,Curvature_Geometry__x__Spatial_Reach_and_Route,2,58,240,28,89,0.4827586206896552,0.37083333333333335,1.3018209996125534,finite
MP00002,near_miss,Near miss,one_missing_uncommonness_count,Curvature_Geometry,Curvature_Geometry__x__Temporal_Sequential_Context,2,58,240,27,79,0.46551724137931033,0.32916666666666666,1.4142295940637275,finite
MP00002,near_miss,Near miss,one_missing_uncommonness_count,Curvature_Geometry,Acceleration_Dynamics__x__Curvature_Geometry,2,58,240,0,103,0.0,0.42916666666666664,0.0,finite
MP00002,typical_normal,Typical normal,zero_uncommon_and_zero_hybrid_labels,Acceleration_Dynamics,Acceleration_Dynamics__x__Turning_Dynamics,1,58,366,38,0,0.6551724137931034,0.0,,zero_contrast
MP00002,typical_normal,Typical normal,zero_uncommon_and_zero_hybrid_labels,Acceleration_Dynamics,Acceleration_Dynamics__x__Spatial_Reach_and_Route,1,58,366,26,0,0.4482758620689655,0.0,,zero_contrast
MP00002,typical_normal,Typical normal,zero_uncommon_and_zero_hybrid_labels,Acceleration_Dynamics,Acceleration_Dynamics__x__Speed_Dynamics,1,58,366,26,0,0.4482758620689655,0.0,,zero_contrast
MP00002,typical_normal,Typical normal,zero_uncommon_and_zero_hybrid_labels,Acceleration_Dynamics,Acceleration_Dynamics__x__Temporal_Sequential_Context,1,58,366,18,0,0.3103448275862069,0.0,,zero_contrast
MP00002,typical_normal,Typical normal,zero_uncommon_and_zero_hybrid_labels,Acceleration_Dynamics,Acceleration_Dynamics__x__Curvature_Geometry,1,58,366,0,0,0.0,0.0,,zero_both
MP00002,typical_normal,Typical normal,zero_uncommon_and_zero_hybrid_labels,Curvature_Geometry,Curvature_Geometry__x__Turning_Dynamics,2,58,366,43,0,0.7413793103448276,0.0,,zero_contrast
MP00002,typical_normal,Typical normal,zero_uncommon_and_zero_hybrid_labels,Curvature_Geometry,Curvature_Geometry__x__Speed_Dynamics,2,58,366,36,0,0.6206896551724138,0.0,,zero_contrast
MP00002,typical_normal,Typical normal,zero_uncommon_and_zero_hybrid_labels,Curvature_Geometry,Curvature_Geometry__x__Spatial_Reach_and_Route,2,58,366,28,0,0.4827586206896552,0.0,,zero_contrast
MP00002,typical_normal,Typical normal,zero_uncommon_and_zero_hybrid_labels,Curvature_Geometry,Curvature_Geometry__x__Temporal_Sequential_Context,2,58,366,27,0,0.46551724137931033,0.0,,zero_contrast
MP00002,typical_normal,Typical normal,zero_uncommon_and_zero_hybrid_labels,Curvature_Geometry,Acceleration_Dynamics__x__Curvature_Geometry,2,58,366,0,0,0.0,0.0,,zero_both
MP00003,matched_non_pattern,Matched non-pattern,nearest_nonpattern_rows_by_total_uncommon_hybrid_and_pattern_evidence,Curvature_Geometry,Curvature_Geometry__x__Speed_Dynamics,1,72,72,42,14,0.5833333333333334,0.19444444444444445,3.0,finite
MP00003,matched_non_pattern,Matched non-pattern,nearest_nonpattern_rows_by_total_uncommon_hybrid_and_pattern_evidence,Curvature_Geometry,Curvature_Geometry__x__Temporal_Sequential_Context,1,72,72,37,9,0.5138888888888888,0.125,4.111111111111111,finite
MP00003,matched_non_pattern,Matched non-pattern,nearest_nonpattern_rows_by_total_uncommon_hybrid_and_pattern_evidence,Curvature_Geometry,Acceleration_Dynamics__x__Curvature_Geometry,1,72,72,36,12,0.5,0.16666666666666666,3.0,finite
MP00003,matched_non_pattern,Matched non-pattern,nearest_nonpattern_rows_by_total_uncommon_hybrid_and_pattern_evidence,Curvature_Geometry,Curvature_Geometry__x__Spatial_Reach_and_Route,1,72,72,29,15,0.4027777777777778,0.20833333333333334,1.9333333333333333,finite
MP00003,matched_non_pattern,Matched non-pattern,nearest_nonpattern_rows_by_total_uncommon_hybrid_and_pattern_evidence,Curvature_Geometry,Curvature_Geometry__x__Turning_Dynamics,1,72,72,0,21,0.0,0.2916666666666667,0.0,finite
MP00003,matched_non_pattern,Matched non-pattern,nearest_nonpattern_rows_by_total_uncommon_hybrid_and_pattern_evidence,Turning_Dynamics,Acceleration_Dynamics__x__Turning_Dynamics,2,72,72,47,14,0.6527777777777778,0.19444444444444445,3.357142857142857,finite
MP00003,matched_non_pattern,Matched non-pattern,nearest_nonpattern_rows_by_total_uncommon_hybrid_and_pattern_evidence,Turning_Dynamics,Speed_Dynamics__x__Turning_Dynamics,2,72,72,47,13,0.6527777777777778,0.18055555555555555,3.6153846153846154,finite
MP00003,matched_non_pattern,Matched non-pattern,nearest_nonpattern_rows_by_total_uncommon_hybrid_and_pattern_evidence,Turning_Dynamics,Temporal_Sequential_Context__x__Turning_Dynamics,2,72,72,44,20,0.6111111111111112,0.2777777777777778,2.2,finite
MP00003,matched_non_pattern,Matched non-pattern,nearest_nonpattern_rows_by_total_uncommon_hybrid_and_pattern_evidence,Turning_Dynamics,Spatial_Reach_and_Route__x__Turning_Dynamics,2,72,72,40,14,0.5555555555555556,0.19444444444444445,2.857142857142857,finite
MP00003,matched_non_pattern,Matched non-pattern,nearest_nonpattern_rows_by_total_uncommon_hybrid_and_pattern_evidence,Turning_Dynamics,Curvature_Geometry__x__Turning_Dynamics,2,72,72,0,20,0.0,0.2777777777777778,0.0,finite
MP00003,near_miss,Near miss,one_missing_uncommonness_count,Curvature_Geometry,Curvature_Geometry__x__Speed_Dynamics,1,72,256,42,22,0.5833333333333334,0.0859375,6.787878787878788,finite
MP00003,near_miss,Near miss,one_missing_uncommonness_count,Curvature_Geometry,Curvature_Geometry__x__Temporal_Sequential_Context,1,72,256,37,19,0.5138888888888888,0.07421875,6.923976608187134,finite
MP00003,near_miss,Near miss,one_missing_uncommonness_count,Curvature_Geometry,Acceleration_Dynamics__x__Curvature_Geometry,1,72,256,36,17,0.5,0.06640625,7.529411764705882,finite
MP00003,near_miss,Near miss,one_missing_uncommonness_count,Curvature_Geometry,Curvature_Geometry__x__Spatial_Reach_and_Route,1,72,256,29,21,0.4027777777777778,0.08203125,4.91005291005291,finite
MP00003,near_miss,Near miss,one_missing_uncommonness_count,Curvature_Geometry,Curvature_Geometry__x__Turning_Dynamics,1,72,256,0,0,0.0,0.0,,zero_both
MP00003,near_miss,Near miss,one_missing_uncommonness_count,Turning_Dynamics,Acceleration_Dynamics__x__Turning_Dynamics,2,72,256,47,130,0.6527777777777778,0.5078125,1.2854700854700856,finite
MP00003,near_miss,Near miss,one_missing_uncommonness_count,Turning_Dynamics,Speed_Dynamics__x__Turning_Dynamics,2,72,256,47,115,0.6527777777777778,0.44921875,1.4531400966183574,finite
MP00003,near_miss,Near miss,one_missing_uncommonness_count,Turning_Dynamics,Temporal_Sequential_Context__x__Turning_Dynamics,2,72,256,44,143,0.6111111111111112,0.55859375,1.0940170940170941,finite
MP00003,near_miss,Near miss,one_missing_uncommonness_count,Turning_Dynamics,Spatial_Reach_and_Route__x__Turning_Dynamics,2,72,256,40,126,0.5555555555555556,0.4921875,1.1287477954144622,finite
MP00003,near_miss,Near miss,one_missing_uncommonness_count,Turning_Dynamics,Curvature_Geometry__x__Turning_Dynamics,2,72,256,0,136,0.0,0.53125,0.0,finite
MP00003,typical_normal,Typical normal,zero_uncommon_and_zero_hybrid_labels,Curvature_Geometry,Curvature_Geometry__x__Speed_Dynamics,1,72,366,42,0,0.5833333333333334,0.0,,zero_contrast
MP00003,typical_normal,Typical normal,zero_uncommon_and_zero_hybrid_labels,Curvature_Geometry,Curvature_Geometry__x__Temporal_Sequential_Context,1,72,366,37,0,0.5138888888888888,0.0,,zero_contrast
MP00003,typical_normal,Typical normal,zero_uncommon_and_zero_hybrid_labels,Curvature_Geometry,Acceleration_Dynamics__x__Curvature_Geometry,1,72,366,36,0,0.5,0.0,,zero_contrast
MP00003,typical_normal,Typical normal,zero_uncommon_and_zero_hybrid_labels,Curvature_Geometry,Curvature_Geometry__x__Spatial_Reach_and_Route,1,72,366,29,0,0.4027777777777778,0.0,,zero_contrast
MP00003,typical_normal,Typical normal,zero_uncommon_and_zero_hybrid_labels,Curvature_Geometry,Curvature_Geometry__x__Turning_Dynamics,1,72,366,0,0,0.0,0.0,,zero_both
MP00003,typical_normal,Typical normal,zero_uncommon_and_zero_hybrid_labels,Turning_Dynamics,Acceleration_Dynamics__x__Turning_Dynamics,2,72,366,47,0,0.6527777777777778,0.0,,zero_contrast
MP00003,typical_normal,Typical normal,zero_uncommon_and_zero_hybrid_labels,Turning_Dynamics,Speed_Dynamics__x__Turning_Dynamics,2,72,366,47,0,0.6527777777777778,0.0,,zero_contrast
MP00003,typical_normal,Typical normal,zero_uncommon_and_zero_hybrid_labels,Turning_Dynamics,Temporal_Sequential_Context__x__Turning_Dynamics,2,72,366,44,0,0.6111111111111112,0.0,,zero_contrast
MP00003,typical_normal,Typical normal,zero_uncommon_and_zero_hybrid_labels,Turning_Dynamics,Spatial_Reach_and_Route__x__Turning_Dynamics,2,72,366,40,0,0.5555555555555556,0.0,,zero_contrast
MP00003,typical_normal,Typical normal,zero_uncommon_and_zero_hybrid_labels,Turning_Dynamics,Curvature_Geometry__x__Turning_Dynamics,2,72,366,0,0,0.0,0.0,,zero_both
MP00004,matched_non_pattern,Matched non-pattern,nearest_nonpattern_rows_by_total_uncommon_hybrid_and_pattern_evidence,Speed_Dynamics,Curvature_Geometry__x__Speed_Dynamics,1,64,64,35,7,0.546875,0.109375,5.0,finite
MP00004,matched_non_pattern,Matched non-pattern,nearest_nonpattern_rows_by_total_uncommon_hybrid_and_pattern_evidence,Speed_Dynamics,Speed_Dynamics__x__Temporal_Sequential_Context,1,64,64,32,4,0.5,0.0625,8.0,finite
MP00004,matched_non_pattern,Matched non-pattern,nearest_nonpattern_rows_by_total_uncommon_hybrid_and_pattern_evidence,Speed_Dynamics,Acceleration_Dynamics__x__Speed_Dynamics,1,64,64,30,1,0.46875,0.015625,30.0,finite
MP00004,matched_non_pattern,Matched non-pattern,nearest_nonpattern_rows_by_total_uncommon_hybrid_and_pattern_evidence,Speed_Dynamics,Spatial_Reach_and_Route__x__Speed_Dynamics,1,64,64,26,2,0.40625,0.03125,13.0,finite
MP00004,matched_non_pattern,Matched non-pattern,nearest_nonpattern_rows_by_total_uncommon_hybrid_and_pattern_evidence,Speed_Dynamics,Speed_Dynamics__x__Turning_Dynamics,1,64,64,0,0,0.0,0.0,,zero_both
MP00004,matched_non_pattern,Matched non-pattern,nearest_nonpattern_rows_by_total_uncommon_hybrid_and_pattern_evidence,Turning_Dynamics,Temporal_Sequential_Context__x__Turning_Dynamics,2,64,64,46,36,0.71875,0.5625,1.2777777777777777,finite
MP00004,matched_non_pattern,Matched non-pattern,nearest_nonpattern_rows_by_total_uncommon_hybrid_and_pattern_evidence,Turning_Dynamics,Curvature_Geometry__x__Turning_Dynamics,2,64,64,43,32,0.671875,0.5,1.34375,finite
MP00004,matched_non_pattern,Matched non-pattern,nearest_nonpattern_rows_by_total_uncommon_hybrid_and_pattern_evidence,Turning_Dynamics,Acceleration_Dynamics__x__Turning_Dynamics,2,64,64,39,40,0.609375,0.625,0.975,finite
MP00004,matched_non_pattern,Matched non-pattern,nearest_nonpattern_rows_by_total_uncommon_hybrid_and_pattern_evidence,Turning_Dynamics,Spatial_Reach_and_Route__x__Turning_Dynamics,2,64,64,39,34,0.609375,0.53125,1.1470588235294117,finite
MP00004,matched_non_pattern,Matched non-pattern,nearest_nonpattern_rows_by_total_uncommon_hybrid_and_pattern_evidence,Turning_Dynamics,Speed_Dynamics__x__Turning_Dynamics,2,64,64,0,45,0.0,0.703125,0.0,finite
MP00004,near_miss,Near miss,one_missing_uncommonness_count,Speed_Dynamics,Curvature_Geometry__x__Speed_Dynamics,1,64,266,35,26,0.546875,0.09774436090225563,5.594951923076923,finite
MP00004,near_miss,Near miss,one_missing_uncommonness_count,Speed_Dynamics,Speed_Dynamics__x__Temporal_Sequential_Context,1,64,266,32,20,0.5,0.07518796992481203,6.65,finite
MP00004,near_miss,Near miss,one_missing_uncommonness_count,Speed_Dynamics,Acceleration_Dynamics__x__Speed_Dynamics,1,64,266,30,14,0.46875,0.05263157894736842,8.90625,finite
MP00004,near_miss,Near miss,one_missing_uncommonness_count,Speed_Dynamics,Spatial_Reach_and_Route__x__Speed_Dynamics,1,64,266,26,14,0.40625,0.05263157894736842,7.71875,finite
MP00004,near_miss,Near miss,one_missing_uncommonness_count,Speed_Dynamics,Speed_Dynamics__x__Turning_Dynamics,1,64,266,0,0,0.0,0.0,,zero_both
MP00004,near_miss,Near miss,one_missing_uncommonness_count,Turning_Dynamics,Temporal_Sequential_Context__x__Turning_Dynamics,2,64,266,46,140,0.71875,0.5263157894736842,1.365625,finite
MP00004,near_miss,Near miss,one_missing_uncommonness_count,Turning_Dynamics,Curvature_Geometry__x__Turning_Dynamics,2,64,266,43,115,0.671875,0.4323308270676692,1.5540760869565218,finite
MP00004,near_miss,Near miss,one_missing_uncommonness_count,Turning_Dynamics,Acceleration_Dynamics__x__Turning_Dynamics,2,64,266,39,136,0.609375,0.5112781954887218,1.1918658088235294,finite
MP00004,near_miss,Near miss,one_missing_uncommonness_count,Turning_Dynamics,Spatial_Reach_and_Route__x__Turning_Dynamics,2,64,266,39,124,0.609375,0.46616541353383456,1.3072076612903227,finite
MP00004,near_miss,Near miss,one_missing_uncommonness_count,Turning_Dynamics,Speed_Dynamics__x__Turning_Dynamics,2,64,266,0,148,0.0,0.556390977443609,0.0,finite
MP00004,typical_normal,Typical normal,zero_uncommon_and_zero_hybrid_labels,Speed_Dynamics,Curvature_Geometry__x__Speed_Dynamics,1,64,366,35,0,0.546875,0.0,,zero_contrast
MP00004,typical_normal,Typical normal,zero_uncommon_and_zero_hybrid_labels,Speed_Dynamics,Speed_Dynamics__x__Temporal_Sequential_Context,1,64,366,32,0,0.5,0.0,,zero_contrast
MP00004,typical_normal,Typical normal,zero_uncommon_and_zero_hybrid_labels,Speed_Dynamics,Acceleration_Dynamics__x__Speed_Dynamics,1,64,366,30,0,0.46875,0.0,,zero_contrast
MP00004,typical_normal,Typical normal,zero_uncommon_and_zero_hybrid_labels,Speed_Dynamics,Spatial_Reach_and_Route__x__Speed_Dynamics,1,64,366,26,0,0.40625,0.0,,zero_contrast
MP00004,typical_normal,Typical normal,zero_uncommon_and_zero_hybrid_labels,Speed_Dynamics,Speed_Dynamics__x__Turning_Dynamics,1,64,366,0,0,0.0,0.0,,zero_both
MP00004,typical_normal,Typical normal,zero_uncommon_and_zero_hybrid_labels,Turning_Dynamics,Temporal_Sequential_Context__x__Turning_Dynamics,2,64,366,46,0,0.71875,0.0,,zero_contrast
MP00004,typical_normal,Typical normal,zero_uncommon_and_zero_hybrid_labels,Turning_Dynamics,Curvature_Geometry__x__Turning_Dynamics,2,64,366,43,0,0.671875,0.0,,zero_contrast
MP00004,typical_normal,Typical normal,zero_uncommon_and_zero_hybrid_labels,Turning_Dynamics,Acceleration_Dynamics__x__Turning_Dynamics,2,64,366,39,0,0.609375,0.0,,zero_contrast
MP00004,typical_normal,Typical normal,zero_uncommon_and_zero_hybrid_labels,Turning_Dynamics,Spatial_Reach_and_Route__x__Turning_Dynamics,2,64,366,39,0,0.609375,0.0,,zero_contrast
MP00004,typical_normal,Typical normal,zero_uncommon_and_zero_hybrid_labels,Turning_Dynamics,Speed_Dynamics__x__Turning_Dynamics,2,64,366,0,0,0.0,0.0,,zero_both
MP00005,matched_non_pattern,Matched non-pattern,nearest_nonpattern_rows_by_total_uncommon_hybrid_and_pattern_evidence,Acceleration_Dynamics,Acceleration_Dynamics__x__Turning_Dynamics,1,57,57,41,8,0.7192982456140351,0.14035087719298245,5.125,finite
MP00005,matched_non_pattern,Matched non-pattern,nearest_nonpattern_rows_by_total_uncommon_hybrid_and_pattern_evidence,Acceleration_Dynamics,Acceleration_Dynamics__x__Curvature_Geometry,1,57,57,26,14,0.45614035087719296,0.24561403508771928,1.8571428571428572,finite
MP00005,matched_non_pattern,Matched non-pattern,nearest_nonpattern_rows_by_total_uncommon_hybrid_and_pattern_evidence,Acceleration_Dynamics,Acceleration_Dynamics__x__Spatial_Reach_and_Route,1,57,57,26,8,0.45614035087719296,0.14035087719298245,3.25,finite
MP00005,matched_non_pattern,Matched non-pattern,nearest_nonpattern_rows_by_total_uncommon_hybrid_and_pattern_evidence,Acceleration_Dynamics,Acceleration_Dynamics__x__Speed_Dynamics,1,57,57,22,10,0.38596491228070173,0.17543859649122806,2.2,finite
MP00005,matched_non_pattern,Matched non-pattern,nearest_nonpattern_rows_by_total_uncommon_hybrid_and_pattern_evidence,Acceleration_Dynamics,Acceleration_Dynamics__x__Temporal_Sequential_Context,1,57,57,0,16,0.0,0.2807017543859649,0.0,finite
MP00005,matched_non_pattern,Matched non-pattern,nearest_nonpattern_rows_by_total_uncommon_hybrid_and_pattern_evidence,Temporal_Sequential_Context,Temporal_Sequential_Context__x__Turning_Dynamics,2,57,57,43,9,0.7543859649122807,0.15789473684210525,4.777777777777779,finite
MP00005,matched_non_pattern,Matched non-pattern,nearest_nonpattern_rows_by_total_uncommon_hybrid_and_pattern_evidence,Temporal_Sequential_Context,Speed_Dynamics__x__Temporal_Sequential_Context,2,57,57,32,14,0.5614035087719298,0.24561403508771928,2.2857142857142856,finite
MP00005,matched_non_pattern,Matched non-pattern,nearest_nonpattern_rows_by_total_uncommon_hybrid_and_pattern_evidence,Temporal_Sequential_Context,Curvature_Geometry__x__Temporal_Sequential_Context,2,57,57,30,10,0.5263157894736842,0.17543859649122806,3.0,finite
MP00005,matched_non_pattern,Matched non-pattern,nearest_nonpattern_rows_by_total_uncommon_hybrid_and_pattern_evidence,Temporal_Sequential_Context,Spatial_Reach_and_Route__x__Temporal_Sequential_Context,2,57,57,29,10,0.5087719298245614,0.17543859649122806,2.9000000000000004,finite
MP00005,matched_non_pattern,Matched non-pattern,nearest_nonpattern_rows_by_total_uncommon_hybrid_and_pattern_evidence,Temporal_Sequential_Context,Acceleration_Dynamics__x__Temporal_Sequential_Context,2,57,57,0,23,0.0,0.40350877192982454,0.0,finite
MP00005,near_miss,Near miss,one_missing_uncommonness_count,Acceleration_Dynamics,Acceleration_Dynamics__x__Turning_Dynamics,1,57,242,41,69,0.7192982456140351,0.28512396694214875,2.522756165776761,finite
MP00005,near_miss,Near miss,one_missing_uncommonness_count,Acceleration_Dynamics,Acceleration_Dynamics__x__Curvature_Geometry,1,57,242,26,39,0.45614035087719296,0.16115702479338842,2.8304093567251463,finite
MP00005,near_miss,Near miss,one_missing_uncommonness_count,Acceleration_Dynamics,Acceleration_Dynamics__x__Spatial_Reach_and_Route,1,57,242,26,19,0.45614035087719296,0.07851239669421488,5.809787626962142,finite
MP00005,near_miss,Near miss,one_missing_uncommonness_count,Acceleration_Dynamics,Acceleration_Dynamics__x__Speed_Dynamics,1,57,242,22,19,0.38596491228070173,0.07851239669421488,4.915974145891043,finite
MP00005,near_miss,Near miss,one_missing_uncommonness_count,Acceleration_Dynamics,Acceleration_Dynamics__x__Temporal_Sequential_Context,1,57,242,0,0,0.0,0.0,,zero_both
MP00005,near_miss,Near miss,one_missing_uncommonness_count,Temporal_Sequential_Context,Temporal_Sequential_Context__x__Turning_Dynamics,2,57,242,43,114,0.7543859649122807,0.47107438016528924,1.6014158202523854,finite
MP00005,near_miss,Near miss,one_missing_uncommonness_count,Temporal_Sequential_Context,Speed_Dynamics__x__Temporal_Sequential_Context,2,57,242,32,76,0.5614035087719298,0.3140495867768595,1.7876269621421974,finite
MP00005,near_miss,Near miss,one_missing_uncommonness_count,Temporal_Sequential_Context,Curvature_Geometry__x__Temporal_Sequential_Context,2,57,242,30,81,0.5263157894736842,0.3347107438016529,1.5724496426250811,finite
MP00005,near_miss,Near miss,one_missing_uncommonness_count,Temporal_Sequential_Context,Spatial_Reach_and_Route__x__Temporal_Sequential_Context,2,57,242,29,69,0.5087719298245614,0.28512396694214875,1.7843885075006358,finite
MP00005,near_miss,Near miss,one_missing_uncommonness_count,Temporal_Sequential_Context,Acceleration_Dynamics__x__Temporal_Sequential_Context,2,57,242,0,79,0.0,0.32644628099173556,0.0,finite
MP00005,typical_normal,Typical normal,zero_uncommon_and_zero_hybrid_labels,Acceleration_Dynamics,Acceleration_Dynamics__x__Turning_Dynamics,1,57,366,41,0,0.7192982456140351,0.0,,zero_contrast
MP00005,typical_normal,Typical normal,zero_uncommon_and_zero_hybrid_labels,Acceleration_Dynamics,Acceleration_Dynamics__x__Curvature_Geometry,1,57,366,26,0,0.45614035087719296,0.0,,zero_contrast
MP00005,typical_normal,Typical normal,zero_uncommon_and_zero_hybrid_labels,Acceleration_Dynamics,Acceleration_Dynamics__x__Spatial_Reach_and_Route,1,57,366,26,0,0.45614035087719296,0.0,,zero_contrast
MP00005,typical_normal,Typical normal,zero_uncommon_and_zero_hybrid_labels,Acceleration_Dynamics,Acceleration_Dynamics__x__Speed_Dynamics,1,57,366,22,0,0.38596491228070173,0.0,,zero_contrast
MP00005,typical_normal,Typical normal,zero_uncommon_and_zero_hybrid_labels,Acceleration_Dynamics,Acceleration_Dynamics__x__Temporal_Sequential_Context,1,57,366,0,0,0.0,0.0,,zero_both
MP00005,typical_normal,Typical normal,zero_uncommon_and_zero_hybrid_labels,Temporal_Sequential_Context,Temporal_Sequential_Context__x__Turning_Dynamics,2,57,366,43,0,0.7543859649122807,0.0,,zero_contrast
MP00005,typical_normal,Typical normal,zero_uncommon_and_zero_hybrid_labels,Temporal_Sequential_Context,Speed_Dynamics__x__Temporal_Sequential_Context,2,57,366,32,0,0.5614035087719298,0.0,,zero_contrast
MP00005,typical_normal,Typical normal,zero_uncommon_and_zero_hybrid_labels,Temporal_Sequential_Context,Curvature_Geometry__x__Temporal_Sequential_Context,2,57,366,30,0,0.5263157894736842,0.0,,zero_contrast
MP00005,typical_normal,Typical normal,zero_uncommon_and_zero_hybrid_labels,Temporal_Sequential_Context,Spatial_Reach_and_Route__x__Temporal_Sequential_Context,2,57,366,29,0,0.5087719298245614,0.0,,zero_contrast
MP00005,typical_normal,Typical normal,zero_uncommon_and_zero_hybrid_labels,Temporal_Sequential_Context,Acceleration_Dynamics__x__Temporal_Sequential_Context,2,57,366,0,0,0.0,0.0,,zero_both
MP00006,matched_non_pattern,Matched non-pattern,nearest_nonpattern_rows_by_total_uncommon_hybrid_and_pattern_evidence,Curvature_Geometry,Curvature_Geometry__x__Turning_Dynamics,1,68,68,44,10,0.6470588235294118,0.14705882352941177,4.4,finite
MP00006,matched_non_pattern,Matched non-pattern,nearest_nonpattern_rows_by_total_uncommon_hybrid_and_pattern_evidence,Curvature_Geometry,Curvature_Geometry__x__Spatial_Reach_and_Route,1,68,68,33,10,0.4852941176470588,0.14705882352941177,3.3,finite
MP00006,matched_non_pattern,Matched non-pattern,nearest_nonpattern_rows_by_total_uncommon_hybrid_and_pattern_evidence,Curvature_Geometry,Acceleration_Dynamics__x__Curvature_Geometry,1,68,68,29,14,0.4264705882352941,0.20588235294117646,2.0714285714285716,finite
MP00006,matched_non_pattern,Matched non-pattern,nearest_nonpattern_rows_by_total_uncommon_hybrid_and_pattern_evidence,Curvature_Geometry,Curvature_Geometry__x__Speed_Dynamics,1,68,68,28,18,0.4117647058823529,0.2647058823529412,1.5555555555555554,finite
MP00006,matched_non_pattern,Matched non-pattern,nearest_nonpattern_rows_by_total_uncommon_hybrid_and_pattern_evidence,Curvature_Geometry,Curvature_Geometry__x__Temporal_Sequential_Context,1,68,68,0,17,0.0,0.25,0.0,finite
MP00006,matched_non_pattern,Matched non-pattern,nearest_nonpattern_rows_by_total_uncommon_hybrid_and_pattern_evidence,Temporal_Sequential_Context,Temporal_Sequential_Context__x__Turning_Dynamics,2,68,68,46,6,0.6764705882352942,0.08823529411764706,7.666666666666667,finite
MP00006,matched_non_pattern,Matched non-pattern,nearest_nonpattern_rows_by_total_uncommon_hybrid_and_pattern_evidence,Temporal_Sequential_Context,Spatial_Reach_and_Route__x__Temporal_Sequential_Context,2,68,68,39,6,0.5735294117647058,0.08823529411764706,6.499999999999999,finite
MP00006,matched_non_pattern,Matched non-pattern,nearest_nonpattern_rows_by_total_uncommon_hybrid_and_pattern_evidence,Temporal_Sequential_Context,Acceleration_Dynamics__x__Temporal_Sequential_Context,2,68,68,37,3,0.5441176470588235,0.04411764705882353,12.333333333333332,finite
MP00006,matched_non_pattern,Matched non-pattern,nearest_nonpattern_rows_by_total_uncommon_hybrid_and_pattern_evidence,Temporal_Sequential_Context,Speed_Dynamics__x__Temporal_Sequential_Context,2,68,68,37,9,0.5441176470588235,0.1323529411764706,4.111111111111111,finite
MP00006,matched_non_pattern,Matched non-pattern,nearest_nonpattern_rows_by_total_uncommon_hybrid_and_pattern_evidence,Temporal_Sequential_Context,Curvature_Geometry__x__Temporal_Sequential_Context,2,68,68,0,11,0.0,0.16176470588235295,0.0,finite
MP00006,near_miss,Near miss,one_missing_uncommonness_count,Curvature_Geometry,Curvature_Geometry__x__Turning_Dynamics,1,68,181,44,45,0.6470588235294118,0.24861878453038674,2.6026143790849674,finite
MP00006,near_miss,Near miss,one_missing_uncommonness_count,Curvature_Geometry,Curvature_Geometry__x__Spatial_Reach_and_Route,1,68,181,33,17,0.4852941176470588,0.09392265193370165,5.166955017301039,finite
MP00006,near_miss,Near miss,one_missing_uncommonness_count,Curvature_Geometry,Acceleration_Dynamics__x__Curvature_Geometry,1,68,181,29,11,0.4264705882352941,0.06077348066298342,7.017379679144385,finite
MP00006,near_miss,Near miss,one_missing_uncommonness_count,Curvature_Geometry,Curvature_Geometry__x__Speed_Dynamics,1,68,181,28,20,0.4117647058823529,0.11049723756906077,3.726470588235294,finite
MP00006,near_miss,Near miss,one_missing_uncommonness_count,Curvature_Geometry,Curvature_Geometry__x__Temporal_Sequential_Context,1,68,181,0,0,0.0,0.0,,zero_both
MP00006,near_miss,Near miss,one_missing_uncommonness_count,Temporal_Sequential_Context,Temporal_Sequential_Context__x__Turning_Dynamics,2,68,181,46,92,0.6764705882352942,0.5082872928176796,1.3308823529411764,finite
MP00006,near_miss,Near miss,one_missing_uncommonness_count,Temporal_Sequential_Context,Spatial_Reach_and_Route__x__Temporal_Sequential_Context,2,68,181,39,56,0.5735294117647058,0.30939226519337015,1.8537289915966386,finite
MP00006,near_miss,Near miss,one_missing_uncommonness_count,Temporal_Sequential_Context,Acceleration_Dynamics__x__Temporal_Sequential_Context,2,68,181,37,51,0.5441176470588235,0.281767955801105,1.9310841983852363,finite
MP00006,near_miss,Near miss,one_missing_uncommonness_count,Temporal_Sequential_Context,Speed_Dynamics__x__Temporal_Sequential_Context,2,68,181,37,71,0.5441176470588235,0.39226519337016574,1.387116818558409,finite
MP00006,near_miss,Near miss,one_missing_uncommonness_count,Temporal_Sequential_Context,Curvature_Geometry__x__Temporal_Sequential_Context,2,68,181,0,74,0.0,0.4088397790055249,0.0,finite
MP00006,typical_normal,Typical normal,zero_uncommon_and_zero_hybrid_labels,Curvature_Geometry,Curvature_Geometry__x__Turning_Dynamics,1,68,366,44,0,0.6470588235294118,0.0,,zero_contrast
MP00006,typical_normal,Typical normal,zero_uncommon_and_zero_hybrid_labels,Curvature_Geometry,Curvature_Geometry__x__Spatial_Reach_and_Route,1,68,366,33,0,0.4852941176470588,0.0,,zero_contrast
MP00006,typical_normal,Typical normal,zero_uncommon_and_zero_hybrid_labels,Curvature_Geometry,Acceleration_Dynamics__x__Curvature_Geometry,1,68,366,29,0,0.4264705882352941,0.0,,zero_contrast
MP00006,typical_normal,Typical normal,zero_uncommon_and_zero_hybrid_labels,Curvature_Geometry,Curvature_Geometry__x__Speed_Dynamics,1,68,366,28,0,0.4117647058823529,0.0,,zero_contrast
MP00006,typical_normal,Typical normal,zero_uncommon_and_zero_hybrid_labels,Curvature_Geometry,Curvature_Geometry__x__Temporal_Sequential_Context,1,68,366,0,0,0.0,0.0,,zero_both
MP00006,typical_normal,Typical normal,zero_uncommon_and_zero_hybrid_labels,Temporal_Sequential_Context,Temporal_Sequential_Context__x__Turning_Dynamics,2,68,366,46,0,0.6764705882352942,0.0,,zero_contrast
MP00006,typical_normal,Typical normal,zero_uncommon_and_zero_hybrid_labels,Temporal_Sequential_Context,Spatial_Reach_and_Route__x__Temporal_Sequential_Context,2,68,366,39,0,0.5735294117647058,0.0,,zero_contrast
MP00006,typical_normal,Typical normal,zero_uncommon_and_zero_hybrid_labels,Temporal_Sequential_Context,Acceleration_Dynamics__x__Temporal_Sequential_Context,2,68,366,37,0,0.5441176470588235,0.0,,zero_contrast
MP00006,typical_normal,Typical normal,zero_uncommon_and_zero_hybrid_labels,Temporal_Sequential_Context,Speed_Dynamics__x__Temporal_Sequential_Context,2,68,366,37,0,0.5441176470588235,0.0,,zero_contrast
MP00006,typical_normal,Typical normal,zero_uncommon_and_zero_hybrid_labels,Temporal_Sequential_Context,Curvature_Geometry__x__Temporal_Sequential_Context,2,68,366,0,0,0.0,0.0,,zero_both
MP00007,matched_non_pattern,Matched non-pattern,nearest_nonpattern_rows_by_total_uncommon_hybrid_and_pattern_evidence,Acceleration_Dynamics,Acceleration_Dynamics__x__Curvature_Geometry,1,58,58,38,7,0.6551724137931034,0.1206896551724138,5.428571428571428,finite
MP00007,matched_non_pattern,Matched non-pattern,nearest_nonpattern_rows_by_total_uncommon_hybrid_and_pattern_evidence,Acceleration_Dynamics,Acceleration_Dynamics__x__Turning_Dynamics,1,58,58,30,15,0.5172413793103449,0.25862068965517243,2.0,finite
MP00007,matched_non_pattern,Matched non-pattern,nearest_nonpattern_rows_by_total_uncommon_hybrid_and_pattern_evidence,Acceleration_Dynamics,Acceleration_Dynamics__x__Temporal_Sequential_Context,1,58,58,18,9,0.3103448275862069,0.15517241379310345,2.0,finite
MP00007,matched_non_pattern,Matched non-pattern,nearest_nonpattern_rows_by_total_uncommon_hybrid_and_pattern_evidence,Acceleration_Dynamics,Acceleration_Dynamics__x__Spatial_Reach_and_Route,1,58,58,17,12,0.29310344827586204,0.20689655172413793,1.4166666666666665,finite
MP00007,matched_non_pattern,Matched non-pattern,nearest_nonpattern_rows_by_total_uncommon_hybrid_and_pattern_evidence,Acceleration_Dynamics,Acceleration_Dynamics__x__Speed_Dynamics,1,58,58,0,19,0.0,0.3275862068965517,0.0,finite
MP00007,matched_non_pattern,Matched non-pattern,nearest_nonpattern_rows_by_total_uncommon_hybrid_and_pattern_evidence,Speed_Dynamics,Curvature_Geometry__x__Speed_Dynamics,2,58,58,44,6,0.7586206896551724,0.10344827586206896,7.333333333333333,finite
MP00007,matched_non_pattern,Matched non-pattern,nearest_nonpattern_rows_by_total_uncommon_hybrid_and_pattern_evidence,Speed_Dynamics,Speed_Dynamics__x__Turning_Dynamics,2,58,58,37,4,0.6379310344827587,0.06896551724137931,9.250000000000002,finite
MP00007,matched_non_pattern,Matched non-pattern,nearest_nonpattern_rows_by_total_uncommon_hybrid_and_pattern_evidence,Speed_Dynamics,Speed_Dynamics__x__Temporal_Sequential_Context,2,58,58,25,8,0.43103448275862066,0.13793103448275862,3.125,finite
MP00007,matched_non_pattern,Matched non-pattern,nearest_nonpattern_rows_by_total_uncommon_hybrid_and_pattern_evidence,Speed_Dynamics,Spatial_Reach_and_Route__x__Speed_Dynamics,2,58,58,24,11,0.41379310344827586,0.1896551724137931,2.181818181818182,finite
MP00007,matched_non_pattern,Matched non-pattern,nearest_nonpattern_rows_by_total_uncommon_hybrid_and_pattern_evidence,Speed_Dynamics,Acceleration_Dynamics__x__Speed_Dynamics,2,58,58,0,12,0.0,0.20689655172413793,0.0,finite
MP00007,near_miss,Near miss,one_missing_uncommonness_count,Acceleration_Dynamics,Acceleration_Dynamics__x__Curvature_Geometry,1,58,229,38,28,0.6551724137931034,0.1222707423580786,5.358374384236454,finite
MP00007,near_miss,Near miss,one_missing_uncommonness_count,Acceleration_Dynamics,Acceleration_Dynamics__x__Turning_Dynamics,1,58,229,30,64,0.5172413793103449,0.2794759825327511,1.8507543103448278,finite
MP00007,near_miss,Near miss,one_missing_uncommonness_count,Acceleration_Dynamics,Acceleration_Dynamics__x__Temporal_Sequential_Context,1,58,229,18,14,0.3103448275862069,0.0611353711790393,5.076354679802956,finite
MP00007,near_miss,Near miss,one_missing_uncommonness_count,Acceleration_Dynamics,Acceleration_Dynamics__x__Spatial_Reach_and_Route,1,58,229,17,12,0.29310344827586204,0.05240174672489083,5.593390804597701,finite
MP00007,near_miss,Near miss,one_missing_uncommonness_count,Acceleration_Dynamics,Acceleration_Dynamics__x__Speed_Dynamics,1,58,229,0,0,0.0,0.0,,zero_both
MP00007,near_miss,Near miss,one_missing_uncommonness_count,Speed_Dynamics,Curvature_Geometry__x__Speed_Dynamics,2,58,229,44,97,0.7586206896551724,0.42358078602620086,1.790970494134376,finite
MP00007,near_miss,Near miss,one_missing_uncommonness_count,Speed_Dynamics,Speed_Dynamics__x__Turning_Dynamics,2,58,229,37,111,0.6379310344827587,0.4847161572052402,1.3160919540229885,finite
MP00007,near_miss,Near miss,one_missing_uncommonness_count,Speed_Dynamics,Speed_Dynamics__x__Temporal_Sequential_Context,2,58,229,25,75,0.43103448275862066,0.32751091703056767,1.3160919540229885,finite
MP00007,near_miss,Near miss,one_missing_uncommonness_count,Speed_Dynamics,Spatial_Reach_and_Route__x__Speed_Dynamics,2,58,229,24,66,0.41379310344827586,0.28820960698689957,1.4357366771159874,finite
MP00007,near_miss,Near miss,one_missing_uncommonness_count,Speed_Dynamics,Acceleration_Dynamics__x__Speed_Dynamics,2,58,229,0,70,0.0,0.3056768558951965,0.0,finite
MP00007,typical_normal,Typical normal,zero_uncommon_and_zero_hybrid_labels,Acceleration_Dynamics,Acceleration_Dynamics__x__Curvature_Geometry,1,58,366,38,0,0.6551724137931034,0.0,,zero_contrast
MP00007,typical_normal,Typical normal,zero_uncommon_and_zero_hybrid_labels,Acceleration_Dynamics,Acceleration_Dynamics__x__Turning_Dynamics,1,58,366,30,0,0.5172413793103449,0.0,,zero_contrast
MP00007,typical_normal,Typical normal,zero_uncommon_and_zero_hybrid_labels,Acceleration_Dynamics,Acceleration_Dynamics__x__Temporal_Sequential_Context,1,58,366,18,0,0.3103448275862069,0.0,,zero_contrast
MP00007,typical_normal,Typical normal,zero_uncommon_and_zero_hybrid_labels,Acceleration_Dynamics,Acceleration_Dynamics__x__Spatial_Reach_and_Route,1,58,366,17,0,0.29310344827586204,0.0,,zero_contrast
MP00007,typical_normal,Typical normal,zero_uncommon_and_zero_hybrid_labels,Acceleration_Dynamics,Acceleration_Dynamics__x__Speed_Dynamics,1,58,366,0,0,0.0,0.0,,zero_both
MP00007,typical_normal,Typical normal,zero_uncommon_and_zero_hybrid_labels,Speed_Dynamics,Curvature_Geometry__x__Speed_Dynamics,2,58,366,44,0,0.7586206896551724,0.0,,zero_contrast
MP00007,typical_normal,Typical normal,zero_uncommon_and_zero_hybrid_labels,Speed_Dynamics,Speed_Dynamics__x__Turning_Dynamics,2,58,366,37,0,0.6379310344827587,0.0,,zero_contrast
MP00007,typical_normal,Typical normal,zero_uncommon_and_zero_hybrid_labels,Speed_Dynamics,Speed_Dynamics__x__Temporal_Sequential_Context,2,58,366,25,0,0.43103448275862066,0.0,,zero_contrast
MP00007,typical_normal,Typical normal,zero_uncommon_and_zero_hybrid_labels,Speed_Dynamics,Spatial_Reach_and_Route__x__Speed_Dynamics,2,58,366,24,0,0.41379310344827586,0.0,,zero_contrast
MP00007,typical_normal,Typical normal,zero_uncommon_and_zero_hybrid_labels,Speed_Dynamics,Acceleration_Dynamics__x__Speed_Dynamics,2,58,366,0,0,0.0,0.0,,zero_both
MP00008,matched_non_pattern,Matched non-pattern,nearest_nonpattern_rows_by_total_uncommon_hybrid_and_pattern_evidence,Acceleration_Dynamics,Acceleration_Dynamics__x__Turning_Dynamics,2,47,47,35,9,0.7446808510638298,0.19148936170212766,3.888888888888889,finite
MP00008,matched_non_pattern,Matched non-pattern,nearest_nonpattern_rows_by_total_uncommon_hybrid_and_pattern_evidence,Acceleration_Dynamics,Acceleration_Dynamics__x__Speed_Dynamics,2,47,47,30,11,0.6382978723404256,0.23404255319148937,2.7272727272727275,finite
MP00008,matched_non_pattern,Matched non-pattern,nearest_nonpattern_rows_by_total_uncommon_hybrid_and_pattern_evidence,Acceleration_Dynamics,Acceleration_Dynamics__x__Spatial_Reach_and_Route,2,47,47,27,9,0.574468085106383,0.19148936170212766,3.0000000000000004,finite
MP00008,matched_non_pattern,Matched non-pattern,nearest_nonpattern_rows_by_total_uncommon_hybrid_and_pattern_evidence,Acceleration_Dynamics,Acceleration_Dynamics__x__Temporal_Sequential_Context,2,47,47,20,8,0.425531914893617,0.1702127659574468,2.5,finite
MP00008,matched_non_pattern,Matched non-pattern,nearest_nonpattern_rows_by_total_uncommon_hybrid_and_pattern_evidence,Acceleration_Dynamics,Acceleration_Dynamics__x__Curvature_Geometry,2,47,47,0,14,0.0,0.2978723404255319,0.0,finite
MP00008,matched_non_pattern,Matched non-pattern,nearest_nonpattern_rows_by_total_uncommon_hybrid_and_pattern_evidence,Curvature_Geometry,Curvature_Geometry__x__Turning_Dynamics,1,47,47,34,6,0.723404255319149,0.1276595744680851,5.666666666666668,finite
MP00008,matched_non_pattern,Matched non-pattern,nearest_nonpattern_rows_by_total_uncommon_hybrid_and_pattern_evidence,Curvature_Geometry,Curvature_Geometry__x__Speed_Dynamics,1,47,47,24,14,0.5106382978723404,0.2978723404255319,1.7142857142857142,finite
MP00008,matched_non_pattern,Matched non-pattern,nearest_nonpattern_rows_by_total_uncommon_hybrid_and_pattern_evidence,Curvature_Geometry,Curvature_Geometry__x__Spatial_Reach_and_Route,1,47,47,21,10,0.44680851063829785,0.2127659574468085,2.1,finite
MP00008,matched_non_pattern,Matched non-pattern,nearest_nonpattern_rows_by_total_uncommon_hybrid_and_pattern_evidence,Curvature_Geometry,Curvature_Geometry__x__Temporal_Sequential_Context,1,47,47,16,9,0.3404255319148936,0.19148936170212766,1.7777777777777777,finite
MP00008,matched_non_pattern,Matched non-pattern,nearest_nonpattern_rows_by_total_uncommon_hybrid_and_pattern_evidence,Curvature_Geometry,Acceleration_Dynamics__x__Curvature_Geometry,1,47,47,0,18,0.0,0.3829787234042553,0.0,finite
MP00008,near_miss,Near miss,one_missing_uncommonness_count,Acceleration_Dynamics,Acceleration_Dynamics__x__Turning_Dynamics,2,47,210,35,103,0.7446808510638298,0.49047619047619045,1.5182813468291676,finite
MP00008,near_miss,Near miss,one_missing_uncommonness_count,Acceleration_Dynamics,Acceleration_Dynamics__x__Speed_Dynamics,2,47,210,30,63,0.6382978723404256,0.3,2.1276595744680855,finite
MP00008,near_miss,Near miss,one_missing_uncommonness_count,Acceleration_Dynamics,Acceleration_Dynamics__x__Spatial_Reach_and_Route,2,47,210,27,65,0.574468085106383,0.30952380952380953,1.855973813420622,finite
MP00008,near_miss,Near miss,one_missing_uncommonness_count,Acceleration_Dynamics,Acceleration_Dynamics__x__Temporal_Sequential_Context,2,47,210,20,63,0.425531914893617,0.3,1.4184397163120568,finite
MP00008,near_miss,Near miss,one_missing_uncommonness_count,Acceleration_Dynamics,Acceleration_Dynamics__x__Curvature_Geometry,2,47,210,0,85,0.0,0.40476190476190477,0.0,finite
MP00008,near_miss,Near miss,one_missing_uncommonness_count,Curvature_Geometry,Curvature_Geometry__x__Turning_Dynamics,1,47,210,34,55,0.723404255319149,0.2619047619047619,2.762088974854932,finite
MP00008,near_miss,Near miss,one_missing_uncommonness_count,Curvature_Geometry,Curvature_Geometry__x__Speed_Dynamics,1,47,210,24,28,0.5106382978723404,0.13333333333333333,3.829787234042553,finite
MP00008,near_miss,Near miss,one_missing_uncommonness_count,Curvature_Geometry,Curvature_Geometry__x__Spatial_Reach_and_Route,1,47,210,21,20,0.44680851063829785,0.09523809523809523,4.691489361702128,finite
MP00008,near_miss,Near miss,one_missing_uncommonness_count,Curvature_Geometry,Curvature_Geometry__x__Temporal_Sequential_Context,1,47,210,16,24,0.3404255319148936,0.11428571428571428,2.978723404255319,finite
MP00008,near_miss,Near miss,one_missing_uncommonness_count,Curvature_Geometry,Acceleration_Dynamics__x__Curvature_Geometry,1,47,210,0,0,0.0,0.0,,zero_both
MP00008,typical_normal,Typical normal,zero_uncommon_and_zero_hybrid_labels,Acceleration_Dynamics,Acceleration_Dynamics__x__Turning_Dynamics,2,47,366,35,0,0.7446808510638298,0.0,,zero_contrast
MP00008,typical_normal,Typical normal,zero_uncommon_and_zero_hybrid_labels,Acceleration_Dynamics,Acceleration_Dynamics__x__Speed_Dynamics,2,47,366,30,0,0.6382978723404256,0.0,,zero_contrast
MP00008,typical_normal,Typical normal,zero_uncommon_and_zero_hybrid_labels,Acceleration_Dynamics,Acceleration_Dynamics__x__Spatial_Reach_and_Route,2,47,366,27,0,0.574468085106383,0.0,,zero_contrast
MP00008,typical_normal,Typical normal,zero_uncommon_and_zero_hybrid_labels,Acceleration_Dynamics,Acceleration_Dynamics__x__Temporal_Sequential_Context,2,47,366,20,0,0.425531914893617,0.0,,zero_contrast
MP00008,typical_normal,Typical normal,zero_uncommon_and_zero_hybrid_labels,Acceleration_Dynamics,Acceleration_Dynamics__x__Curvature_Geometry,2,47,366,0,0,0.0,0.0,,zero_both
MP00008,typical_normal,Typical normal,zero_uncommon_and_zero_hybrid_labels,Curvature_Geometry,Curvature_Geometry__x__Turning_Dynamics,1,47,366,34,0,0.723404255319149,0.0,,zero_contrast
MP00008,typical_normal,Typical normal,zero_uncommon_and_zero_hybrid_labels,Curvature_Geometry,Curvature_Geometry__x__Speed_Dynamics,1,47,366,24,0,0.5106382978723404,0.0,,zero_contrast
MP00008,typical_normal,Typical normal,zero_uncommon_and_zero_hybrid_labels,Curvature_Geometry,Curvature_Geometry__x__Spatial_Reach_and_Route,1,47,366,21,0,0.44680851063829785,0.0,,zero_contrast
MP00008,typical_normal,Typical normal,zero_uncommon_and_zero_hybrid_labels,Curvature_Geometry,Curvature_Geometry__x__Temporal_Sequential_Context,1,47,366,16,0,0.3404255319148936,0.0,,zero_contrast
MP00008,typical_normal,Typical normal,zero_uncommon_and_zero_hybrid_labels,Curvature_Geometry,Acceleration_Dynamics__x__Curvature_Geometry,1,47,366,0,0,0.0,0.0,,zero_both
