trajectory_id,object_id,geometric,kinematic,curvature,indentation,speed,acceleration
1,116,0.8434,0.0632,0.223,0.9471,0.073,0.0524
2,116,0.0869,0.1124,0.1383,0.1081,0.1077,0.1004
3,116,0.6013,0.0871,0.2933,0.8405,0.0821,0.0983
4,118,0.369,0.1704,0.4981,0.294,0.2026,0.0531
5,118,0.6904,0.1146,0.0242,0.9259,0.1295,0.0284
6,118,0.1945,0.5863,0.3802,0.0877,0.637,0.0211
7,118,0.1618,0.0528,0.1308,0.3379,0.064,0.0364
8,118,0.4981,0.1168,0.2978,0.6425,0.0971,0.1507
9,118,1.0,0.1124,1.0,0.9169,0.1092,0.1448
10,118,0.0267,0.2254,0.0317,0.0756,0.2545,0.1295
11,118,0.1047,0.0394,0.1247,0.1134,0.0369,0.0524
12,118,0.1084,0.2307,0.0212,0.294,0.241,0.2001
13,118,0.5754,0.0662,0.5208,0.607,0.0776,0.0393
14,118,0.3244,0.7664,0.1837,0.4701,0.7756,0.7438
15,118,0.8203,0.66,0.8889,0.4203,0.6431,0.7569
16,118,0.6555,0.2552,0.1293,0.8776,0.2869,0.1245
17,118,0.8189,0.1801,0.9153,0.2872,0.2048,0.0524
18,118,0.2769,0.1205,0.0779,0.7483,0.1288,0.0895
19,118,0.1136,0.0975,0.2063,0.1247,0.1107,0.0852
20,118,0.052,0.2076,0.0491,0.1353,0.2229,0.1405
21,118,0.239,0.1585,0.4225,0.1542,0.1762,0.0764
22,118,0.3215,0.1019,0.2736,0.3802,0.1235,0.0342
23,118,0.049,0.1488,0.0423,0.1043,0.1453,0.1397
24,118,0.9985,0.1756,0.997,0.8896,0.256,0.048
25,118,0.9978,0.9769,1.0,0.3046,0.9608,0.9687
26,118,0.9933,0.6801,0.9962,0.4339,0.692,0.5633
27,118,0.3742,0.1138,0.7717,0.1663,0.119,0.0866
28,118,0.5197,0.0856,0.514,0.542,0.0926,0.115
29,118,0.9926,0.372,0.9992,0.0673,0.3818,0.4345
30,118,0.3081,0.1295,0.3243,0.3998,0.122,0.1572
31,118,0.9985,0.2284,0.9992,0.8095,0.2425,0.1514
32,144,0.124,0.8616,0.0922,0.2366,0.8095,0.96
33,144,0.32,0.0856,0.0779,0.5125,0.0745,0.1055
34,144,0.0891,0.1198,0.3129,0.0113,0.116,0.0939
35,144,0.2888,0.1094,0.0711,0.5881,0.1032,0.1099
36,166,1.0,0.9911,1.0,0.9909,0.1107,0.992
37,166,0.02,0.1585,0.0302,0.1202,0.1664,0.1288
38,166,0.4521,0.1302,0.26,0.5427,0.113,0.2132
39,166,0.1425,0.1004,0.1285,0.2116,0.1017,0.0771
40,166,0.1752,0.0238,0.0688,0.3333,0.0158,0.155
41,166,0.0683,0.0,0.0915,0.1088,0.0015,0.0204
42,166,0.3252,0.0536,0.1602,0.5163,0.0595,0.0073
43,166,0.9094,0.9211,0.9667,0.2139,0.9232,0.7802
44,166,0.8114,0.1458,0.9524,0.4346,0.128,0.4716
45,166,0.2272,0.567,0.0779,0.4785,0.6536,0.1135
46,168,0.1463,0.1793,0.1459,0.2086,0.1935,0.0968
47,168,0.1203,0.9278,0.1285,0.1466,0.9247,0.9243
48,168,0.9376,0.5751,0.7521,0.9214,0.6069,0.0371
49,168,0.0928,0.0878,0.0325,0.2283,0.0858,0.1012
50,168,0.0408,0.2418,0.0854,0.0756,0.2681,0.1463
51,168,0.0646,0.154,0.0431,0.1111,0.1303,0.3428
52,168,0.0973,0.1496,0.1504,0.0907,0.1611,0.1179
53,168,0.1136,0.5007,0.2033,0.0892,0.5595,0.032
54,168,0.0579,0.1696,0.0892,0.0839,0.1747,0.1295
55,168,0.9376,0.8467,0.9811,0.1277,0.8509,0.762
56,168,0.7097,0.997,0.8821,0.1807,0.991,0.9985
57,168,0.0505,0.1429,0.0476,0.1247,0.1514,0.1368
58,168,0.1329,0.253,0.068,0.2698,0.2892,0.1419
59,168,0.0497,0.1629,0.0597,0.124,0.1755,0.0968
60,168,0.0668,0.7634,0.0869,0.0574,0.8012,0.4229
61,168,0.1522,0.125,0.0816,0.3621,0.1303,0.075
62,168,0.4135,0.2478,0.0771,0.7007,0.3494,0.0655
63,168,0.34,0.6324,0.1202,0.582,0.6536,0.5298
64,168,0.9013,0.7991,0.9675,0.0234,0.7997,0.7656
65,168,0.3823,0.1555,0.1633,0.5986,0.1589,0.1463
66,168,0.3786,0.1406,0.3537,0.4172,0.1498,0.1164
67,168,0.9072,0.1265,0.291,0.9743,0.1333,0.0786
68,168,0.3927,0.0707,0.6085,0.2336,0.0836,0.0691
69,168,0.0713,0.0402,0.1542,0.0567,0.0565,0.0218
70,168,0.5011,0.1533,0.0227,0.845,0.1559,0.1987
71,168,0.0453,0.099,0.0642,0.0741,0.0851,0.1121
72,168,0.9488,1.0,0.9947,0.1134,0.9977,1.0
73,168,0.9948,0.9836,0.9985,0.0499,0.9759,0.8945
74,168,0.0935,0.9025,0.0559,0.2389,0.8133,0.9745
75,168,0.1789,0.122,0.1602,0.3265,0.1137,0.0881
76,168,0.2123,0.1436,0.1036,0.4361,0.1604,0.0721
77,168,0.2094,0.157,0.2502,0.2464,0.1642,0.1223
78,168,0.046,0.2121,0.155,0.0068,0.2041,0.3108
79,168,0.0327,0.1094,0.0325,0.0801,0.1047,0.0895
80,168,0.0928,0.2001,0.0144,0.2721,0.2229,0.1361
81,168,0.9978,0.1183,0.7778,0.997,0.1755,0.0393
82,183,0.8582,0.1317,0.059,0.963,0.128,0.2671
83,183,0.0505,0.0662,0.0847,0.0605,0.0753,0.0386
84,183,0.51,0.1034,0.681,0.35,0.0971,0.1259
85,183,0.3964,0.1875,0.0711,0.7491,0.2018,0.1368
86,183,0.1492,0.1369,0.2426,0.133,0.1611,0.0328
87,183,0.1841,0.1488,0.1413,0.4588,0.1958,0.0757
88,183,0.0245,0.0506,0.0068,0.0794,0.0429,0.1012
89,183,0.5108,0.1808,0.062,0.774,0.1935,0.0968
90,183,0.2205,0.9494,0.3908,0.1852,0.9352,0.9068
91,183,0.5338,0.1972,0.1066,0.8012,0.2259,0.1179
92,183,0.4573,0.0365,0.6614,0.3356,0.0542,0.0116
93,183,0.2108,0.099,0.2101,0.2842,0.1032,0.0837
94,183,0.6273,0.2225,0.8806,0.1051,0.2733,0.1063
95,183,0.1425,0.0818,0.0824,0.2774,0.0791,0.1063
96,183,0.5865,0.0759,0.1716,0.7846,0.0949,0.0328
97,183,0.5212,0.0722,0.8609,0.0476,0.0919,0.0313
98,183,0.0705,0.1376,0.1043,0.0665,0.1386,0.1208
99,183,0.2487,0.1071,0.0574,0.5215,0.1642,0.0779
100,183,0.7305,0.4896,0.7952,0.4271,0.5437,0.3479
101,183,0.0809,0.308,0.0741,0.1905,0.4111,0.1295
102,183,0.1967,0.0231,0.285,0.1708,0.0309,0.0502
103,183,0.1047,0.1763,0.065,0.2056,0.1935,0.1259
104,183,0.7045,0.5156,0.7362,0.61,0.5377,0.4556
105,183,0.9614,0.3222,0.9781,0.2215,0.1739,0.7868
106,183,0.0705,0.1644,0.0711,0.1421,0.2214,0.0873
107,183,0.3497,0.8296,0.6485,0.133,0.8245,0.8282
108,183,0.0646,0.3199,0.0393,0.1822,0.4209,0.1237
109,183,0.8567,0.724,0.9221,0.3477,0.7161,0.7416
110,183,0.2814,0.5126,0.4754,0.1429,0.5602,0.2234
111,183,0.9948,0.0216,0.8549,0.9872,0.0173,0.1521
112,183,0.2814,0.2232,0.0711,0.5843,0.2854,0.1164
113,183,0.608,0.6987,0.8367,0.2094,0.7161,0.54
114,183,0.712,0.006,0.8813,0.2646,0.0038,0.0262
115,183,0.0297,0.2374,0.0484,0.0454,0.2711,0.0881
116,183,0.4388,0.096,0.1413,0.5616,0.0919,0.0939
117,183,0.0817,0.9665,0.0741,0.1398,0.9654,0.8974
118,183,0.0438,0.125,0.0847,0.0325,0.1205,0.1179
119,183,0.3215,0.6801,0.0416,0.6402,0.7643,0.0983
120,183,0.1269,0.2217,0.0385,0.4407,0.2485,0.1674
121,183,0.0408,0.0677,0.1058,0.0287,0.0693,0.0546
122,183,0.2242,0.1964,0.5639,0.0635,0.2214,0.1106
123,183,0.3615,0.8125,0.1474,0.4921,0.6566,0.9694
124,183,0.1269,0.1875,0.288,0.0189,0.2078,0.0881
125,183,0.1626,0.0818,0.4369,0.028,0.0986,0.0531
126,183,0.3868,0.1347,0.028,0.7143,0.128,0.1295
127,183,0.193,0.1064,0.0227,0.3643,0.1002,0.1128
128,183,0.0794,0.0997,0.1534,0.0174,0.0934,0.1143
129,183,0.4915,0.0521,0.6727,0.2978,0.0557,0.0451
130,183,0.0215,0.1987,0.0068,0.0983,0.2131,0.1426
131,183,0.0527,0.1265,0.1738,0.0159,0.1212,0.1616
132,183,0.1307,0.1778,0.0801,0.2389,0.2101,0.2147
133,183,0.7439,0.378,0.8866,0.1504,0.4367,0.0386
134,183,0.242,0.0565,0.1013,0.4565,0.0527,0.0575
135,183,0.271,0.3423,0.1466,0.3923,0.445,0.1179
136,183,0.026,0.5134,0.1557,0.0181,0.5685,0.2773
137,183,0.5256,0.151,0.4233,0.5608,0.1107,0.6885
138,183,0.0653,0.1451,0.093,0.0975,0.1581,0.1114
139,183,0.0564,0.1771,0.0627,0.1217,0.1815,0.1114
140,183,0.0423,0.2827,0.0847,0.0582,0.4495,0.0459
141,183,0.046,0.2894,0.0665,0.0559,0.2944,0.4141
142,183,0.1225,0.7418,0.2207,0.0771,0.7349,0.7518
143,183,0.0089,0.5089,0.0219,0.034,0.616,0.1376
144,183,0.1047,0.4107,0.1444,0.0922,0.4495,0.3042
145,183,0.2739,0.0826,0.1844,0.3303,0.1032,0.0742
146,183,0.4195,0.2604,0.1648,0.551,0.1378,0.7787
147,183,0.5271,0.3728,0.8118,0.226,0.4699,0.0371
148,183,0.2428,0.8899,0.2162,0.263,0.9021,0.7409
149,183,0.2027,0.1168,0.068,0.4558,0.1205,0.0953
150,183,0.4388,0.1317,0.5329,0.3507,0.1498,0.0684
151,183,0.974,0.0759,0.9819,0.4822,0.0595,0.4068
152,183,0.8211,0.1503,0.7536,0.7589,0.1664,0.0764
153,183,0.2457,0.1183,0.5805,0.0484,0.1039,0.1492
154,183,0.3177,0.1057,0.6591,0.0733,0.125,0.0328
155,183,0.0564,0.1198,0.0763,0.0869,0.1273,0.1077
156,183,0.1299,0.1488,0.1073,0.2011,0.131,0.2001
157,183,1.0,0.1034,1.0,0.0257,0.1047,0.0575
158,183,0.9993,0.9003,1.0,0.6107,0.9051,0.436
159,183,0.7149,0.0766,0.9819,0.0166,0.0648,0.1208
160,183,0.9755,0.0796,0.9894,0.5442,0.07,0.0946
161,184,0.3771,0.1168,0.1293,0.6062,0.0911,0.3792
162,184,0.7587,0.404,0.8806,0.294,0.512,0.0939
163,184,0.1789,0.0975,0.3908,0.0605,0.0956,0.1703
164,184,0.971,0.5357,0.9917,0.1005,0.561,0.3399
165,184,0.0831,0.558,0.1814,0.0605,0.558,0.3865
166,184,0.4744,0.0208,0.0431,0.7687,0.0211,0.0459
167,184,0.1121,0.1019,0.1708,0.0642,0.0911,0.1703
168,184,0.1529,0.1243,0.2033,0.1738,0.1152,0.206
169,184,0.0794,0.1749,0.0998,0.1686,0.1852,0.1608
170,184,0.2019,0.1213,0.2532,0.2124,0.1258,0.0793
171,184,0.6919,0.1168,0.8904,0.1028,0.1318,0.0488
172,184,0.288,0.9003,0.0423,0.5631,0.9021,0.7846
173,184,0.1581,0.1369,0.2517,0.1013,0.1529,0.0684
174,184,0.3088,0.2269,0.2063,0.3976,0.262,0.1114
175,184,0.3756,0.1443,0.1005,0.5336,0.1649,0.0735
176,184,0.2524,0.1518,0.5926,0.0816,0.1664,0.0968
177,184,0.2442,0.1853,0.486,0.124,0.2026,0.0873
178,184,0.8166,0.6987,0.9138,0.1943,0.6589,0.8159
179,184,0.0401,0.0625,0.0514,0.0756,0.1137,0.0204
180,184,0.0839,0.0573,0.1701,0.0779,0.067,0.0408
181,184,0.637,0.1964,0.6704,0.5601,0.2033,0.1354
182,184,0.611,0.131,0.4739,0.6515,0.1393,0.0509
183,184,0.4952,0.1592,0.0983,0.7611,0.1747,0.0953
184,184,0.732,0.1771,0.5336,0.7732,0.2026,0.0393
185,184,0.118,0.2262,0.1512,0.1262,0.2364,0.1419
186,184,0.4929,0.6637,0.7468,0.3152,0.6777,0.5182
187,184,0.3029,0.4129,0.5949,0.1172,0.4714,0.0655
188,184,0.1336,0.0997,0.0612,0.2759,0.1506,0.0699
189,184,0.2339,0.032,0.5608,0.0718,0.0301,0.0735
190,184,0.0765,0.5565,0.1754,0.0423,0.6611,0.1681
191,184,0.2947,0.1146,0.0658,0.6432,0.1002,0.1769
192,184,0.9592,0.1138,0.997,0.1489,0.1137,0.0553
193,201,0.6385,0.1101,0.5117,0.6599,0.1092,0.123
194,201,0.118,0.5119,0.1345,0.133,0.5241,0.4279
195,201,0.7602,0.1927,0.1066,0.9297,0.2101,0.1317
196,215,0.1106,0.1555,0.1686,0.1708,0.1642,0.0968
197,215,0.3007,0.2254,0.0506,0.4936,0.2342,0.1536
198,217,0.5523,0.4003,0.2404,0.6977,0.3901,0.5182
199,217,0.5471,0.5938,0.3757,0.6372,0.6973,0.1339
200,247,0.3823,0.1644,0.5843,0.223,0.1679,0.1332
201,247,0.0564,0.0208,0.0733,0.0597,0.0339,0.0422
202,247,0.0512,0.131,0.0847,0.0899,0.1363,0.0757
203,247,0.0557,0.151,0.099,0.096,0.1596,0.1048
204,247,0.0661,0.1243,0.0,0.2003,0.1145,0.1281
205,247,0.1915,0.0915,0.0355,0.5775,0.0761,0.1266
206,247,0.1321,0.6027,0.1663,0.1413,0.7056,0.1186
207,247,0.392,0.3341,0.585,0.2691,0.3675,0.2227
208,247,0.124,0.1339,0.0854,0.2434,0.1446,0.0699
209,247,0.6682,0.4836,0.4044,0.7332,0.4925,0.5357
210,247,0.1463,0.6607,0.1043,0.1988,0.6988,0.0444
211,247,0.6763,0.064,0.9017,0.0695,0.0738,0.0444
212,247,0.1789,0.1957,0.1141,0.3711,0.2093,0.0779
213,247,0.9926,0.9993,0.994,0.2819,0.9917,1.0
214,247,0.2272,0.1972,0.4898,0.0688,0.2176,0.075
215,247,0.4358,0.1823,0.0627,0.6387,0.1995,0.1055
216,247,0.0549,0.1272,0.1073,0.0688,0.1318,0.2402
217,247,0.2658,0.0744,0.2449,0.2872,0.0889,0.0247
218,247,0.9473,0.1481,0.0401,0.9924,0.1506,0.1164
219,247,0.317,0.1079,0.0461,0.7045,0.1122,0.0793
220,247,0.0831,0.1138,0.127,0.1172,0.1062,0.1412
221,247,0.0861,0.1369,0.1345,0.102,0.1355,0.1245
222,247,0.1076,0.6176,0.1421,0.1036,0.6611,0.2787
223,247,0.1507,0.0729,0.195,0.1512,0.0678,0.1092
224,247,0.2777,0.1875,0.1247,0.4074,0.2093,0.1106
225,247,0.1685,0.1287,0.0174,0.3719,0.1205,0.1426
226,247,0.2903,0.1339,0.0801,0.4649,0.128,0.1259
227,247,0.2042,0.6801,0.2487,0.2132,0.7108,0.5153
228,247,0.0542,0.1243,0.0317,0.2192,0.113,0.107
229,247,0.1566,0.1168,0.3182,0.059,0.1009,0.2045
230,247,0.0705,0.3088,0.1141,0.1293,0.3441,0.2125
231,247,0.1552,0.1079,0.0726,0.3016,0.1107,0.083
232,247,0.0854,0.6109,0.1156,0.1058,0.6047,0.6594
233,247,0.2621,0.1853,0.0499,0.4596,0.1973,0.1274
234,247,0.6028,0.1451,0.3613,0.6954,0.1483,0.1179
235,247,0.1774,0.2455,0.4074,0.0658,0.2982,0.056
236,247,0.0535,0.0677,0.0559,0.1164,0.0595,0.1004
237,247,0.0609,0.744,0.1217,0.0408,0.7877,0.2358
238,247,0.899,0.0238,0.9206,0.5367,0.0068,0.3748
239,247,0.2309,0.0074,0.254,0.2411,0.0068,0.0502
240,247,0.0772,0.1518,0.1436,0.0816,0.1544,0.1776
241,247,0.2532,0.1964,0.0552,0.4596,0.2169,0.1201
242,247,0.6221,0.1622,0.7491,0.4339,0.1694,0.107
243,247,0.8797,0.1257,0.3341,0.9244,0.1212,0.1288
244,248,0.1648,0.1205,0.1988,0.1912,0.137,0.0306
245,248,0.1552,0.0729,0.1489,0.2018,0.0738,0.0611
246,248,0.0876,0.1205,0.0484,0.2925,0.1099,0.1245
247,248,0.3578,0.1518,0.099,0.5155,0.1506,0.1601
248,248,0.9354,0.7775,0.969,0.0748,0.7598,0.8508
249,248,0.0334,0.66,0.0227,0.161,0.7477,0.0859
250,248,0.5813,0.1615,0.059,0.8904,0.1634,0.1507
251,248,0.0839,0.5625,0.0416,0.3137,0.6544,0.147
252,248,0.3192,0.0365,0.1822,0.4618,0.0399,0.0247
253,248,0.1678,0.7746,0.1988,0.2373,0.8163,0.0378
254,248,0.026,0.1324,0.065,0.0522,0.1423,0.1194
255,248,0.0913,0.7225,0.0892,0.1754,0.6235,0.9061
256,248,0.0579,0.3624,0.0665,0.0726,0.4774,0.1325
257,248,0.1054,0.1875,0.232,0.0423,0.2086,0.0953
258,250,0.0891,0.1577,0.1988,0.0718,0.1551,0.1434
259,250,0.1195,0.2083,0.0522,0.3273,0.2771,0.1354
260,250,0.389,0.0618,0.0839,0.7226,0.0587,0.0677
261,250,0.2873,0.1183,0.0454,0.5306,0.1167,0.099
262,250,0.2442,0.0729,0.4376,0.2139,0.0745,0.0197
263,250,0.703,0.6339,0.8859,0.1693,0.5776,0.8173
264,250,0.8693,0.5915,0.9599,0.4119,0.6002,0.5808
265,250,0.1114,0.1875,0.1051,0.2086,0.198,0.1143
266,250,0.1663,0.1964,0.065,0.3114,0.2056,0.1426
267,250,0.0772,0.1146,0.2457,0.0189,0.122,0.0771
268,250,0.072,0.1689,0.0733,0.1852,0.1943,0.0553
269,250,0.0742,0.1429,0.0423,0.2079,0.1453,0.1252
270,250,0.2168,0.0967,0.4369,0.1066,0.1032,0.1055
271,250,0.1359,0.5305,0.3288,0.0272,0.5633,0.1463
272,250,0.1143,0.0156,0.2948,0.0718,0.0226,0.0684
273,250,0.4417,0.2188,0.7551,0.0998,0.238,0.115
274,250,0.1529,0.8958,0.1232,0.3091,0.8502,0.9672
275,250,0.0208,0.1451,0.0076,0.1572,0.1649,0.099
276,250,0.8983,0.593,0.9509,0.3175,0.5617,0.7642
277,250,0.0312,0.2857,0.0847,0.0423,0.4277,0.024
278,250,0.1871,0.1682,0.1995,0.2343,0.1822,0.1077
279,250,0.5939,0.1376,0.8964,0.0401,0.1913,0.0066
280,250,0.0728,0.1451,0.0627,0.1361,0.1687,0.0422
281,250,0.1559,0.1689,0.1837,0.2048,0.1785,0.1055
282,250,0.1522,0.1763,0.2396,0.1943,0.1958,0.0917
283,250,0.075,0.1496,0.0234,0.2268,0.2078,0.0066
284,250,0.2546,0.1882,0.1051,0.3915,0.1664,0.4592
285,250,0.5271,0.099,0.8307,0.1179,0.119,0.0473
286,250,0.0943,0.186,0.3605,0.0431,0.2101,0.0888
287,250,0.0713,0.1272,0.124,0.0779,0.1363,0.0786
288,250,0.2918,0.1272,0.768,0.0816,0.122,0.1114
289,251,0.2197,0.0335,0.1277,0.3432,0.0339,0.0226
290,251,0.2264,0.4784,0.4059,0.13,0.1867,0.9156
291,251,0.1359,0.3021,0.0552,0.3537,0.2824,0.6463
292,251,0.1923,0.1414,0.1277,0.3462,0.134,0.1266
293,251,0.1819,0.0595,0.0476,0.4913,0.0595,0.0924
294,251,0.2502,0.4308,0.2585,0.3054,0.5587,0.0757
295,251,0.3185,0.471,0.1353,0.5321,0.4669,0.5713
296,251,0.046,0.4524,0.0605,0.0854,0.5565,0.1084
297,251,0.0497,0.157,0.0151,0.2714,0.1627,0.1252
298,251,0.1403,0.1548,0.2336,0.0892,0.1642,0.0852
299,251,0.1856,0.5565,0.2056,0.2562,0.5994,0.0298
300,251,0.8174,0.8624,0.9373,0.2132,0.869,0.794
301,251,0.0787,0.0938,0.0642,0.2298,0.0791,0.1485
302,252,0.072,0.0595,0.0847,0.1852,0.0572,0.0764
303,252,0.562,0.0521,0.6478,0.4596,0.0482,0.075
304,252,0.9347,0.7024,0.972,0.062,0.7349,0.2817
305,252,0.5612,0.4308,0.7853,0.1557,0.5316,0.0313
306,252,0.0906,0.4449,0.0786,0.1474,0.4541,0.4949
307,252,0.9814,0.1176,0.5435,0.9932,0.1137,0.1252
308,252,0.1641,0.1362,0.2623,0.1844,0.1536,0.0364
309,252,0.2791,0.1228,0.424,0.1844,0.1227,0.0852
310,252,0.0824,0.1146,0.0023,0.2207,0.1506,0.1412
311,252,0.1463,0.6094,0.2139,0.1625,0.6431,0.0968
312,252,0.0564,0.1972,0.0756,0.0998,0.2123,0.1135
313,252,0.0869,0.1094,0.1761,0.0431,0.1235,0.0859
314,252,0.6555,0.2887,0.4777,0.6561,0.3125,0.3472
315,252,0.0817,0.1146,0.1104,0.0869,0.113,0.1237
316,252,0.2146,0.1957,0.0975,0.455,0.2176,0.1274
317,252,0.9332,0.5067,0.9184,0.6818,0.5361,0.3574
318,252,0.3073,0.9122,0.1504,0.5042,0.8931,0.9068
319,252,0.0304,0.0833,0.0166,0.102,0.0633,0.1907
320,252,0.3912,0.1429,0.8428,0.0287,0.1446,0.1579
321,252,0.9272,0.9985,0.9758,0.2011,0.9985,0.9985
322,252,0.1975,0.1391,0.1436,0.2819,0.1506,0.1026
323,252,0.1366,0.3832,0.1066,0.3122,0.4789,0.1041
324,252,0.0883,0.2135,0.0249,0.3439,0.2229,0.131
325,252,0.1826,0.0193,0.0333,0.4709,0.0181,0.0473
326,252,0.5976,0.0982,0.0144,0.901,0.0919,0.1012
327,252,0.0393,0.0446,0.0265,0.1285,0.0399,0.075
328,252,0.6956,0.721,0.4596,0.746,0.6596,0.8639
329,252,0.2153,0.1213,0.0295,0.5457,0.1393,0.0495
330,252,0.4269,0.6696,0.1073,0.678,0.7372,0.0138
331,252,0.4833,0.0365,0.2094,0.678,0.0437,0.0429
332,252,0.0431,0.1637,0.0642,0.062,0.1627,0.1914
333,252,0.1232,0.3638,0.1965,0.0839,0.4639,0.1208
334,252,0.5605,0.1652,0.0446,0.8352,0.1739,0.1274
335,252,0.0757,0.2121,0.0076,0.319,0.2274,0.0888
336,252,0.1136,0.1429,0.0385,0.2298,0.1446,0.1761
337,252,0.098,0.1935,0.13,0.1731,0.2033,0.139
338,252,0.1463,0.1451,0.0665,0.2751,0.1574,0.107
339,252,0.0973,0.0871,0.1209,0.1308,0.0858,0.0539
340,252,0.1633,0.9301,0.1791,0.2638,0.9495,0.0837
341,252,0.9287,0.0833,0.0605,0.9932,0.0971,0.0932
342,252,0.1633,0.1057,0.0839,0.2955,0.1039,0.0932
343,252,0.0958,0.0439,0.2834,0.0083,0.0361,0.0437
344,252,0.0327,0.0134,0.0756,0.0317,0.006,0.0277
345,252,0.1062,0.1272,0.26,0.0091,0.1401,0.0961
346,252,0.0557,0.1964,0.0204,0.1497,0.2033,0.1405
347,252,0.0609,0.4628,0.0748,0.124,0.509,0.1703
348,252,0.1151,0.1615,0.1156,0.2215,0.2154,0.0116
349,252,0.2814,0.0268,0.0839,0.6946,0.0678,0.0247
350,252,0.0772,0.1853,0.0076,0.2215,0.2056,0.1703
351,252,0.0089,0.1042,0.0287,0.0174,0.1122,0.075
352,252,1.0,0.1265,1.0,1.0,0.1122,0.6565
353,253,0.2205,0.7426,0.3212,0.1489,0.7583,0.5531
354,253,0.2717,0.122,0.189,0.3636,0.1303,0.0961
355,253,0.239,0.1161,0.195,0.3265,0.1265,0.0873
356,253,0.2019,0.1109,0.1255,0.3923,0.0723,0.4731
357,253,0.1841,0.1034,0.0597,0.4104,0.1017,0.1092
358,253,0.8916,0.8207,0.9433,0.4958,0.8117,0.8399
359,253,0.9941,0.7827,0.9977,0.0355,0.7989,0.5983
360,253,0.1663,0.096,0.0197,0.3613,0.1235,0.0902
361,253,0.1707,1.0,0.3311,0.0952,0.991,1.0
362,253,0.1448,0.1466,0.1897,0.1625,0.1431,0.3166
363,253,0.2042,0.1533,0.4082,0.0816,0.1498,0.1376
364,253,0.6437,0.1027,0.6977,0.5291,0.0761,0.5204
365,253,0.0416,0.1057,0.0514,0.0937,0.1054,0.1033
366,253,0.075,0.7374,0.1066,0.1028,0.7282,0.818
367,253,0.0356,0.1763,0.0665,0.0869,0.1837,0.1172
368,253,0.1373,0.0379,0.263,0.1088,0.0497,0.0204
369,253,0.5739,0.6257,0.6591,0.4286,0.6506,0.3028
370,253,0.8099,0.7485,0.8148,0.6319,0.7884,0.433
371,253,0.095,0.2619,0.037,0.2547,0.3253,0.1266
372,253,0.4039,0.314,0.4762,0.2933,0.3983,0.0699
373,253,0.83,0.125,0.8949,0.4875,0.1258,0.1259
374,253,0.1611,0.7582,0.1293,0.2154,0.7681,0.746
375,253,0.1574,0.8519,0.3046,0.0627,0.8479,0.8908
376,253,0.5999,0.0923,0.1005,0.836,0.0708,0.206
377,253,0.0698,0.1332,0.1262,0.0574,0.137,0.0837
378,253,0.9948,0.8043,0.9864,0.9259,0.7432,0.8792
379,253,0.173,0.1972,0.3522,0.0506,0.2523,0.1121
380,253,0.4165,0.0506,0.2343,0.514,0.0414,0.1004
381,253,0.1255,0.1198,0.2268,0.0899,0.1348,0.048
382,253,0.0869,0.1629,0.1345,0.1277,0.1702,0.1274
383,253,0.6281,0.1168,0.1708,0.7997,0.1498,0.0386
384,253,0.1321,0.9621,0.1504,0.1413,0.939,0.9964
385,253,0.0735,0.0789,0.0786,0.1497,0.0889,0.0604
386,253,0.1269,0.1667,0.0847,0.2215,0.1145,0.6194
387,253,0.3794,0.0952,0.2517,0.5163,0.0934,0.0888
388,253,0.9963,0.0632,0.4203,0.997,0.0655,0.0502
389,255,0.0334,0.058,0.0574,0.0227,0.061,0.0684
390,255,0.1507,0.0484,0.0476,0.3968,0.058,0.075
391,255,0.2071,0.1183,0.2419,0.291,0.1197,0.0771
392,255,0.876,0.1116,0.9531,0.1723,0.1114,0.1725
393,255,0.1849,0.1235,0.1459,0.2804,0.1258,0.0837
394,255,0.1611,0.7842,0.1134,0.2933,0.7944,0.7496
395,255,0.3422,0.6734,0.5488,0.1799,0.7078,0.0182
396,255,0.9428,0.7879,0.9501,0.5488,0.7937,0.7897
397,255,0.271,0.0685,0.4686,0.158,0.0633,0.3901
398,255,0.2368,0.9963,0.1081,0.3643,0.9925,0.9993
399,255,0.121,0.8609,0.2993,0.0166,0.872,0.7358
400,255,0.6696,0.1577,0.0582,0.8806,0.1498,0.1972
401,255,0.1344,0.0387,0.0355,0.2789,0.0377,0.115
402,255,0.3422,0.183,0.0658,0.6266,0.2063,0.0881
403,255,0.2509,0.0662,0.1625,0.4014,0.0843,0.0626
404,255,0.833,0.369,0.9486,0.3394,0.4962,0.0531
405,255,0.029,0.1674,0.0249,0.1126,0.2139,0.1164
406,255,0.0601,0.1071,0.0801,0.099,0.0971,0.1215
407,255,0.1269,0.875,0.1134,0.2011,0.8742,0.4578
408,255,0.2777,0.1213,0.1444,0.4989,0.1069,0.1601
409,255,0.343,0.2961,0.5994,0.1534,0.3705,0.1987
410,255,0.0505,0.1391,0.0582,0.1119,0.1378,0.1121
411,255,0.1076,0.1726,0.0559,0.2139,0.1928,0.0568
412,255,0.1826,0.1205,0.1625,0.2328,0.116,0.19
413,255,0.144,0.224,0.2101,0.198,0.2508,0.0888
414,255,0.8946,0.0699,0.9531,0.3794,0.052,0.2613
415,255,0.68,0.8229,0.8836,0.2132,0.8268,0.6987
416,255,0.9918,0.9978,0.997,0.4278,0.9925,0.9993
417,255,0.5278,0.1183,0.5813,0.5359,0.1355,0.0895
418,255,0.9131,0.0729,0.9751,0.0877,0.0873,0.0502
419,255,0.0757,0.0484,0.2063,0.0295,0.064,0.0197
420,255,0.1128,0.1347,0.0325,0.2411,0.1476,0.075
421,255,0.8493,0.8787,0.8881,0.6236,0.8735,0.8632
422,255,0.0431,0.1384,0.0144,0.1875,0.1506,0.1004
423,255,0.9814,0.1473,0.9834,0.6841,0.1739,0.0269
424,255,1.0,0.3028,0.9448,0.994,0.2583,0.8144
425,256,0.2769,0.0714,0.2577,0.4104,0.0693,0.0946
426,256,0.1871,0.1868,0.2011,0.2525,0.2071,0.1063
427,256,0.0171,0.2068,0.0446,0.006,0.2176,0.1769
428,256,0.1945,0.0439,0.3643,0.0892,0.055,0.0262
429,256,0.0349,0.1205,0.0454,0.093,0.1114,0.1237
430,256,0.5872,0.7143,0.7997,0.2305,0.7184,0.6434
431,256,0.0676,0.2932,0.0068,0.2653,0.384,0.1368
432,256,0.3333,0.8162,0.7672,0.0234,0.8117,0.8239
433,256,0.02,0.0692,0.0711,0.0234,0.0768,0.064
434,256,0.0742,0.0283,0.0892,0.1028,0.0384,0.0386
435,256,0.0572,0.5536,0.1088,0.028,0.5926,0.3566
436,256,0.9866,0.7738,0.994,0.0378,0.7161,0.8748
437,256,0.2116,0.1488,0.1247,0.4671,0.1664,0.1063
438,256,0.1707,0.0558,0.2381,0.1481,0.0489,0.1164
439,256,0.0564,0.1458,0.1293,0.0537,0.1611,0.0924
440,256,0.02,0.183,0.0023,0.1285,0.1988,0.1259
441,256,0.1693,0.1027,0.254,0.1512,0.1032,0.0961
442,256,0.0505,0.3348,0.028,0.1633,0.4367,0.1172
443,256,0.1047,0.0506,0.0272,0.2509,0.0648,0.0269
444,256,0.4751,0.9777,0.802,0.1383,0.9819,0.7838
445,256,0.0698,0.1176,0.1172,0.0733,0.1032,0.1288
446,256,0.5375,0.0536,0.3212,0.6039,0.058,0.0553
447,256,0.3148,0.1667,0.0726,0.5956,0.2018,0.1332
448,256,0.0349,0.1347,0.0529,0.0612,0.189,0.1645
449,256,0.2576,0.6949,0.0635,0.4875,0.6325,0.9483
450,256,0.2992,0.7359,0.5881,0.1172,0.7583,0.2431
451,256,0.1767,0.1183,0.1973,0.2011,0.1288,0.0531
452,256,0.1359,0.6302,0.0695,0.3341,0.6544,0.46
453,256,0.8938,0.0305,0.9599,0.0877,0.0346,0.0408
454,256,0.0646,0.8646,0.0597,0.1285,0.8893,0.0604
455,256,0.1529,0.0074,0.4709,0.0416,0.009,0.0124
456,256,0.0341,0.099,0.0408,0.0627,0.0896,0.27
457,256,0.2739,0.6198,0.6342,0.0227,0.5986,0.7889
458,256,0.1002,0.8095,0.0688,0.195,0.8449,0.0102
459,256,0.4558,0.7865,0.1141,0.7536,0.8441,0.0582
460,256,0.1396,0.5595,0.0703,0.2638,0.5136,0.8319
461,256,0.1656,0.4122,0.0763,0.3084,0.4736,0.2809
462,256,0.3623,0.1101,0.6841,0.1172,0.1355,0.064
463,256,0.0676,0.7061,0.0824,0.1489,0.7425,0.3311
464,256,0.1514,0.1101,0.0703,0.3356,0.1062,0.0866
465,256,0.2101,0.2403,0.6085,0.0529,0.2718,0.1332
466,256,0.3719,0.1354,0.2419,0.4218,0.1355,0.0691
467,256,0.1737,0.1272,0.2479,0.1534,0.1318,0.115
468,256,0.0319,0.1243,0.0582,0.0416,0.113,0.1434
469,256,0.2339,0.4926,0.2842,0.2547,0.4495,0.6943
470,256,0.0275,0.2366,0.0219,0.1141,0.2877,0.1092
471,256,0.069,0.1429,0.1557,0.0514,0.1453,0.1245
472,256,0.4521,0.0938,0.3553,0.4951,0.1077,0.0866
473,256,0.0861,0.2128,0.0552,0.2426,0.2387,0.0873
474,256,0.1715,0.0975,0.1413,0.2169,0.1032,0.0968
475,256,0.6941,0.6845,0.8617,0.4346,0.7154,0.3865
476,256,0.0579,0.1168,0.0574,0.0839,0.1288,0.0742
477,256,0.5271,0.1696,0.2147,0.7876,0.183,0.0852
478,256,0.3608,0.1124,0.3583,0.5019,0.1295,0.0808
479,256,0.9896,0.0513,0.9826,0.8874,0.0301,0.5349
480,256,0.1908,0.1481,0.3039,0.1618,0.1498,0.1339
481,256,0.1566,0.0327,0.1043,0.3333,0.0218,0.0917
482,256,0.078,0.0424,0.1315,0.1036,0.0617,0.1055
483,256,0.1715,0.1763,0.189,0.2532,0.1988,0.0466
484,256,0.0846,0.1332,0.1156,0.1285,0.1325,0.1252
485,256,0.4863,0.1235,0.2948,0.6077,0.1386,0.0924
486,256,0.291,0.0878,0.0726,0.4641,0.0791,0.1266
487,256,0.9592,0.4263,0.9811,0.48,0.3908,0.6346
488,256,0.0906,0.09,0.1262,0.1036,0.0768,0.1441
489,256,0.1485,0.1287,0.1746,0.1701,0.116,0.1317
490,257,0.6956,0.1295,0.6183,0.6553,0.1378,0.107
491,257,0.0958,0.1853,0.124,0.1822,0.1883,0.1703
492,257,0.0928,0.6458,0.1111,0.1383,0.6649,0.3122
493,257,0.15,0.2366,0.062,0.2918,0.311,0.0146
494,257,0.0334,0.2396,0.028,0.1285,0.2643,0.2263
495,257,0.1856,0.1414,0.3182,0.1187,0.1461,0.1186
496,257,0.1804,0.1696,0.1255,0.322,0.183,0.0895
497,257,0.6214,0.067,0.8337,0.3741,0.0745,0.059
498,257,0.7817,0.0692,0.836,0.5163,0.0813,0.0466
499,257,0.3927,0.1109,0.1527,0.5964,0.1047,0.1012
500,257,0.2339,0.0484,0.2305,0.2804,0.1092,0.0466
501,257,0.8107,0.7262,0.9607,0.4089,0.7056,0.7831
502,257,0.1663,0.3638,0.0476,0.4308,0.4179,0.2518
503,257,0.853,0.9174,0.9834,0.2804,0.9142,0.8108
504,257,0.2665,0.1436,0.4785,0.1746,0.1476,0.1004
505,257,0.046,0.1868,0.1134,0.0348,0.2078,0.1004
506,257,0.095,0.0997,0.1066,0.1293,0.1152,0.1739
507,257,0.2487,0.2984,0.059,0.4943,0.3901,0.1223
508,257,0.026,0.1622,0.0522,0.0348,0.1928,0.1601
509,257,0.0698,0.1243,0.0514,0.1474,0.1205,0.0946
510,257,0.0297,0.1481,0.0385,0.0605,0.1867,0.1376
511,257,0.072,0.0885,0.1723,0.0174,0.1009,0.0495
512,257,0.7825,0.2976,0.0552,0.9509,0.4119,0.1223
513,257,1.0,0.9888,1.0,0.9924,0.3983,1.0
514,257,0.6481,0.1815,0.0506,0.9108,0.1898,0.0983
515,257,0.0846,0.1823,0.068,0.1701,0.1935,0.1164
516,257,0.0742,0.1198,0.1466,0.0302,0.1265,0.083
517,257,0.2183,0.0804,0.2094,0.3197,0.0761,0.0895
518,257,0.0468,0.1287,0.0461,0.1353,0.122,0.1346
519,257,0.2034,0.1726,0.263,0.1776,0.1852,0.1514
520,257,0.0245,0.1369,0.0658,0.0249,0.1386,0.1288
521,257,0.0935,0.1354,0.0537,0.2819,0.1446,0.0917
522,257,0.2227,0.6749,0.0922,0.4006,0.6898,0.6281
523,257,0.0935,0.0975,0.0091,0.384,0.1197,0.0517
524,257,0.3786,0.1317,0.2759,0.446,0.137,0.1026
525,257,0.2064,0.8601,0.1255,0.3621,0.878,0.5415
526,257,0.1039,0.189,0.1111,0.164,0.2568,0.1638
527,257,0.2658,0.0893,0.2245,0.3084,0.0986,0.067
528,257,0.2762,0.5707,0.2063,0.3296,0.6175,0.1004
529,257,0.1359,0.157,0.0998,0.2532,0.1589,0.1084
530,257,0.193,0.7448,0.2245,0.232,0.753,0.6849
531,257,0.8419,0.1927,0.898,0.5268,0.2108,0.1019
532,257,0.2346,0.1615,0.2698,0.2396,0.1747,0.0997
533,257,0.3185,0.1696,0.2464,0.3787,0.1852,0.107
534,257,0.1589,0.2247,0.0469,0.3311,0.2327,0.2555
535,257,0.0638,0.6949,0.0673,0.0967,0.5896,0.8523
536,257,0.0928,0.1607,0.0446,0.22,0.1657,0.1507
537,257,0.0468,0.0588,0.0363,0.164,0.055,0.0822
538,263,0.2457,0.7374,0.2336,0.3099,0.7033,0.9148
539,263,0.9332,0.276,0.1285,0.9856,0.3381,0.1557
540,263,0.1099,0.9769,0.1285,0.1421,0.9518,0.9942
541,263,0.2717,0.6131,0.5329,0.1013,0.6258,0.5233
542,263,0.0022,0.5603,0.0333,0.0189,0.619,0.0575
543,263,0.8166,0.0327,0.4384,0.9002,0.0369,0.0371
544,263,0.1975,0.8757,0.0431,0.5117,0.9044,0.0153
545,263,0.2962,0.3676,0.2283,0.4573,0.3411,0.6747
546,263,0.7676,0.7619,0.9456,0.0431,0.7643,0.8006
547,263,0.2324,0.1131,0.0408,0.5813,0.1024,0.1317
548,263,0.15,1.0,0.2396,0.1013,0.8727,1.0
549,263,0.1552,0.9449,0.1451,0.1912,0.9096,0.9971
550,263,0.3237,0.8363,0.1187,0.5782,0.7643,0.9498
551,263,0.3846,0.0908,0.712,0.1066,0.1815,0.0531
552,263,0.0171,0.91,0.0151,0.062,0.9164,0.2409
553,263,0.1076,0.8757,0.0355,0.2487,0.8321,0.9563
554,263,0.0148,0.9978,0.0348,0.0219,0.6047,0.9993
555,263,0.1745,0.0372,0.0317,0.4679,0.0271,0.3574
556,263,0.9748,0.5885,0.9924,0.1859,0.564,0.8508
557,263,0.7721,0.9903,0.74,0.6757,0.9518,0.9993
558,263,0.3215,0.7768,0.1686,0.5472,0.7922,0.4316
559,263,0.0386,0.5707,0.0733,0.0333,0.5964,0.1827
560,263,0.1559,0.1845,0.1383,0.3099,0.2041,0.1397
561,263,0.9755,0.9821,0.9622,0.8519,0.9827,0.69
562,264,0.0787,0.0238,0.0076,0.2562,0.0331,0.0153
563,264,0.0728,0.1086,0.0544,0.2215,0.1077,0.0677
564,264,0.0668,0.1265,0.0302,0.2283,0.1453,0.0357
565,264,0.8931,0.6302,0.9274,0.4255,0.634,0.5509
566,264,0.1351,0.0878,0.2048,0.1376,0.0791,0.091
567,264,0.9829,0.1406,0.0688,0.9985,0.137,0.1536
568,264,0.2324,0.122,0.0597,0.5661,0.1197,0.1339
569,264,0.1901,0.1265,0.0008,0.3832,0.1227,0.1252
570,264,0.0913,0.1451,0.1678,0.0771,0.1506,0.1499
571,264,0.34,0.1838,0.0295,0.5752,0.1905,0.1448
572,264,0.1581,0.1481,0.1738,0.1807,0.1483,0.1361
573,264,0.245,0.119,0.6342,0.0083,0.1325,0.048
574,264,0.1477,0.1198,0.1368,0.2139,0.119,0.0939
575,264,0.0638,0.1964,0.0265,0.1376,0.1815,0.2707
576,264,0.0624,0.1332,0.065,0.1255,0.134,0.1143
577,264,0.9889,0.9963,0.9924,0.2177,0.9925,0.9985
578,264,0.196,0.0193,0.1224,0.3084,0.0203,0.0539
579,264,0.2435,0.1689,0.2729,0.3039,0.1875,0.0888
580,264,0.0787,0.1347,0.1051,0.155,0.1514,0.0495
581,264,0.1952,0.0952,0.1217,0.3008,0.1303,0.1172
582,264,0.1344,0.093,0.059,0.3462,0.0911,0.0611
583,264,0.0802,0.0565,0.198,0.0454,0.055,0.0779
584,264,0.2465,0.0246,0.0763,0.5926,0.0203,0.056
585,264,0.8834,0.0655,0.2661,0.941,0.0776,0.0568
586,264,0.6229,0.9821,0.2268,0.7105,0.9714,0.992
587,264,0.9161,0.067,0.9169,0.6939,0.0678,0.048
588,264,0.7298,0.0372,0.0068,0.9131,0.0414,0.0451
589,264,0.2791,0.0952,0.099,0.5329,0.1559,0.0502
590,264,0.4788,0.0491,0.7717,0.0635,0.0331,0.1783
591,264,0.3667,0.1235,0.384,0.4021,0.1393,0.0764
592,264,0.6533,0.0342,0.7642,0.4467,0.0233,0.0837
593,264,0.1596,0.1525,0.1587,0.1814,0.2169,0.1303
594,264,0.4543,0.1235,0.5835,0.3636,0.1363,0.0742
595,264,0.1522,0.1481,0.1738,0.2252,0.1242,0.3319
596,264,0.0735,0.1079,0.1156,0.099,0.1099,0.0837
597,264,0.9896,0.0982,0.9955,0.2109,0.1175,0.0852
598,264,0.1938,0.2106,0.0499,0.4543,0.2221,0.3093
599,264,0.876,0.9278,0.9101,0.6871,0.9044,0.9811
600,264,0.7788,0.8103,0.2116,0.8934,0.6212,0.9985
601,264,0.9718,0.0885,0.9531,0.8587,0.0542,0.7278
602,264,0.8731,1.0,0.1368,0.9569,1.0,1.0
603,264,0.9191,1.0,0.2577,0.9743,1.0,1.0
604,264,0.8493,1.0,0.2373,0.9161,1.0,1.0
605,264,0.8671,1.0,0.6848,0.8337,1.0,1.0
606,264,0.9993,1.0,1.0,0.6735,1.0,1.0
607,264,1.0,1.0,1.0,0.9932,1.0,1.0
608,272,0.0319,0.1295,0.0522,0.0416,0.1273,0.0866
609,272,0.0965,0.1793,0.0529,0.381,0.2221,0.1201
610,272,0.8456,0.4732,0.8776,0.619,0.6122,0.0466
611,272,0.2821,0.5714,0.1716,0.3643,0.2289,0.9345
612,272,0.1032,0.1354,0.1776,0.0567,0.1355,0.1084
613,272,0.7684,0.1012,0.9055,0.1277,0.122,0.0066
614,272,0.9948,0.7805,0.9977,0.0265,0.7809,0.7191
615,272,0.069,0.0595,0.0219,0.1912,0.061,0.0459
616,272,0.1663,0.2076,0.0718,0.3379,0.2252,0.1434
617,272,0.2858,0.1667,0.4535,0.2252,0.137,0.6004
618,272,0.3519,0.5089,0.675,0.0884,0.5505,0.2176
619,272,0.9941,0.2054,0.8473,0.9811,0.1935,0.3064
620,273,0.2836,0.6205,0.1172,0.6009,0.5836,0.8282
621,273,0.0987,0.689,0.0794,0.2449,0.7221,0.3086
622,273,0.7647,0.8847,0.8413,0.4943,0.7974,0.9476
623,273,0.6719,0.4457,0.7884,0.418,0.4857,0.0451
624,273,0.1477,0.2961,0.0748,0.2971,0.3276,0.2467
625,273,0.2004,0.0499,0.3016,0.1814,0.0648,0.0102
626,273,0.239,0.099,0.2918,0.2661,0.0956,0.0895
627,273,0.5612,0.0685,0.7158,0.2902,0.0489,0.3108
628,273,0.1351,0.0171,0.0574,0.35,0.006,0.0662
629,273,0.4529,0.1949,0.0582,0.7876,0.1822,0.3523
630,273,0.6355,0.1071,0.1716,0.8345,0.1114,0.0786
631,273,0.1596,0.2366,0.1587,0.2842,0.2974,0.1674
632,273,1.0,0.4561,0.1368,1.0,0.57,0.0968
633,274,0.98,0.7798,0.9924,0.0695,0.7816,0.7686
634,274,0.9755,0.8966,0.9667,0.7181,0.9006,0.7482
635,274,0.7691,0.1927,0.9358,0.1194,0.2756,0.0473
636,274,0.8478,0.0357,0.9403,0.1081,0.0429,0.0662
637,274,0.0928,0.8423,0.0983,0.2109,0.7839,0.936
638,274,0.2398,0.1927,0.0794,0.5019,0.198,0.1536
639,274,0.317,0.8988,0.2056,0.3711,0.8343,0.9636
640,274,0.1076,0.0379,0.1519,0.1149,0.0392,0.1012
641,274,0.9985,0.0759,0.9947,0.9735,0.0776,0.0837
642,275,0.0802,0.59,0.1345,0.1088,0.6182,0.3792
643,275,0.0364,0.1815,0.0438,0.0824,0.1822,0.1376
644,275,0.1834,0.221,0.1345,0.4006,0.2922,0.1077
645,275,0.5115,0.157,0.0862,0.7695,0.1619,0.1164
646,275,0.2524,0.5171,0.1134,0.4732,0.5776,0.0189
647,275,0.1084,0.2619,0.0476,0.2555,0.3178,0.1397
648,275,0.3541,0.1146,0.0151,0.5964,0.1054,0.1128
649,275,0.9852,0.6644,0.9917,0.5488,0.5602,0.8675
650,275,0.1054,0.3125,0.1784,0.0771,0.3494,0.2525
651,275,0.2777,0.0714,0.223,0.387,0.1197,0.0226
652,275,0.0586,0.154,0.1172,0.0574,0.1642,0.1019
653,275,0.4024,0.2411,0.2971,0.52,0.2229,0.5459
654,275,1.0,0.2054,1.0,0.9486,0.2282,0.0721
655,276,0.1277,0.1391,0.1761,0.1527,0.1423,0.1295
656,276,0.072,0.0305,0.0869,0.1534,0.0271,0.0728
657,276,0.173,0.0714,0.0302,0.4346,0.0738,0.0604
658,276,0.0401,0.1525,0.0884,0.0627,0.1611,0.0808
659,276,0.4536,0.1823,0.0416,0.7838,0.1928,0.1514
660,276,0.1225,0.151,0.0559,0.288,0.1521,0.1834
661,276,0.6333,0.6853,0.328,0.6848,0.6988,0.7162
662,276,0.4439,0.1094,0.7022,0.1444,0.1137,0.0852
663,276,0.0921,0.2374,0.0794,0.1693,0.2696,0.2031
664,276,0.294,0.1629,0.093,0.5246,0.1717,0.1339
665,276,0.248,0.0506,0.0438,0.6243,0.055,0.0429
666,276,0.0193,0.3393,0.0076,0.0658,0.4864,0.0837
667,276,0.1648,0.1674,0.1436,0.2169,0.1755,0.1194
668,277,0.0705,0.1585,0.0711,0.1005,0.1875,0.0488
669,277,0.8174,0.7307,0.932,0.0454,0.7334,0.7183
670,277,0.5345,0.1808,0.8073,0.1905,0.0873,0.7467
671,277,0.2146,0.6562,0.1043,0.3409,0.4593,0.9003
672,277,0.2071,0.1317,0.13,0.418,0.1476,0.0706
673,277,0.784,0.7299,0.8579,0.424,0.7417,0.6892
674,277,0.216,0.1347,0.1429,0.3258,0.1468,0.059
675,277,0.02,0.1332,0.0476,0.0529,0.1498,0.0895
676,277,0.0,0.099,0.0227,0.0355,0.1017,0.0815
677,277,0.0497,0.276,0.0658,0.0998,0.3471,0.1477
678,277,0.15,0.5379,0.1451,0.1912,0.4465,0.7875
679,277,0.1514,0.1696,0.0272,0.4172,0.2123,0.1317
680,277,0.0883,0.0967,0.0869,0.1436,0.1069,0.0742
681,278,0.1841,0.0729,0.3923,0.0642,0.0565,0.2598
682,278,0.4165,0.5677,0.3583,0.4104,0.5986,0.0786
683,278,0.0787,0.1637,0.1293,0.0688,0.1672,0.1521
684,278,0.2309,0.0699,0.3039,0.1686,0.0919,0.0153
685,278,0.4269,0.1592,0.0711,0.7763,0.1717,0.0873
686,278,0.1062,0.6057,0.1799,0.0348,0.6468,0.238
687,278,0.0178,0.1548,0.0159,0.093,0.131,0.3311
688,278,0.239,0.1198,0.0612,0.3923,0.1212,0.1026
689,278,0.9785,0.0945,1.0,0.0317,0.0889,0.0808
690,278,0.0609,0.1317,0.0476,0.1474,0.1303,0.1004
691,278,0.8337,0.0729,0.7188,0.7793,0.0776,0.0335
692,278,0.8367,0.7842,0.9365,0.0113,0.7989,0.7351
693,278,0.0757,0.0379,0.223,0.0355,0.0256,0.2598
694,278,0.0304,0.8326,0.0726,0.0091,0.8253,0.7162
695,278,0.9985,0.1131,1.0,0.7324,0.0587,0.679
696,278,0.0579,0.1265,0.0506,0.1028,0.1378,0.1063
697,278,0.0594,0.032,0.068,0.1474,0.0422,0.0197
698,278,0.1463,0.0781,0.0688,0.3613,0.0738,0.0422
699,278,0.0891,0.2195,0.1005,0.1383,0.244,0.1405
700,278,0.0475,0.2612,0.0446,0.0884,0.2824,0.2198
701,278,0.0794,0.0923,0.0491,0.1368,0.1694,0.0852
702,278,0.0416,0.1689,0.0446,0.0922,0.1694,0.1492
703,278,0.15,0.2113,0.059,0.421,0.3155,0.0109
704,278,0.4195,0.1391,0.5608,0.2706,0.1498,0.0983
705,278,0.3519,0.3021,0.7173,0.0212,0.3833,0.0022
706,278,0.0624,0.1153,0.0665,0.1285,0.1288,0.0735
707,278,0.8745,0.7202,0.9811,0.1081,0.7297,0.6055
708,278,0.8471,0.0915,0.0794,0.9584,0.1084,0.0342
709,278,0.0527,0.0751,0.1224,0.0537,0.0821,0.0873
710,278,0.1099,0.1287,0.0665,0.2048,0.1431,0.0837
711,278,0.0609,0.2396,0.0673,0.1224,0.2651,0.0983
712,278,0.2339,0.1109,0.5253,0.0537,0.1212,0.0757
713,278,0.0445,0.1481,0.0945,0.0408,0.1657,0.2001
714,278,0.0943,0.1443,0.0937,0.1345,0.1581,0.0961
715,278,0.4343,0.1548,0.093,0.6054,0.1724,0.0997
716,278,0.075,0.1228,0.1345,0.1081,0.1295,0.2555
717,278,0.0349,0.2061,0.0741,0.0469,0.2154,0.1732
718,278,0.2955,0.0774,0.198,0.3515,0.0941,0.032
719,278,1.0,0.0729,1.0,0.9985,0.064,0.1121
720,283,0.7751,0.9955,0.935,0.4142,0.9849,0.9978
721,283,0.0208,0.122,0.0469,0.0227,0.113,0.1274
722,283,0.7179,0.0379,0.941,0.2404,0.0459,0.0255
723,283,0.1143,0.1734,0.2237,0.0877,0.186,0.1186
724,283,0.2487,0.0871,0.4921,0.1474,0.0934,0.0917
725,283,0.879,0.0573,0.9947,0.0748,0.0648,0.0808
726,283,0.337,0.875,0.2177,0.4649,0.8712,0.9098
727,283,0.1566,0.2254,0.2237,0.1413,0.2455,0.107
728,283,0.6169,0.0885,0.1088,0.8949,0.0851,0.1077
729,283,0.1151,0.3832,0.1058,0.1451,0.4797,0.0167
730,283,0.1767,0.0982,0.4505,0.0567,0.0889,0.2227
731,283,0.1529,0.1332,0.0869,0.2487,0.1453,0.0837
732,283,0.2012,0.8177,0.2071,0.1814,0.7801,0.9629
733,283,0.2235,0.1019,0.4059,0.1444,0.113,0.337
734,283,0.1106,0.1034,0.1958,0.0718,0.0986,0.0917
735,283,0.1002,0.1875,0.0801,0.1912,0.1958,0.1412
736,283,0.3526,0.9159,0.1036,0.5268,0.9089,0.7911
737,283,0.1507,0.093,0.1859,0.1776,0.0904,0.0582
738,283,0.7194,0.7597,0.2986,0.8284,0.7063,0.9469
739,283,0.0638,0.7046,0.164,0.0106,0.7726,0.0066
740,283,0.0349,0.1124,0.0794,0.0181,0.1145,0.0531
741,283,0.1811,0.8311,0.1096,0.3167,0.8389,0.7038
742,301,0.2947,0.2135,0.0401,0.7181,0.2372,0.2067
743,301,0.196,0.2857,0.0385,0.4936,0.3675,0.1317
744,301,0.1485,0.2143,0.0416,0.4029,0.3178,0.0058
745,301,0.1151,0.0052,0.1361,0.133,0.012,0.0444
746,301,0.1901,0.0685,0.0892,0.5072,0.0685,0.0866
747,301,0.0883,0.0818,0.1527,0.0907,0.1777,0.0415
748,301,0.6711,0.7865,0.2116,0.8314,0.8547,0.064
749,301,0.2977,0.09,0.0469,0.6485,0.0949,0.1143
750,301,0.2368,0.7582,0.0915,0.483,0.7696,0.73
751,301,0.1262,0.0915,0.093,0.22,0.0934,0.0728
752,301,0.5627,0.9554,0.8246,0.031,0.9639,0.6397
753,301,0.1076,0.5201,0.1232,0.127,0.5685,0.083
754,301,0.3452,0.0283,0.4936,0.2865,0.0316,0.0233
755,301,0.2532,0.0394,0.4679,0.1852,0.0422,0.0619
756,301,0.5479,0.0595,0.7831,0.2154,0.0753,0.1448
757,301,0.0497,0.1741,0.0537,0.1731,0.192,0.1492
758,301,0.1656,0.0126,0.3296,0.096,0.009,0.0881
759,301,0.2331,0.2001,0.2441,0.263,0.2169,0.1223
760,301,0.4209,0.2068,0.1247,0.6856,0.3351,0.0437
761,301,0.3304,0.3021,0.0605,0.6636,0.3614,0.2475
762,301,0.0393,0.5253,0.0401,0.099,0.5873,0.0124
763,301,0.0371,0.1116,0.0854,0.0695,0.1092,0.0873
764,301,1.0,0.2135,1.0,0.9992,0.2733,0.1557
765,318,0.7082,0.5506,0.9055,0.062,0.5889,0.0335
766,318,0.1373,0.1124,0.1444,0.1973,0.1273,0.0568
767,318,0.4358,0.1302,0.4006,0.4384,0.1348,0.1106
768,318,0.0846,0.2277,0.034,0.1965,0.2455,0.1252
769,318,0.1544,0.0439,0.4036,0.0469,0.0399,0.1259
770,318,0.0535,0.1451,0.0522,0.0915,0.1514,0.1237
771,318,0.046,0.1443,0.1247,0.0272,0.1581,0.0859
772,318,0.0371,0.09,0.0907,0.028,0.1107,0.0051
773,318,0.9673,0.7173,0.9924,0.3749,0.741,0.2096
774,318,0.8248,0.0945,0.8156,0.6402,0.1167,0.0066
775,318,0.098,0.0766,0.0287,0.3137,0.0708,0.0983
776,318,0.9866,0.1421,0.9947,0.1361,0.1657,0.1157
777,318,0.5249,0.0923,0.5064,0.4974,0.0828,0.2649
778,318,0.1448,0.035,0.4399,0.0265,0.0941,0.0364
779,318,0.0913,0.2731,0.0476,0.1791,0.3682,0.1172
780,323,0.2695,0.1019,0.2033,0.4006,0.1047,0.0488
781,323,0.4254,0.0833,0.715,0.1247,0.1017,0.0204
782,323,0.9428,0.0499,0.4036,0.9494,0.0497,0.0815
783,323,0.4113,0.0699,0.65,0.2033,0.1175,0.0007
784,323,0.1923,0.3051,0.0234,0.4044,0.3366,0.1456
785,323,0.0913,0.1138,0.0824,0.2457,0.125,0.0444
786,323,0.3556,0.1391,0.2691,0.4119,0.1483,0.1252
787,323,0.049,0.1399,0.1126,0.0378,0.1506,0.0888
788,323,0.0757,0.1027,0.1361,0.0574,0.119,0.0473
789,323,0.5412,0.1347,0.4339,0.644,0.1431,0.1179
790,323,0.297,0.3743,0.0491,0.4943,0.2455,0.7525
791,323,0.052,0.3609,0.0197,0.1534,0.4654,0.1194
792,323,0.0475,0.3266,0.0023,0.1504,0.3509,0.4163
793,323,0.0646,0.1562,0.0907,0.1262,0.1521,0.1448
794,323,0.1225,0.1391,0.1293,0.1587,0.1461,0.1143
795,323,0.3066,0.1376,0.0423,0.6893,0.1258,0.1579
796,323,0.1789,0.1124,0.1345,0.3424,0.1431,0.0167
797,323,0.0705,0.1086,0.1217,0.0695,0.1596,0.024
798,323,0.637,0.1801,0.9101,0.0703,0.2018,0.0771
799,323,0.7639,0.1339,0.873,0.3243,0.1468,0.0568
800,323,0.1552,0.1064,0.1247,0.2676,0.0926,0.1368
801,323,0.3296,0.1644,0.3401,0.3144,0.1837,0.0677
802,323,0.5694,0.119,0.8231,0.1512,0.1325,0.064
803,323,0.2123,0.0766,0.0355,0.5042,0.0836,0.0961
804,323,0.0861,0.1027,0.2154,0.0408,0.1069,0.075
805,323,0.0817,0.2545,0.0695,0.1436,0.3697,0.0655
806,323,0.4046,0.1503,0.0476,0.7732,0.1521,0.1339
807,327,0.4662,0.0223,0.6349,0.3379,0.0339,0.0298
808,327,0.1002,0.1629,0.037,0.2804,0.1604,0.1703
809,327,0.0698,0.1429,0.0514,0.1572,0.1363,0.2031
810,327,0.0512,0.1109,0.0801,0.0529,0.1235,0.0655
811,327,0.1626,0.34,0.0416,0.353,0.4277,0.1579
812,327,0.2539,0.1198,0.065,0.4603,0.1092,0.1325
813,327,0.9874,0.1213,0.7218,0.9872,0.1325,0.0808
814,327,0.0356,0.1808,0.0605,0.0423,0.1928,0.1448
815,327,0.0572,0.1124,0.1096,0.0854,0.131,0.056
816,327,0.9807,0.9963,0.9909,0.322,0.9895,0.9985
817,327,0.0876,0.1562,0.1066,0.1474,0.1581,0.1281
818,327,0.6652,0.1458,0.3908,0.709,0.122,0.3828
819,327,0.291,0.1622,0.6077,0.0892,0.1747,0.1135
820,327,0.1707,0.215,0.319,0.0899,0.2312,0.1004
821,327,0.1492,0.1347,0.1353,0.2215,0.1521,0.059
822,327,0.1321,0.1548,0.1194,0.294,0.1627,0.131
823,327,0.9985,0.5499,0.9947,0.9909,0.378,0.861
824,333,0.0831,0.2046,0.0673,0.1323,0.2071,0.2256
825,333,0.1173,0.1823,0.0937,0.2245,0.1898,0.1448
826,333,0.0148,0.2024,0.0128,0.1028,0.2169,0.1769
827,333,0.1455,0.7173,0.1119,0.2449,0.7553,0.2293
828,333,0.1722,0.5454,0.2404,0.164,0.5911,0.3173
829,333,0.2027,0.1347,0.0892,0.4014,0.1295,0.1419
830,333,0.8203,0.1414,0.0937,0.9501,0.1446,0.1164
831,333,0.948,0.2686,0.9751,0.0892,0.1182,0.7962
832,333,0.0579,0.131,0.1542,0.0537,0.1461,0.0786
833,333,0.02,0.5655,0.0544,0.0544,0.5083,0.7649
834,333,0.8976,0.7738,0.9441,0.5019,0.7688,0.7868
835,333,0.1544,0.1376,0.2132,0.2184,0.1461,0.1055
836,333,0.0638,0.2113,0.1618,0.028,0.3087,0.0386
837,333,0.0572,0.3728,0.0756,0.0665,0.387,0.3996
838,333,0.2301,0.0104,0.1882,0.4104,0.0,0.1368
839,333,0.1923,0.1533,0.1013,0.4225,0.1747,0.0779
840,333,0.4172,0.1815,0.1013,0.6667,0.2011,0.115
841,333,0.1121,0.1771,0.0295,0.3364,0.1943,0.2453
842,333,0.147,0.1741,0.1036,0.2147,0.2048,0.1339
843,333,0.2168,0.215,0.1905,0.2933,0.2349,0.1412
844,333,0.8886,0.747,0.9811,0.5291,0.7492,0.6164
845,333,0.3111,0.192,0.288,0.3621,0.2026,0.1536
846,333,0.0876,0.0469,0.1814,0.0234,0.055,0.0961
847,333,0.1566,0.1525,0.1126,0.3485,0.1529,0.1623
848,333,0.2272,0.4152,0.1096,0.3862,0.4631,0.1594
849,333,0.4469,0.5052,0.2615,0.5873,0.3434,0.9461
850,333,0.2376,0.0513,0.2396,0.3371,0.0685,0.0124
851,333,0.487,0.3564,0.7377,0.1633,0.3908,0.2445
852,333,0.9369,0.2068,0.9788,0.0665,0.2718,0.0342
853,333,0.5353,0.7671,0.4271,0.6523,0.7786,0.687
854,333,0.1522,0.0298,0.2774,0.1345,0.0316,0.0262
855,333,0.0312,0.0967,0.0748,0.0265,0.116,0.0553
856,333,0.9889,0.9978,0.9924,0.1466,0.9925,0.9985
857,333,0.049,0.2106,0.0068,0.1655,0.2146,0.1492
858,333,0.1863,0.7388,0.4407,0.0333,0.741,0.7118
859,333,0.0082,0.1741,0.0257,0.0438,0.1777,0.1434
860,333,0.1143,0.1019,0.1073,0.1837,0.0994,0.0881
861,333,0.0505,0.1838,0.0983,0.034,0.2018,0.1405
862,333,0.1047,0.5543,0.2683,0.0302,0.6084,0.2431
863,333,0.0193,0.067,0.0348,0.0499,0.0617,0.0757
864,333,0.1811,0.1912,0.0658,0.3553,0.1739,0.4207
865,333,0.1648,0.1153,0.1262,0.3235,0.1054,0.1215
866,333,0.1581,0.1071,0.1602,0.1867,0.1295,0.0204
867,333,0.0505,0.0357,0.0219,0.1481,0.0203,0.1172
868,333,0.0431,0.4368,0.0741,0.0136,0.2839,0.762
869,333,0.0861,0.0707,0.0937,0.1565,0.0655,0.0866
870,333,0.4261,0.1198,0.0756,0.6334,0.1288,0.1033
871,333,0.1552,0.0625,0.0809,0.3175,0.0715,0.2176
872,333,0.1759,0.1674,0.0476,0.319,0.1762,0.1405
873,333,0.0386,0.4293,0.0295,0.0854,0.4752,0.3508
874,333,0.1173,0.151,0.1308,0.127,0.1521,0.1325
875,333,0.02,0.0833,0.059,0.0181,0.0813,0.0895
876,333,0.2138,0.1577,0.2714,0.2026,0.1596,0.2715
877,333,0.0341,0.1124,0.0605,0.0559,0.1325,0.0218
878,333,0.2108,0.0871,0.1859,0.2646,0.0806,0.0837
879,333,0.1485,0.0707,0.2396,0.1066,0.0745,0.2234
880,333,0.1759,0.1391,0.0952,0.4701,0.1611,0.0575
881,333,0.1834,0.0952,0.2184,0.1723,0.0919,0.0822
882,333,0.9391,0.1317,0.9985,0.1368,0.1461,0.0735
883,333,0.0965,0.1548,0.0975,0.2056,0.1566,0.131
884,333,0.0683,0.0253,0.1277,0.0839,0.0286,0.0364
885,333,0.9985,0.9219,0.9992,0.7498,0.9292,0.7584
886,333,0.3756,0.8147,0.7173,0.127,0.753,0.8806
887,333,0.4209,0.442,0.6788,0.1799,0.4096,0.6434
888,333,0.9814,0.2299,0.48,0.9932,0.2553,0.0975
889,333,0.9458,0.2046,0.9365,0.9131,0.2191,0.0968
890,333,0.32,0.7307,0.0847,0.6092,0.7447,0.6703
891,333,0.2108,0.0967,0.4966,0.0831,0.1167,0.0488
892,333,0.1329,0.8475,0.068,0.2389,0.8441,0.8079
893,333,0.9688,0.2879,0.941,0.9267,0.3291,0.1419
894,334,0.8805,0.0833,0.833,0.7732,0.058,0.2635
895,334,0.1373,0.689,0.0423,0.3628,0.6024,0.8836
896,334,0.8968,0.0067,0.9373,0.4255,0.0279,0.0575
897,334,0.0445,0.0394,0.0317,0.1451,0.0369,0.1354
898,334,0.2821,0.8467,0.0877,0.4392,0.8675,0.329
899,334,0.801,0.8981,0.9169,0.198,0.8735,0.909
900,334,0.3244,0.1763,0.1028,0.5427,0.1935,0.107
901,334,0.049,0.558,0.0824,0.0151,0.4556,0.8108
902,334,0.6392,0.1019,0.0741,0.8942,0.0896,0.1608
903,334,0.9978,0.6168,1.0,0.2789,0.6288,0.4774
904,334,0.2918,0.4368,0.1081,0.5646,0.5083,0.0116
905,334,0.1967,0.1094,0.099,0.3122,0.1002,0.1245
906,334,0.1195,0.0402,0.1995,0.0915,0.0422,0.0437
907,334,0.3853,0.0238,0.6228,0.2056,0.0407,0.0684
908,334,0.8768,0.9055,0.9645,0.1104,0.9029,0.8421
909,334,0.0609,0.0141,0.1822,0.0287,0.07,0.0466
910,334,0.0987,0.0521,0.1829,0.0847,0.058,0.0269
911,334,0.1381,0.4025,0.1572,0.1814,0.5,0.1616
912,334,0.2197,0.1116,0.0816,0.4822,0.1062,0.1397
913,334,0.2762,0.0543,0.3129,0.2819,0.0339,0.1914
914,334,1.0,0.1659,1.0,1.0,0.1393,0.6237
915,335,0.2791,0.5915,0.6364,0.0695,0.6498,0.0575
916,335,0.3601,0.6987,0.1104,0.6402,0.6642,0.9207
917,335,0.4365,0.9732,0.0952,0.7249,0.9548,0.9884
918,335,0.0579,0.2269,0.0174,0.229,0.2816,0.1295
919,335,0.703,0.1213,0.8723,0.325,0.1197,0.1092
920,335,0.1351,0.9539,0.1058,0.2351,0.9247,0.9738
921,335,0.1039,0.1265,0.0166,0.3432,0.119,0.5859
922,335,0.1247,0.0521,0.1686,0.1141,0.055,0.1063
923,335,0.1076,0.1004,0.2305,0.0839,0.0971,0.0713
924,335,0.0386,0.0848,0.0741,0.0454,0.0858,0.099
925,335,0.1158,0.9315,0.1663,0.1036,0.9044,0.9614
926,335,0.6689,0.1027,0.8262,0.2986,0.0904,0.1507
927,335,0.8003,0.8147,0.8866,0.5291,0.7959,0.952
928,335,0.2621,0.4836,0.3462,0.2759,0.5994,0.1179
929,335,0.147,0.1823,0.1436,0.2449,0.2477,0.0822
930,335,0.1225,0.7158,0.1066,0.2585,0.6446,0.8828
931,335,0.1767,0.186,0.2842,0.1436,0.1867,0.1732
932,335,0.1017,0.9427,0.1013,0.1784,0.8893,0.9753
933,335,0.3898,0.0618,0.4528,0.3205,0.0678,0.0131
934,335,0.1366,0.9851,0.1436,0.1693,0.9684,0.9949
935,335,0.1537,0.9234,0.1716,0.232,0.8494,0.9709
936,335,0.5026,0.1064,0.0212,0.8254,0.0934,0.1528
937,335,0.0713,0.0521,0.1172,0.1096,0.0422,0.1084
938,335,0.2576,0.9993,0.0537,0.5412,0.1137,0.9993
939,335,0.069,0.1198,0.0983,0.0741,0.131,0.1012
940,338,0.0676,0.1585,0.0242,0.2237,0.1627,0.1441
941,338,0.3667,0.9725,0.1036,0.6999,0.9834,0.099
942,338,0.095,0.6577,0.0355,0.3159,0.7304,0.1157
943,338,0.0995,0.2775,0.2577,0.0484,0.3622,0.1383
944,338,0.0943,0.1161,0.0416,0.3061,0.1039,0.1434
945,338,0.0854,0.3832,0.0907,0.1618,0.4526,0.222
946,338,0.5805,0.6689,0.9335,0.093,0.6401,0.6936
947,338,0.0876,0.0558,0.3235,0.0076,0.0693,0.056
948,338,0.4818,0.1622,0.0174,0.7725,0.1988,0.163
949,338,0.0839,0.6503,0.1081,0.0816,0.6453,0.682
950,338,0.078,0.8586,0.1051,0.0741,0.8396,0.8967
951,338,0.0512,0.1555,0.0642,0.1172,0.1273,0.4629
952,338,0.7431,0.1674,0.0333,0.9131,0.1717,0.1383
953,338,0.0601,0.0164,0.1489,0.0378,0.0271,0.0895
954,338,0.0913,0.8155,0.1474,0.0847,0.8539,0.0444
955,338,0.0794,0.7582,0.127,0.1315,0.7989,0.1405
956,338,0.4677,0.189,0.3265,0.4966,0.1258,0.6528
957,338,0.1188,0.0699,0.1164,0.2003,0.058,0.1325
958,338,0.2725,0.3341,0.1088,0.5163,0.4111,0.1572
959,338,0.0364,0.1324,0.0287,0.1708,0.125,0.1383
960,338,0.0542,0.3028,0.0877,0.0862,0.4255,0.075
961,338,0.0475,0.1607,0.059,0.0831,0.1423,0.2278
962,338,0.9978,0.3951,0.164,0.9992,0.5151,0.1128
963,339,0.8322,0.1659,0.8647,0.6629,0.1845,0.0691
964,339,0.0304,0.1004,0.0098,0.1073,0.0986,0.0866
965,339,0.1834,0.122,0.1081,0.3061,0.1227,0.0932
966,339,0.2413,0.1741,0.0673,0.6243,0.1807,0.147
967,339,0.7899,0.0156,0.9055,0.1738,0.0286,0.0007
968,339,0.0861,0.1086,0.0597,0.1481,0.1039,0.0742
969,339,0.461,0.1629,0.4233,0.542,0.1724,0.1157
970,339,0.1411,0.1429,0.2804,0.0975,0.1453,0.115
971,339,0.0423,0.5774,0.034,0.1761,0.6461,0.1215
972,339,0.0156,0.122,0.0128,0.0839,0.1054,0.2773
973,339,0.0282,0.4539,0.0302,0.0839,0.5678,0.139
974,339,0.1218,0.0565,0.062,0.2404,0.0678,0.0328
975,339,0.1188,0.1198,0.1481,0.2048,0.1084,0.1754
976,339,0.2739,0.1496,0.5291,0.1194,0.1596,0.0844
977,339,0.0735,0.1183,0.0779,0.1497,0.1054,0.1077
978,339,0.1938,0.0513,0.1489,0.288,0.064,0.0997
979,339,0.0861,0.2158,0.0385,0.3326,0.2425,0.1419
980,339,0.0646,0.6257,0.0333,0.1489,0.6988,0.1652
981,339,0.1195,0.1138,0.096,0.2033,0.1024,0.123
982,339,0.1069,0.192,0.093,0.2834,0.2026,0.1332
983,339,0.3912,0.0372,0.712,0.1172,0.0505,0.0524
984,339,0.2442,0.0915,0.0809,0.517,0.0843,0.1172
985,339,0.245,0.2202,0.0098,0.5389,0.2267,0.2329
986,339,0.2339,0.096,0.0189,0.5782,0.0542,0.6245
987,339,0.1062,0.1057,0.0544,0.2472,0.1242,0.0924
988,339,0.15,0.2076,0.3915,0.0446,0.2402,0.2642
989,339,0.6347,0.0149,0.3069,0.6992,0.0181,0.0691
990,339,0.3638,0.1101,0.1066,0.5359,0.0979,0.1223
991,339,0.1336,0.1771,0.0703,0.3696,0.1822,0.1623
992,339,0.0757,0.4918,0.1542,0.0491,0.5761,0.1448
993,339,0.1307,0.0446,0.0786,0.2441,0.0301,0.2504
994,339,0.0943,0.0841,0.1323,0.0869,0.0798,0.1026
995,339,0.4588,0.1525,0.2328,0.5979,0.1544,0.1099
996,339,0.5152,0.2634,0.7785,0.1338,0.3193,0.0633
997,339,0.0794,0.1354,0.0884,0.1807,0.1355,0.1201
998,339,0.1396,0.1615,0.2517,0.1255,0.1747,0.1223
999,339,0.5902,0.0283,0.2109,0.8133,0.0286,0.0495
1000,339,0.0831,0.1615,0.1255,0.0922,0.1672,0.1077
1001,339,0.3794,0.0952,0.1066,0.712,0.113,0.0771
1002,339,0.2747,0.1347,0.096,0.5571,0.1551,0.075
1003,339,0.9243,0.1138,0.9675,0.2555,0.134,0.0378
1004,339,0.1166,0.1562,0.2834,0.0809,0.1604,0.1128
1005,339,0.9918,0.8787,0.9955,0.0197,0.7455,0.9665
1006,339,0.3415,0.0179,0.1141,0.5034,0.0151,0.0742
1007,339,0.1477,0.1421,0.0703,0.26,0.1318,0.1601
1008,339,0.0742,0.1213,0.059,0.2305,0.18,0.0888
1009,339,0.2272,0.1451,0.4127,0.1459,0.1529,0.1026
1010,339,0.6169,0.1161,0.3485,0.7453,0.1295,0.0604
1011,339,0.8025,0.2195,0.5971,0.8322,0.1965,0.6143
1012,340,0.0616,0.654,0.0967,0.0635,0.7236,0.1288
1013,340,0.1477,0.1682,0.0552,0.3719,0.1747,0.1477
1014,340,0.0913,0.9918,0.0801,0.1746,0.9646,0.9978
1015,340,0.1166,0.1138,0.0574,0.2283,0.1099,0.0983
1016,340,0.0624,0.0156,0.068,0.1391,0.009,0.0757
1017,340,0.1366,0.0893,0.0741,0.35,0.0828,0.0859
1018,340,0.0631,0.1168,0.0567,0.1693,0.1137,0.1164
1019,340,0.1143,0.1421,0.0869,0.257,0.1401,0.1623
1020,340,0.0245,0.1711,0.0461,0.0695,0.1581,0.3588
1021,340,0.856,0.0097,0.9478,0.1247,0.0075,0.0
1022,340,0.0059,0.1064,0.0159,0.0272,0.1047,0.107
1023,340,0.0401,0.6964,0.1005,0.0204,0.695,0.7271
1024,340,0.3281,0.9993,0.0839,0.4868,0.9917,0.9993
1025,340,0.3779,0.7746,0.6236,0.189,0.7869,0.7242
1026,340,0.1856,0.5432,0.0491,0.4822,0.6378,0.1878
1027,340,0.0824,0.1615,0.0529,0.1512,0.1619,0.1303
1028,340,0.0275,0.9769,0.0529,0.0242,0.9631,0.9512
1029,340,0.0304,0.3147,0.0522,0.0393,0.4014,0.1579
1030,340,0.0097,0.0632,0.0522,0.0144,0.058,0.131
1031,340,0.8775,0.003,0.9819,0.2366,0.0053,0.0495
1032,340,0.069,0.2106,0.0083,0.3265,0.2846,0.0815
1033,340,0.078,0.4963,0.0385,0.3273,0.5979,0.182
1034,340,0.2428,0.7798,0.4989,0.0945,0.7914,0.7285
1035,340,0.6102,0.1399,0.7354,0.3439,0.1529,0.0924
1036,340,0.2257,0.2798,0.1693,0.3666,0.3727,0.1259
1037,340,0.1633,0.1131,0.3001,0.155,0.1107,0.091
1038,340,0.3719,0.756,0.1807,0.4996,0.7011,0.9403
1039,340,0.4543,0.2879,0.5684,0.3084,0.3245,0.1106
1040,340,0.7981,0.0856,0.9078,0.5639,0.0889,0.0793
1041,340,0.2442,0.9993,0.164,0.3008,0.991,1.0
1042,340,0.0653,0.7418,0.0794,0.1005,0.7462,0.6812
1043,340,0.0935,0.9204,0.1179,0.1187,0.887,0.9643
1044,340,0.7713,0.9219,0.2963,0.9153,0.8908,0.9607
1045,340,0.1514,0.1644,0.0801,0.3689,0.1672,0.179
1046,340,0.098,0.3192,0.0227,0.3091,0.3931,0.1674
1047,340,0.098,0.1384,0.1791,0.0688,0.1295,0.2176
1048,340,0.0913,0.0737,0.0469,0.1837,0.0881,0.0546
1049,340,0.9154,0.7314,0.9539,0.3734,0.7312,0.6696
1050,340,0.1745,0.1228,0.1474,0.257,0.128,0.1019
1051,340,0.3252,0.1815,0.1731,0.5223,0.1943,0.0975
1052,340,0.0921,0.1399,0.1701,0.0544,0.1401,0.2031
1053,340,0.098,0.1912,0.1897,0.0937,0.2063,0.123
1054,340,0.1604,0.2083,0.093,0.3462,0.2297,0.1208
1055,340,0.1856,0.1451,0.1799,0.2026,0.134,0.4971
1056,340,0.1054,0.9152,0.1104,0.1565,0.8727,0.9658
1057,340,0.0668,0.125,0.13,0.0537,0.1273,0.0873
1058,340,0.925,0.279,0.4248,0.9773,0.2658,0.5459
1059,340,0.6503,0.9256,0.0529,0.9335,0.8614,0.9709
1060,340,0.3898,0.0632,0.6757,0.1852,0.0904,0.0371
1061,340,0.1952,0.1458,0.4248,0.1383,0.1642,0.0466
1062,340,0.5457,0.1481,0.2494,0.7574,0.1461,0.1696
1063,341,0.1225,0.9501,0.1799,0.1708,0.9262,0.9672
1064,341,0.2116,0.9665,0.3772,0.1678,0.945,0.9825
1065,341,0.9852,0.9948,0.9932,0.195,0.9902,0.9985
1066,341,0.144,0.9814,0.0748,0.3545,0.9699,0.9949
1067,341,0.3088,0.9241,0.5979,0.1058,0.8735,0.9672
1068,341,0.4937,0.7954,0.7264,0.2245,0.7696,0.8734
1069,341,0.2643,0.0119,0.1444,0.4762,0.0173,0.067
1070,341,0.925,0.5856,0.9773,0.4286,0.6227,0.4105
1071,341,0.0676,0.0915,0.1104,0.0688,0.1002,0.0677
1072,341,0.1618,0.131,0.2396,0.1905,0.1355,0.107
1073,341,0.2539,0.1287,0.232,0.2933,0.1295,0.1477
1074,341,0.3749,0.7842,0.13,0.6236,0.7711,0.8064
1075,341,0.0973,0.2143,0.0892,0.1988,0.2884,0.1245
1076,342,0.1017,0.9107,0.1542,0.0801,0.8283,0.9745
1077,342,0.8137,0.7917,0.8987,0.4104,0.7854,0.845
1078,342,0.1225,0.7746,0.1119,0.285,0.8321,0.1215
1079,342,0.1114,0.0565,0.1187,0.1882,0.0602,0.0284
1080,342,0.0846,0.7671,0.0559,0.158,0.7681,0.6026
1081,343,0.9213,0.0573,0.0869,0.9879,0.0625,0.0451
1082,343,0.1121,0.3214,0.0438,0.2313,0.4006,0.1761
1083,343,0.2992,0.4874,0.0287,0.6153,0.5474,0.302
1084,343,0.0371,0.1793,0.0242,0.1096,0.18,0.2089
1085,343,0.193,0.1287,0.1096,0.4157,0.1182,0.1703
1086,343,0.0327,0.622,0.0461,0.0854,0.7056,0.0531
1087,343,0.02,0.0975,0.0128,0.0839,0.0828,0.1368
1088,343,0.3207,0.0484,0.5586,0.1308,0.0354,0.1863
1089,343,0.0557,0.1324,0.0582,0.1179,0.1235,0.1521
1090,343,0.0794,0.1905,0.1542,0.0597,0.1973,0.1339
1091,343,0.1514,0.0379,0.3303,0.0869,0.0324,0.0408
1092,343,0.0809,0.0312,0.065,0.2101,0.0286,0.2162
1093,343,0.2257,0.1317,0.1217,0.3568,0.131,0.1033
1094,343,0.0438,0.2269,0.0801,0.0779,0.25,0.1128
1095,343,0.1151,0.1741,0.1784,0.1368,0.1883,0.1026
1096,343,0.1188,0.1704,0.195,0.1361,0.1875,0.1004
1097,343,0.5768,0.5551,0.7989,0.2978,0.5565,0.5852
1098,343,0.072,0.122,0.068,0.1111,0.1393,0.0546
1099,343,0.2287,0.7388,0.3439,0.1444,0.7553,0.6441
1100,343,0.0208,0.1644,0.0574,0.0348,0.1687,0.1536
1101,343,0.317,0.0997,0.155,0.4974,0.0919,0.115
1102,343,0.5509,0.0491,0.4664,0.5729,0.0512,0.0444
1103,343,0.0698,0.2068,0.0491,0.1761,0.2221,0.1019
1104,343,0.8537,0.0603,0.9645,0.0438,0.0542,0.1164
1105,343,0.0186,0.183,0.0567,0.037,0.195,0.1135
1106,343,0.173,0.1771,0.1036,0.3001,0.1815,0.131
1107,343,0.1433,0.0737,0.1088,0.2986,0.0776,0.0662
1108,343,0.1121,0.1384,0.0514,0.2298,0.1363,0.139
1109,343,0.1418,0.1399,0.1141,0.2887,0.1363,0.179
1110,343,0.098,0.1629,0.0673,0.2222,0.1694,0.1252
1111,343,0.118,0.0141,0.0642,0.3091,0.0467,0.0029
1112,343,0.9005,0.6376,0.9811,0.0348,0.6491,0.5815
1113,343,0.1314,0.1362,0.195,0.127,0.1544,0.0771
1114,343,0.2843,0.1362,0.1897,0.452,0.1596,0.0371
1115,343,0.1656,0.244,0.3696,0.0605,0.2914,0.0255
1116,343,0.1477,0.9598,0.1489,0.1943,0.8991,0.9847
1117,343,0.6333,0.1071,0.5457,0.6054,0.0941,0.2766
1118,343,0.1054,0.2158,0.1383,0.1451,0.2846,0.0349
1119,343,0.8463,0.2612,0.9516,0.2706,0.3117,0.0109
1120,343,0.2019,0.9993,0.1988,0.2237,0.991,1.0
1121,343,0.3422,0.1004,0.2948,0.4384,0.125,0.0218
1122,346,0.3326,0.3609,0.0794,0.7067,0.427,0.0509
1123,346,0.1069,0.1786,0.0469,0.2562,0.2078,0.1121
1124,346,0.1084,0.1607,0.062,0.2721,0.18,0.1186
1125,346,0.1158,0.1466,0.1066,0.2653,0.1514,0.0786
1126,346,0.2056,0.5208,0.2993,0.1905,0.5346,0.468
1127,346,0.1373,0.1228,0.1943,0.1141,0.128,0.1106
1128,346,0.9889,0.1949,0.9841,0.836,0.2086,0.0808
1129,346,0.4328,0.465,0.6546,0.2063,0.3908,0.7438
1130,346,0.2094,0.1488,0.0763,0.4754,0.1762,0.0386
1131,346,0.0943,0.0871,0.158,0.102,0.0685,0.1914
1132,346,0.4573,0.1176,0.3749,0.4732,0.1175,0.1157
1133,346,0.0906,0.099,0.0627,0.1988,0.0904,0.0844
1134,346,0.0393,0.1838,0.0642,0.0869,0.1875,0.27
1135,346,0.0965,0.625,0.1995,0.0454,0.6476,0.2889
1136,347,0.1759,0.2121,0.099,0.353,0.253,0.2715
1137,347,0.1188,0.3609,0.0975,0.2653,0.4586,0.1419
1138,347,0.1425,0.1674,0.028,0.4165,0.1739,0.2154
1139,347,0.0631,0.1726,0.1051,0.0567,0.1694,0.2795
1140,347,0.0683,0.2083,0.0794,0.1005,0.244,0.1448
1141,347,0.3408,0.7746,0.5986,0.1625,0.8125,0.3028
1142,347,0.1693,0.8579,0.2147,0.2056,0.8614,0.8392
1143,347,0.0252,0.0774,0.0431,0.0446,0.0776,0.0779
1144,347,0.4469,0.0632,0.5374,0.3628,0.0723,0.064
1145,347,0.3267,0.686,0.1104,0.6259,0.6965,0.4782
1146,347,0.1811,0.0275,0.0967,0.393,0.0286,0.0822
1147,347,0.7246,1.0,0.5004,0.7793,1.0,1.0
1148,347,0.0698,0.1406,0.0854,0.1285,0.1408,0.1019
1149,347,0.5442,0.7024,0.7906,0.1965,0.7154,0.4549
1150,347,0.3653,0.1287,0.0658,0.6357,0.1642,0.115
1151,347,0.6013,0.1064,0.7566,0.4142,0.1107,0.059
1152,347,0.2829,0.1964,0.3636,0.2434,0.2048,0.1754
1153,347,0.9844,0.8423,0.994,0.2132,0.8381,0.8275
1154,347,0.2153,0.3051,0.0068,0.452,0.3931,0.1441
1155,347,0.6682,0.1503,0.1799,0.8602,0.1559,0.1179
1156,347,0.1032,0.093,0.1391,0.1489,0.1145,0.0771
1157,347,0.1158,0.1711,0.155,0.1391,0.183,0.0975
1158,347,0.0995,0.8884,0.1134,0.1519,0.8788,0.9236
1159,347,0.6652,0.9754,0.3091,0.7785,0.9526,0.9964
1160,347,0.1767,0.0461,0.4263,0.0718,0.1273,0.0364
1161,347,0.1722,0.8103,0.0779,0.3356,0.8306,0.6121
1162,347,0.4722,0.814,0.7385,0.0975,0.8306,0.7373
1163,347,0.1656,0.1146,0.1504,0.2419,0.1092,0.1201
1164,347,0.605,0.0945,0.452,0.6674,0.0979,0.1215
1165,347,0.0208,0.1652,0.0015,0.0983,0.1747,0.1317
1166,347,0.1559,0.8214,0.0794,0.2706,0.8358,0.7504
1167,347,0.1136,0.1466,0.4059,0.028,0.1431,0.131
1168,347,0.3823,0.1682,0.0703,0.6606,0.1702,0.1587
1169,347,0.9406,0.1562,0.8859,0.8571,0.1694,0.0815
1170,347,0.1544,0.0751,0.164,0.1807,0.073,0.0859
1171,347,0.2747,0.2016,0.3787,0.2509,0.2221,0.0699
1172,347,0.3096,0.7001,0.3621,0.2426,0.7041,0.7067
1173,347,0.6102,0.1562,0.22,0.7793,0.1717,0.1121
1174,347,0.3051,0.0499,0.5775,0.1844,0.0633,0.0226
1175,347,0.2168,0.1384,0.2079,0.2404,0.1559,0.0539
1176,347,0.1388,0.2195,0.2048,0.1096,0.2372,0.115
1177,347,0.2806,0.5074,0.4717,0.1754,0.5158,0.5662
1178,347,0.6867,0.1964,0.8927,0.3583,0.2161,0.0684
1179,347,0.0423,0.244,0.195,0.0249,0.2726,0.1332
1180,347,0.0935,0.1101,0.0831,0.2026,0.1589,0.0138
1181,347,0.2673,0.1116,0.0877,0.5351,0.1295,0.0459
1182,347,0.1737,0.9196,0.1323,0.229,0.9164,0.9083
1183,347,0.0883,0.0573,0.192,0.0385,0.0587,0.1055
1184,347,0.7045,0.7746,0.3205,0.7559,0.7854,0.8079
1185,348,0.0483,0.0856,0.096,0.006,0.1062,0.0597
1186,348,0.9503,0.5588,0.9781,0.158,0.6069,0.0764
1187,348,0.3556,0.1324,0.4565,0.3719,0.1227,0.1274
1188,348,0.0965,0.096,0.3152,0.0499,0.0941,0.0786
1189,348,0.0319,0.4903,0.0227,0.099,0.6077,0.0713
1190,348,0.3073,0.1176,0.0801,0.6062,0.0994,0.1543
1191,348,0.0223,0.1399,0.0355,0.0431,0.1438,0.1295
1192,348,0.3014,0.1019,0.0431,0.5208,0.1431,0.0007
1193,348,0.1225,0.1332,0.0567,0.3333,0.1446,0.0866
1194,348,0.0831,0.0975,0.1073,0.1504,0.1099,0.0502
1195,348,0.2101,0.0751,0.1875,0.2252,0.0858,0.0902
1196,348,0.0497,0.1734,0.0197,0.1134,0.1792,0.1587
1197,348,0.0661,0.8408,0.1481,0.0711,0.8449,0.7737
1198,348,0.0564,0.151,0.1262,0.0726,0.1634,0.1048
1199,348,0.1663,0.1198,0.3409,0.0794,0.1755,0.0116
1200,348,0.9213,0.2247,0.9872,0.1111,0.2477,0.1252
1201,348,0.9465,0.0885,0.9705,0.7521,0.1054,0.0539
1202,348,0.9903,0.0751,0.9962,0.585,0.0821,0.1012
1203,348,0.2339,0.7121,0.2872,0.2018,0.7214,0.591
1204,348,0.3608,0.0982,0.1285,0.4724,0.0926,0.0946
1205,348,1.0,0.7634,1.0,0.3976,0.7824,0.6776
1206,348,0.9941,0.0461,0.997,0.7528,0.052,0.0713
1207,348,1.0,0.1079,0.9985,1.0,0.1265,0.0721
1208,349,0.441,0.0439,0.1051,0.7211,0.0527,0.04
1209,349,0.0312,0.1436,0.0559,0.0265,0.1408,0.1368
1210,349,0.2116,0.5216,0.1036,0.4293,0.4699,0.7591
1211,349,0.0275,0.2574,0.0166,0.0915,0.3419,0.1099
1212,349,0.1678,0.2314,0.0476,0.3137,0.2651,0.1448
1213,349,0.1685,0.2649,0.0945,0.2887,0.372,0.0218
1214,349,0.1604,0.1443,0.1345,0.288,0.2636,0.0182
1215,349,0.0609,0.7426,0.0401,0.1618,0.7583,0.4541
1216,349,0.1581,0.0707,0.1179,0.2653,0.0971,0.0408
1217,349,0.1685,0.0156,0.0522,0.3772,0.0188,0.0779
1218,349,0.0683,0.1451,0.0763,0.1391,0.1461,0.1376
1219,349,0.0327,0.0112,0.0461,0.0537,0.0384,0.0786
1220,350,0.0787,0.1555,0.127,0.0559,0.1664,0.0808
1221,350,0.0453,0.2344,0.0393,0.1323,0.2598,0.1354
1222,350,0.5575,0.4003,0.2033,0.7702,0.4255,0.3428
1223,350,0.0512,0.1994,0.0967,0.0431,0.2214,0.1063
1224,350,0.1745,0.6629,0.189,0.2056,0.6958,0.147
1225,350,0.5798,0.119,0.0106,0.8934,0.1295,0.0509
1226,350,0.2977,0.1972,0.0748,0.4996,0.1965,0.2023
1227,350,0.1151,0.0796,0.0733,0.2933,0.0866,0.0422
1228,350,0.0995,0.0967,0.1066,0.1368,0.1009,0.0895
1229,350,0.2843,0.1615,0.0574,0.5684,0.1755,0.0771
1230,350,0.9903,0.9955,0.9992,0.0635,0.9902,0.9978
1231,350,0.2955,0.0074,0.5896,0.1361,0.009,0.0247
1232,350,0.1121,0.1622,0.3008,0.037,0.1822,0.0924
1233,350,0.9503,0.9286,0.9667,0.4565,0.9172,0.8544
1234,350,0.9881,0.7649,0.9917,0.2668,0.6348,0.9345
1235,350,0.2294,0.7902,0.4437,0.1633,0.7402,0.9534
1236,350,0.0438,0.0938,0.0801,0.0355,0.1054,0.0735
1237,350,0.271,0.1012,0.1927,0.5268,0.0979,0.1201
1238,350,0.0943,0.1176,0.065,0.2018,0.1107,0.1565
1239,350,0.4001,0.0268,0.1655,0.5949,0.0399,0.0502
1240,350,0.1136,0.119,0.1156,0.1799,0.1333,0.0801
1241,350,0.1804,0.0751,0.1293,0.2608,0.0708,0.0539
1242,350,0.0824,0.0499,0.13,0.1043,0.0392,0.075
1243,350,0.2932,0.1622,0.0824,0.675,0.1694,0.1135
1244,350,0.1076,0.1243,0.0416,0.3983,0.1084,0.1339
1245,350,0.0193,0.1429,0.0363,0.0287,0.1416,0.1594
1246,350,0.4432,0.1704,0.7808,0.0454,0.2018,0.0895
1247,350,0.1084,0.0848,0.164,0.1376,0.1393,0.0029
1248,350,0.0787,0.0402,0.1875,0.0469,0.0377,0.0735
1249,350,0.4803,0.0885,0.1217,0.7354,0.1002,0.0742
1250,350,0.4462,0.369,0.6901,0.2101,0.3328,0.6186
1251,350,0.0601,0.1436,0.0491,0.1277,0.1574,0.1092
1252,350,0.0349,0.0521,0.0469,0.0559,0.0444,0.1266
1253,350,0.2717,0.2299,0.3545,0.2676,0.2545,0.0771
1254,350,0.2108,0.2366,0.421,0.0741,0.3095,0.0502
1255,350,0.1292,0.1607,0.3054,0.0733,0.1717,0.0662
1256,350,0.1893,0.1071,0.0522,0.4618,0.1017,0.1201
1257,350,0.6956,0.4546,0.2812,0.8405,0.5113,0.0269
1258,350,0.2769,0.2024,0.2963,0.359,0.2176,0.1114
1259,350,0.4039,0.122,0.6606,0.1489,0.1348,0.075
1260,350,0.0341,0.0923,0.0257,0.1073,0.1099,0.0175
1261,350,0.0824,0.6124,0.1141,0.0748,0.6672,0.0961
1262,350,0.3645,0.1518,0.4195,0.3537,0.1642,0.0946
1263,351,0.0557,0.1124,0.0597,0.0824,0.134,0.075
1264,351,0.7825,0.1124,0.1413,0.9184,0.1092,0.1274
1265,351,0.0987,0.1905,0.0295,0.3424,0.1898,0.2394
1266,351,0.3111,0.0774,0.4157,0.2759,0.0821,0.067
1267,351,0.0765,0.0826,0.0242,0.2464,0.0798,0.067
1268,351,0.6793,0.0841,0.4195,0.8382,0.1039,0.0124
1269,351,0.1188,0.1481,0.0854,0.2895,0.2312,0.0924
1270,351,0.0319,0.0618,0.065,0.0506,0.067,0.0721
1271,351,0.1262,0.099,0.0597,0.3462,0.1099,0.0611
1272,351,0.0312,0.0603,0.1013,0.0166,0.055,0.0917
1273,351,0.1433,0.0938,0.0673,0.4029,0.0836,0.115
1274,351,0.121,0.8653,0.2933,0.034,0.8675,0.7795
1275,351,0.3081,0.1116,0.0469,0.6508,0.1227,0.0655
1276,351,0.0913,0.2024,0.155,0.0635,0.2214,0.107
1277,351,0.5122,0.1942,0.8753,0.1897,0.2191,0.0706
1278,351,0.075,0.1064,0.2169,0.0378,0.1054,0.1223
1279,351,0.2947,0.1235,0.1497,0.5185,0.1378,0.0415
1280,352,0.1336,0.1019,0.0816,0.3205,0.0949,0.107
1281,352,0.2383,0.497,0.3779,0.1534,0.5098,0.4309
1282,352,0.3022,0.1399,0.1066,0.4452,0.1401,0.1274
1283,352,0.0624,0.1838,0.0801,0.0915,0.1642,0.3413
1284,352,0.0438,0.0811,0.062,0.0741,0.0873,0.048
1285,352,0.0883,0.183,0.1504,0.1141,0.2048,0.0924
1286,352,0.4209,0.5,0.4225,0.458,0.5836,0.083
1287,352,0.0586,0.3341,0.0726,0.0915,0.3012,0.6485
1288,352,0.2034,0.1763,0.1943,0.3099,0.1709,0.2511
1289,352,0.2829,0.157,0.3447,0.263,0.1664,0.1004
1290,352,0.1099,0.1927,0.0015,0.4331,0.2304,0.1274
1291,352,0.1507,0.1399,0.1769,0.1678,0.1596,0.0793
1292,352,0.0111,0.2381,0.0008,0.0907,0.302,0.1194
1293,352,0.0312,0.2158,0.0514,0.0423,0.2199,0.286
1294,352,0.1663,0.3765,0.2252,0.1293,0.448,0.0
1295,352,0.0223,0.1763,0.0363,0.0234,0.1913,0.1099
1296,352,0.1492,0.1332,0.2404,0.164,0.1363,0.1376
1297,352,0.0601,0.2537,0.0673,0.1247,0.3245,0.1179
1298,352,0.2784,0.1086,0.6636,0.0983,0.1069,0.0902
1299,352,0.1967,0.5625,0.3998,0.0884,0.5768,0.5473
1300,352,0.0809,0.3534,0.1164,0.0801,0.4473,0.0349
1301,352,0.8797,0.6882,0.9554,0.0514,0.6476,0.7889
1302,352,0.196,0.0439,0.0945,0.319,0.0399,0.0509
1303,352,0.0586,0.1228,0.102,0.0499,0.1137,0.1114
1304,352,0.1782,0.0885,0.514,0.0,0.0753,0.099
1305,352,0.0393,0.1265,0.0242,0.13,0.1114,0.1536
1306,352,0.2101,0.9978,0.1776,0.2668,0.9849,1.0
1307,353,0.1166,0.0134,0.1383,0.1602,0.0241,0.0116
1308,353,0.0609,0.1161,0.0892,0.0998,0.113,0.1128
1309,353,0.1485,0.4092,0.1935,0.2041,0.488,0.0255
1310,353,0.167,0.5432,0.3764,0.0469,0.5881,0.2242
1311,353,0.2012,0.1429,0.1202,0.2887,0.1649,0.0371
1312,353,0.5353,0.6801,0.7861,0.1534,0.6348,0.8064
1313,353,0.1841,0.1734,0.1973,0.155,0.2191,0.2089
1314,353,0.0765,0.1057,0.0899,0.1187,0.0813,0.2678
1315,353,0.6578,0.0141,0.8949,0.0151,0.0188,0.0291
1316,353,0.3096,0.0439,0.2192,0.5019,0.0437,0.0298
1317,353,0.4024,0.1443,0.7143,0.1338,0.1514,0.1135
1318,353,0.2465,0.2597,0.0204,0.486,0.3148,0.1397
1319,364,0.2376,0.0923,0.1489,0.3734,0.1506,0.0466
1320,364,0.464,0.1414,0.424,0.5624,0.186,0.0546
1321,364,0.1574,0.6629,0.1255,0.2895,0.7327,0.0611
1322,364,0.023,0.2634,0.0401,0.0491,0.3517,0.0975
1323,364,0.3519,0.6674,0.5805,0.1905,0.7206,0.2249
1324,364,0.4165,0.3296,0.0605,0.78,0.4307,0.1361
1325,364,0.1759,0.2879,0.0249,0.356,0.3283,0.278
1326,364,0.9896,0.0275,0.969,0.9289,0.0173,0.0764
1327,364,0.0787,0.0499,0.1194,0.0733,0.052,0.0408
1328,364,0.0416,0.2463,0.028,0.1466,0.3509,0.1019
1329,364,0.1804,0.0804,0.1761,0.2283,0.0858,0.0771
1330,364,0.3667,0.1443,0.5457,0.2222,0.1461,0.1099
1331,364,0.2442,0.1458,0.1013,0.4747,0.1755,0.0822
1332,367,0.614,0.1622,0.7022,0.4966,0.1815,0.0975
1333,367,0.0809,0.0357,0.0718,0.1345,0.0407,0.0429
1334,367,0.072,0.3214,0.1262,0.0801,0.3599,0.1434
1335,367,0.1054,0.7768,0.0408,0.1882,0.6611,0.9156
1336,367,0.1039,0.1793,0.0627,0.2441,0.2026,0.0524
1337,367,0.2138,0.6481,0.3091,0.2132,0.6732,0.5109
1338,367,0.9376,0.5067,0.9894,0.4822,0.5392,0.3624
1339,367,0.6919,0.1391,0.3167,0.802,0.1498,0.2227
1340,367,0.9918,0.3348,0.9985,0.1572,0.3614,0.2438
1341,367,0.0987,0.1592,0.0801,0.1247,0.1792,0.0873
1342,367,0.1552,0.1488,0.4021,0.0393,0.1581,0.1121
1343,367,0.0453,0.1183,0.0952,0.0469,0.1084,0.1805
1344,367,0.0891,0.1756,0.1791,0.0869,0.183,0.1237
1345,367,0.2494,0.1749,0.0703,0.5699,0.1792,0.1295
1346,367,0.1388,0.1168,0.0854,0.2162,0.1792,0.0007
1347,367,0.1284,0.1183,0.0763,0.3802,0.1152,0.1201
1348,367,0.611,0.5558,0.2426,0.7082,0.6099,0.0983
1349,367,0.2264,0.2121,0.3039,0.1799,0.2289,0.182
1350,367,0.4677,0.1265,0.4936,0.4505,0.1378,0.0917
1351,367,0.0334,0.1027,0.0786,0.0166,0.1205,0.0284
1352,367,0.761,0.2173,0.9516,0.0831,0.2462,0.0451
1353,367,0.2532,0.9077,0.5397,0.0915,0.9096,0.8377
1354,367,0.4039,0.2165,0.3492,0.4361,0.2922,0.1143
1355,367,0.17,0.099,0.1134,0.2411,0.0617,0.5837
1356,367,0.0438,0.125,0.0401,0.0899,0.1333,0.1026
1357,367,0.9451,0.1347,0.6984,0.9494,0.1378,0.1019
1358,368,0.3935,0.1086,0.7974,0.034,0.1145,0.0524
1359,368,0.2287,0.2396,0.2373,0.2857,0.2402,0.4265
1360,368,0.2071,0.035,0.4649,0.0952,0.0271,0.0604
1361,368,0.0809,0.1726,0.059,0.1345,0.195,0.1783
1362,368,0.2168,0.1436,0.3515,0.2132,0.1355,0.1878
1363,368,0.121,0.122,0.1686,0.1134,0.1438,0.0393
1364,368,0.0215,0.2173,0.0499,0.0038,0.3117,0.064
1365,368,0.0943,0.0707,0.1051,0.1686,0.055,0.1332
1366,368,0.6711,0.1109,0.9191,0.189,0.1024,0.1295
1367,368,1.0,0.1414,1.0,0.994,0.1137,0.7242
1368,369,0.0594,0.1622,0.0665,0.093,0.1785,0.0677
1369,369,0.0579,0.3266,0.0476,0.1013,0.3916,0.2489
1370,369,0.1975,0.5193,0.2449,0.1761,0.4081,0.9163
1371,369,0.1566,0.0885,0.0665,0.2986,0.1039,0.0699
1372,369,0.2212,0.1362,0.0809,0.359,0.1491,0.1019
1373,369,0.8797,0.715,0.9758,0.0816,0.7274,0.5655
1374,369,0.0586,0.6496,0.0627,0.1451,0.5843,0.9396
1375,369,0.3979,0.7932,0.1822,0.5684,0.808,0.7438
1376,369,0.2131,0.0878,0.2608,0.2063,0.0851,0.1077
1377,369,0.0787,0.1399,0.0952,0.0945,0.1604,0.0197
1378,369,0.2947,0.0632,0.6584,0.0582,0.0715,0.0888
1379,369,0.2918,0.1607,0.0915,0.582,0.1709,0.1121
1380,369,0.2004,0.9554,0.3091,0.1693,0.9503,0.8435
1381,369,0.0958,0.7128,0.1648,0.0703,0.6551,0.7962
1382,374,0.1707,0.0692,0.0091,0.4444,0.0595,0.1012
1383,374,0.0757,0.1912,0.1323,0.0915,0.1988,0.1383
1384,374,0.2242,0.1146,0.4407,0.1066,0.113,0.1114
1385,374,0.6889,0.8065,0.8957,0.1376,0.7824,0.8763
1386,374,0.4365,0.7649,0.1799,0.6984,0.7741,0.7213
1387,374,0.6192,0.1101,0.8352,0.226,0.1054,0.0961
1388,374,0.6102,0.3467,0.0574,0.8534,0.3931,0.2649
1389,374,0.0512,0.1399,0.0741,0.0544,0.1514,0.0852
1390,374,0.3452,0.503,0.1088,0.5548,0.5723,0.0167
1391,374,0.0453,0.1987,0.0763,0.0514,0.2131,0.139
1392,374,0.5345,0.4546,0.8443,0.1293,0.491,0.3734
1393,374,0.4514,0.3304,0.0801,0.7876,0.4224,0.1157
1394,374,0.4469,0.1339,0.576,0.39,0.125,0.1426
1395,382,0.1307,0.0945,0.1104,0.2562,0.1062,0.0757
1396,382,0.4595,0.8579,0.0748,0.7695,0.8306,0.9534
1397,382,0.2554,0.9576,0.6485,0.0265,0.9217,0.9723
1398,382,0.4083,0.0446,0.0529,0.7415,0.0512,0.0408
1399,382,0.6266,0.1071,0.2139,0.7906,0.1205,0.0721
1400,382,0.1633,0.8914,0.195,0.2101,0.8253,0.9716
1401,382,0.4974,0.0714,0.6599,0.3039,0.0949,0.0721
1402,382,0.7877,0.1138,0.059,0.9342,0.1182,0.1157
1403,382,0.8085,0.6466,0.7347,0.7354,0.619,0.8697
1404,382,0.0059,0.221,0.0204,0.0574,0.2357,0.1332
1405,382,0.1492,0.1667,0.0741,0.3439,0.1845,0.0932
1406,382,0.1344,0.8661,0.2116,0.1179,0.8389,0.9541
1407,382,0.5768,0.2262,0.0809,0.8443,0.2508,0.1303
1408,382,0.1425,0.1213,0.2766,0.0726,0.1318,0.0684
1409,382,0.2227,0.567,0.167,0.4142,0.512,0.8632
1410,382,0.046,0.0588,0.0915,0.0711,0.055,0.1121
1411,382,0.2324,0.8966,0.0499,0.4293,0.8291,0.9723
1412,382,0.1076,0.2589,0.1875,0.096,0.3238,0.0706
1413,382,0.9993,0.1815,1.0,0.4641,0.2011,0.1186
1414,382,0.997,0.2068,0.997,0.3469,0.2477,0.1295
1415,382,0.3697,0.0781,0.0446,0.5654,0.0904,0.0713
1416,382,0.9755,0.1481,0.5949,0.9743,0.1551,0.1186
1417,401,0.1411,0.0253,0.3847,0.1036,0.0934,0.0189
1418,401,0.2702,0.0476,0.0249,0.6425,0.0384,0.3806
1419,401,0.216,0.1406,0.0899,0.4951,0.1378,0.1325
1420,401,0.1537,0.9122,0.1927,0.1391,0.863,0.9636
1421,401,0.0728,0.9174,0.1716,0.0091,0.8667,0.9665
1422,401,0.3185,0.0513,0.0416,0.6281,0.0505,0.0691
1423,401,0.1863,0.9204,0.2381,0.2063,0.8652,0.9709
1424,401,0.0742,0.9874,0.1081,0.0779,0.9706,0.9956
1425,401,0.3578,0.8743,0.062,0.5661,0.8434,0.9447
1426,401,0.7231,0.8765,0.6508,0.6939,0.8396,0.9614
1427,401,1.0,0.1912,1.0,0.9909,0.2056,0.0713
1428,402,0.0505,0.7723,0.0257,0.1308,0.7643,0.8144
1429,402,0.2829,0.0558,0.1051,0.5238,0.0986,0.0619
1430,402,0.0171,0.2552,0.0499,0.0227,0.2974,0.1616
1431,402,0.0921,0.9234,0.1262,0.1663,0.8803,0.9636
1432,402,0.0668,0.9829,0.0559,0.1194,0.9608,0.9927
1433,402,0.121,0.0885,0.1005,0.1837,0.1114,0.0429
1434,402,0.1076,0.808,0.1973,0.0779,0.7553,0.9563
1435,402,0.0802,0.9993,0.167,0.0393,0.0798,0.9985
1436,402,0.6823,0.099,0.8609,0.3537,0.1032,0.4265
1437,402,0.533,0.0699,0.1701,0.78,0.073,0.0852
1438,402,0.2413,0.0685,0.4732,0.068,0.0617,0.067
1439,402,0.0839,0.8527,0.1104,0.1421,0.8464,0.8741
1440,402,0.1544,0.2314,0.319,0.0741,0.375,0.091
1441,402,0.0364,0.9598,0.0574,0.1073,0.9081,0.9913
1442,402,0.2108,0.1875,0.4641,0.0899,0.2078,0.0837
1443,402,0.0839,0.1719,0.1209,0.1051,0.1807,0.1412
1444,402,0.5754,0.1414,0.6871,0.4195,0.1792,0.1492
1445,402,0.1433,0.9516,0.1784,0.1663,0.8931,0.9818
1446,402,0.0869,0.0833,0.1111,0.1209,0.0708,0.1164
1447,402,0.0794,0.9524,0.0824,0.1413,0.9029,0.976
1448,402,0.3118,0.1332,0.424,0.2646,0.1461,0.0866
1449,402,0.9896,0.2805,0.4414,0.9819,0.3133,0.1114
1450,407,0.2732,0.0439,0.0915,0.4618,0.0444,0.0386
1451,407,0.1069,0.1042,0.0809,0.2517,0.0986,0.0961
1452,407,0.4707,0.0952,0.3741,0.4845,0.0994,0.1164
1453,407,0.0082,0.099,0.0174,0.0302,0.2063,0.0146
1454,407,0.4061,0.1064,0.0756,0.5881,0.1077,0.1092
1455,407,0.095,0.1629,0.1149,0.1459,0.1732,0.131
1456,407,0.6919,0.1577,0.8889,0.0506,0.1709,0.0721
1457,407,0.3727,0.1317,0.0899,0.6531,0.137,0.1114
1458,407,0.2242,0.0573,0.1693,0.3462,0.064,0.0517
1459,407,0.2539,0.1272,0.0854,0.4346,0.1355,0.0764
1460,407,0.3734,0.1763,0.0612,0.6803,0.2026,0.0779
1461,407,0.8953,0.7128,0.9312,0.4717,0.7342,0.5946
1462,407,0.0742,0.1213,0.0998,0.0763,0.131,0.0626
1463,407,0.098,0.0298,0.0892,0.1429,0.0256,0.0779
1464,407,0.1678,0.1942,0.2011,0.1776,0.1867,0.2467
1465,407,0.2079,0.1629,0.2275,0.2184,0.1875,0.0102
1466,407,0.8634,0.1555,0.935,0.2918,0.1702,0.0975
1467,407,0.2739,0.0975,0.4815,0.1829,0.1205,0.0386
1468,407,0.3786,0.0588,0.4278,0.322,0.0715,0.0306
1469,407,0.1923,0.1153,0.1754,0.2525,0.113,0.1019
1470,407,0.5902,0.1042,0.7249,0.4119,0.1114,0.0568
1471,407,0.052,0.1682,0.0831,0.0476,0.1822,0.1157
1472,407,0.5709,0.1146,0.7453,0.3817,0.1265,0.0793
1473,407,0.2843,0.3921,0.1323,0.5374,0.2861,0.77
1474,407,1.0,0.8058,0.9977,0.9932,0.7801,0.853
1475,417,0.1886,0.2351,0.093,0.3689,0.2628,0.131
1476,417,0.1411,0.1354,0.1459,0.1822,0.1288,0.1696
1477,417,0.7899,0.9211,0.1822,0.907,0.8486,0.9738
1478,417,0.222,0.0595,0.4097,0.1413,0.0723,0.0728
1479,417,0.2962,0.1362,0.059,0.5835,0.1288,0.1092
1480,417,0.2984,0.0871,0.1134,0.6682,0.0776,0.1295
1481,417,0.3638,0.1302,0.8246,0.0529,0.1461,0.0808
1482,417,0.1952,0.0893,0.2971,0.1489,0.0858,0.1004
1483,417,0.5924,0.0945,0.3379,0.6644,0.0934,0.1143
1484,417,0.2064,0.9903,0.3734,0.1361,0.9706,0.9964
1485,417,0.9978,0.1682,0.9992,0.9176,0.2236,0.0852
1486,428,0.3942,0.1257,0.065,0.7082,0.128,0.0881
1487,428,0.6058,0.5804,0.7982,0.164,0.5324,0.7707
1488,428,0.0809,0.1272,0.1202,0.1096,0.1092,0.2089
1489,428,0.2376,0.0536,0.1005,0.4898,0.0723,0.0386
1490,428,0.7134,0.5729,0.8511,0.2993,0.6054,0.3428
1491,428,0.2576,0.0573,0.2683,0.3651,0.0474,0.1252
1492,428,0.34,0.0521,0.7596,0.0771,0.055,0.0371
1493,428,0.2012,0.0603,0.1776,0.2902,0.0587,0.0917
1494,428,0.0839,0.1577,0.0582,0.195,0.1619,0.1223
1495,428,0.0631,0.0871,0.0537,0.1353,0.0685,0.1747
1496,428,0.2791,0.1138,0.0612,0.4475,0.1069,0.1332
1497,428,0.1054,0.2068,0.189,0.0945,0.247,0.0328
1498,428,0.2695,0.1942,0.452,0.2071,0.2176,0.067
1499,428,0.1017,0.0923,0.2252,0.0529,0.1077,0.0735
1500,428,0.1002,0.1637,0.1156,0.1693,0.192,0.0371
1501,428,0.1069,0.1138,0.3235,0.0605,0.1325,0.0604
1502,428,0.4195,0.0938,0.1587,0.678,0.1017,0.0437
1503,428,0.2131,0.0915,0.198,0.2714,0.0821,0.099
1504,428,0.9978,0.1317,1.0,0.2041,0.1491,0.0859
1505,428,1.0,0.5223,1.0,0.9252,0.567,0.0495
1506,428,0.1863,0.1726,0.2532,0.2063,0.3035,0.0764
1507,428,0.9993,0.0647,0.7853,0.9992,0.055,0.1419
1508,430,0.0512,0.125,0.0786,0.0711,0.1205,0.1026
1509,430,0.2494,0.1124,0.39,0.2018,0.1137,0.0793
1510,430,0.6347,0.1406,0.1073,0.8738,0.1491,0.1194
1511,430,0.2673,0.2173,0.0189,0.6009,0.2643,0.1361
1512,430,0.9406,0.6124,0.9675,0.229,0.5437,0.8028
1513,430,0.2056,0.067,0.3696,0.164,0.0715,0.0801
1514,430,0.1166,0.1138,0.0559,0.2729,0.1107,0.1004
1515,430,0.5078,0.1153,0.0272,0.7589,0.128,0.0946
1516,430,0.124,0.0818,0.2426,0.0605,0.0828,0.1033
1517,430,0.095,0.1473,0.0794,0.1844,0.1694,0.0546
1518,430,0.2791,0.186,0.5404,0.1406,0.2041,0.1077
1519,430,0.2138,0.1749,0.415,0.1376,0.1935,0.0779
1520,430,0.3512,0.1734,0.1247,0.4996,0.1913,0.1114
1521,430,0.3712,0.6302,0.1005,0.7559,0.5919,0.8144
1522,430,0.196,0.0871,0.1882,0.1958,0.0971,0.0757
1523,430,0.5182,0.1629,0.7302,0.3039,0.1965,0.0386
1524,430,0.1373,0.3051,0.1633,0.1791,0.1672,0.7547
1525,430,0.0772,0.4688,0.0975,0.1043,0.5053,0.2132
1526,430,0.1106,0.1138,0.031,0.3303,0.1604,0.075
1527,430,0.2487,0.1354,0.2139,0.3477,0.1544,0.067
1528,430,0.0787,0.1414,0.068,0.155,0.1325,0.2052
1529,430,0.0579,0.1131,0.0537,0.1413,0.1062,0.1041
1530,430,1.0,0.2433,0.997,0.9879,0.0685,0.8785
1531,432,0.1841,0.8519,0.13,0.3553,0.8509,0.8268
1532,432,0.1307,0.0945,0.068,0.3341,0.1107,0.0444
1533,432,0.1589,0.1027,0.0567,0.3696,0.0979,0.1354
1534,432,0.1151,0.1272,0.3689,0.0378,0.1122,0.1623
1535,432,0.1218,0.1153,0.0091,0.3961,0.1114,0.1434
1536,432,0.1589,0.1369,0.0824,0.3394,0.1732,0.0298
1537,432,0.5887,0.119,0.5548,0.585,0.1438,0.008
1538,432,0.4291,0.2225,0.7884,0.0642,0.2538,0.0932
1539,432,0.4684,0.3222,0.7846,0.1005,0.3705,0.0313
1540,432,0.1589,0.1771,0.0552,0.4097,0.1898,0.1194
1541,432,0.6385,0.0729,0.833,0.2147,0.0843,0.0902
1542,432,0.1262,0.3244,0.1807,0.1277,0.4044,0.0313
1543,432,0.6451,0.1808,0.873,0.155,0.2026,0.0801
1544,432,0.8382,0.1295,0.8526,0.5752,0.1227,0.1441
1545,432,0.1336,0.1786,0.1345,0.1701,0.2214,0.1557
1546,432,0.0973,0.0394,0.1209,0.1013,0.0346,0.0837
1547,432,0.5627,0.0841,0.1051,0.7279,0.1062,0.0415
1548,432,0.2843,0.128,0.5692,0.1262,0.1408,0.0713
1549,432,0.2747,0.0871,0.4082,0.2184,0.1039,0.0473
1550,432,0.1797,0.1369,0.0454,0.5661,0.1446,0.1274
1551,432,0.4246,0.1808,0.511,0.3515,0.2063,0.0881
