feature,bin_label,lower_bound,upper_bound,lower_inclusive,upper_inclusive,n_non_missing,n_missing,status
distance_geometry_1_1,low,-inf,0.757736719320215,true,true,2688,0,used
distance_geometry_1_1,medium,0.757736719320215,0.912242726615443,false,true,2688,0,used
distance_geometry_1_1,high,0.912242726615443,inf,false,true,2688,0,used
distance_geometry_2_1,low,-inf,0.8626072098334049,true,true,2688,0,used
distance_geometry_2_1,medium,0.8626072098334049,0.9601824530922937,false,true,2688,0,used
distance_geometry_2_1,high,0.9601824530922937,inf,false,true,2688,0,used
distance_geometry_2_2,low,-inf,0.8718385976631331,true,true,2688,0,used
distance_geometry_2_2,medium,0.8718385976631331,0.9588056854930641,false,true,2688,0,used
distance_geometry_2_2,high,0.9588056854930641,inf,false,true,2688,0,used
distance_geometry_3_1,low,-inf,0.9103526036532585,true,true,2688,0,used
distance_geometry_3_1,medium,0.9103526036532585,0.9749181054811926,false,true,2688,0,used
distance_geometry_3_1,high,0.9749181054811926,inf,false,true,2688,0,used
distance_geometry_3_2,low,-inf,0.9194524577866922,true,true,2688,0,used
distance_geometry_3_2,medium,0.9194524577866922,0.9768077601096047,false,true,2688,0,used
distance_geometry_3_2,high,0.9768077601096047,inf,false,true,2688,0,used
distance_geometry_3_3,low,-inf,0.9090913418717158,true,true,2688,0,used
distance_geometry_3_3,medium,0.9090913418717158,0.9721834617875424,false,true,2688,0,used
distance_geometry_3_3,high,0.9721834617875424,inf,false,true,2688,0,used
distance_geometry_4_1,low,-inf,0.9264373500158604,true,true,2688,0,used
distance_geometry_4_1,medium,0.9264373500158604,0.9798747928846889,false,true,2688,0,used
distance_geometry_4_1,high,0.9798747928846889,inf,false,true,2688,0,used
distance_geometry_4_2,low,-inf,0.9363545661728019,true,true,2688,0,used
distance_geometry_4_2,medium,0.9363545661728019,0.9822434810235239,false,true,2688,0,used
distance_geometry_4_2,high,0.9822434810235239,inf,false,true,2688,0,used
distance_geometry_4_3,low,-inf,0.9395461393260799,true,true,2688,0,used
distance_geometry_4_3,medium,0.9395461393260799,0.9824725947059672,false,true,2688,0,used
distance_geometry_4_3,high,0.9824725947059672,inf,false,true,2688,0,used
distance_geometry_4_4,low,-inf,0.9424848008776376,true,true,2688,0,used
distance_geometry_4_4,medium,0.9424848008776376,0.9829526158196574,false,true,2688,0,used
distance_geometry_4_4,high,0.9829526158196574,inf,false,true,2688,0,used
distance_geometry_5_1,low,-inf,0.93922747553621,true,true,2688,0,used
distance_geometry_5_1,medium,0.93922747553621,0.9843837333295214,false,true,2688,0,used
distance_geometry_5_1,high,0.9843837333295214,inf,false,true,2688,0,used
distance_geometry_5_2,low,-inf,0.9496684223371226,true,true,2688,0,used
distance_geometry_5_2,medium,0.9496684223371226,0.9862013358862918,false,true,2688,0,used
distance_geometry_5_2,high,0.9862013358862918,inf,false,true,2688,0,used
distance_geometry_5_3,low,-inf,0.9537938808909395,true,true,2688,0,used
distance_geometry_5_3,medium,0.9537938808909395,0.9867733283008214,false,true,2688,0,used
distance_geometry_5_3,high,0.9867733283008214,inf,false,true,2688,0,used
distance_geometry_5_4,low,-inf,0.952884613079511,true,true,2688,0,used
distance_geometry_5_4,medium,0.952884613079511,0.9862015736082073,false,true,2688,0,used
distance_geometry_5_4,high,0.9862015736082073,inf,false,true,2688,0,used
distance_geometry_5_5,low,-inf,0.9505697098721686,true,true,2688,0,used
distance_geometry_5_5,medium,0.9505697098721686,0.9859922017845468,false,true,2688,0,used
distance_geometry_5_5,high,0.9859922017845468,inf,false,true,2688,0,used
angles_0s,low,-inf,0.0,true,true,2688,0,used
angles_0s,medium,0.0,10.0,false,true,2688,0,used
angles_0s,high,10.0,inf,false,true,2688,0,used
angles_mean,low,-inf,8.02611176210129,true,true,2688,0,used
angles_mean,medium,8.02611176210129,13.293095638478073,false,true,2688,0,used
angles_mean,high,13.293095638478073,inf,false,true,2688,0,used
angles_meanse,low,-inf,1.0806278434011503,true,true,2688,0,used
angles_meanse,medium,1.0806278434011503,2.1199319331144983,false,true,2688,0,used
angles_meanse,high,2.1199319331144983,inf,false,true,2688,0,used
angles_quant_min,low,-inf,0.0,true,true,2688,0,used
angles_quant_min,medium,0.0,0.03622388134481056,false,true,2688,0,used
angles_quant_min,high,0.03622388134481056,inf,false,true,2688,0,used
angles_quant_05,low,-inf,0.0,true,true,2688,0,used
angles_quant_05,medium,0.0,0.2856566789998843,false,true,2688,0,used
angles_quant_05,high,0.2856566789998843,inf,false,true,2688,0,used
angles_quant_10,low,-inf,0.0,true,true,2688,0,used
angles_quant_10,medium,0.0,0.6344021919679449,false,true,2688,0,used
angles_quant_10,high,0.6344021919679449,inf,false,true,2688,0,used
angles_quant_25,low,-inf,1.0477580023630853,true,true,2688,0,used
angles_quant_25,medium,1.0477580023630853,2.8396907753949883,false,true,2688,0,used
angles_quant_25,high,2.8396907753949883,inf,false,true,2688,0,used
angles_quant_median,low,-inf,5.692906871424819,true,true,2688,0,used
angles_quant_median,medium,5.692906871424819,8.739257313089226,false,true,2688,0,used
angles_quant_median,high,8.739257313089226,inf,false,true,2688,0,used
angles_quant_75,low,-inf,11.12197488484673,true,true,2688,0,used
angles_quant_75,medium,11.12197488484673,18.194661235421158,false,true,2688,0,used
angles_quant_75,high,18.194661235421158,inf,false,true,2688,0,used
angles_quant_90,low,-inf,17.610393402251002,true,true,2688,0,used
angles_quant_90,medium,17.610393402251002,26.920483317630918,false,true,2688,0,used
angles_quant_90,high,26.920483317630918,inf,false,true,2688,0,used
angles_quant_95,low,-inf,22.01588663140436,true,true,2688,0,used
angles_quant_95,medium,22.01588663140436,41.20451059608849,false,true,2688,0,used
angles_quant_95,high,41.20451059608849,inf,false,true,2688,0,used
angles_quant_max,low,-inf,35.857775961898035,true,true,2688,0,used
angles_quant_max,medium,35.857775961898035,81.6971272611831,false,true,2688,0,used
angles_quant_max,high,81.6971272611831,inf,false,true,2688,0,used
angles_range,low,-inf,35.837603860173324,true,true,2688,0,used
angles_range,medium,35.837603860173324,81.1882930995106,false,true,2688,0,used
angles_range,high,81.1882930995106,inf,false,true,2688,0,used
angles_sd,low,-inf,7.940960454531073,true,true,2688,0,used
angles_sd,medium,7.940960454531073,15.578254576687435,false,true,2688,0,used
angles_sd,high,15.578254576687435,inf,false,true,2688,0,used
angles_vcoef,low,-inf,0.9690234312267004,true,true,2688,0,used
angles_vcoef,medium,0.9690234312267004,1.2105307588404193,false,true,2688,0,used
angles_vcoef,high,1.2105307588404193,inf,false,true,2688,0,used
angles_mad,low,-inf,4.048323206685197,true,true,2688,0,used
angles_mad,medium,4.048323206685197,6.91122711902579,false,true,2688,0,used
angles_mad,high,6.91122711902579,inf,false,true,2688,0,used
angles_iqr,low,-inf,9.112873636329978,true,true,2688,0,used
angles_iqr,medium,9.112873636329978,14.850349775127025,false,true,2688,0,used
angles_iqr,high,14.850349775127025,inf,false,true,2688,0,used
angles_skew,low,-inf,1.2667277421839105,true,true,2688,0,used
angles_skew,medium,1.2667277421839105,2.1198183476369303,false,true,2688,0,used
angles_skew,high,2.1198183476369303,inf,false,true,2688,0,used
angles_kurt,low,-inf,1.254774269962258,true,true,2688,0,used
angles_kurt,medium,1.254774269962258,5.278391484078879,false,true,2688,0,used
angles_kurt,high,5.278391484078879,inf,false,true,2688,0,used
speed_0s,,0.0,0.0,,,2688,0,dropped_insufficient_distinct_quantiles
speed_mean,low,-inf,3.9864212037025686,true,true,2688,0,used
speed_mean,medium,3.9864212037025686,5.568732525036847,false,true,2688,0,used
speed_mean,high,5.568732525036847,inf,false,true,2688,0,used
speed_meanse,low,-inf,0.19612782407241855,true,true,2688,0,used
speed_meanse,medium,0.19612782407241855,0.2945876898072984,false,true,2688,0,used
speed_meanse,high,0.2945876898072984,inf,false,true,2688,0,used
speed_quant_min,low,-inf,0.9581260448434745,true,true,2688,0,used
speed_quant_min,medium,0.9581260448434745,1.9914724439983813,false,true,2688,0,used
speed_quant_min,high,1.9914724439983813,inf,false,true,2688,0,used
speed_quant_05,low,-inf,1.3418599954023716,true,true,2688,0,used
speed_quant_05,medium,1.3418599954023716,2.5589738429653983,false,true,2688,0,used
speed_quant_05,high,2.5589738429653983,inf,false,true,2688,0,used
speed_quant_10,low,-inf,1.7471407873118816,true,true,2688,0,used
speed_quant_10,medium,1.7471407873118816,3.020874366267501,false,true,2688,0,used
speed_quant_10,high,3.020874366267501,inf,false,true,2688,0,used
speed_quant_25,low,-inf,2.5221836125676385,true,true,2688,0,used
speed_quant_25,medium,2.5221836125676385,3.98566755401489,false,true,2688,0,used
speed_quant_25,high,3.98566755401489,inf,false,true,2688,0,used
speed_quant_median,low,-inf,3.6739808070161777,true,true,2688,0,used
speed_quant_median,medium,3.6739808070161777,5.274168523621181,false,true,2688,0,used
speed_quant_median,high,5.274168523621181,inf,false,true,2688,0,used
speed_quant_75,low,-inf,5.040370594792285,true,true,2688,0,used
speed_quant_75,medium,5.040370594792285,6.911057088132389,false,true,2688,0,used
speed_quant_75,high,6.911057088132389,inf,false,true,2688,0,used
speed_quant_90,low,-inf,6.069875687452241,true,true,2688,0,used
speed_quant_90,medium,6.069875687452241,8.274290946690472,false,true,2688,0,used
speed_quant_90,high,8.274290946690472,inf,false,true,2688,0,used
speed_quant_95,low,-inf,6.678006499119335,true,true,2688,0,used
speed_quant_95,medium,6.678006499119335,9.118426965012176,false,true,2688,0,used
speed_quant_95,high,9.118426965012176,inf,false,true,2688,0,used
speed_quant_max,low,-inf,7.64347382248149,true,true,2688,0,used
speed_quant_max,medium,7.64347382248149,10.508957607002465,false,true,2688,0,used
speed_quant_max,high,10.508957607002465,inf,false,true,2688,0,used
speed_range,low,-inf,6.054134169733012,true,true,2688,0,used
speed_range,medium,6.054134169733012,8.927364857971392,false,true,2688,0,used
speed_range,high,8.927364857971392,inf,false,true,2688,0,used
speed_sd,low,-inf,1.4545228721632348,true,true,2688,0,used
speed_sd,medium,1.4545228721632348,2.184720779465893,false,true,2688,0,used
speed_sd,high,2.184720779465893,inf,false,true,2688,0,used
speed_vcoef,low,-inf,0.3508902619773433,true,true,2688,0,used
speed_vcoef,medium,0.3508902619773433,0.4910432799199674,false,true,2688,0,used
speed_vcoef,high,0.4910432799199674,inf,false,true,2688,0,used
speed_mad,low,-inf,0.9400282131278472,true,true,2688,0,used
speed_mad,medium,0.9400282131278472,1.4040038502060228,false,true,2688,0,used
speed_mad,high,1.4040038502060228,inf,false,true,2688,0,used
speed_iqr,low,-inf,1.9265812990835722,true,true,2688,0,used
speed_iqr,medium,1.9265812990835722,2.973956019542924,false,true,2688,0,used
speed_iqr,high,2.973956019542924,inf,false,true,2688,0,used
speed_skew,low,-inf,0.12393513175051016,true,true,2688,0,used
speed_skew,medium,0.12393513175051016,0.621946632265148,false,true,2688,0,used
speed_skew,high,0.621946632265148,inf,false,true,2688,0,used
speed_kurt,low,-inf,-0.7085221743308109,true,true,2688,0,used
speed_kurt,medium,-0.7085221743308109,-0.017112922647128166,false,true,2688,0,used
speed_kurt,high,-0.017112922647128166,inf,false,true,2688,0,used
acceleration_0s,,0.0,0.0,,,2688,0,dropped_insufficient_distinct_quantiles
acceleration_mean,low,-inf,5.4855171422537516e-06,true,true,2688,0,used
acceleration_mean,medium,5.4855171422537516e-06,1.1480628644233934e-05,false,true,2688,0,used
acceleration_mean,high,1.1480628644233934e-05,inf,false,true,2688,0,used
acceleration_meanse,low,-inf,1.3355202207383572e-05,true,true,2688,0,used
acceleration_meanse,medium,1.3355202207383572e-05,1.7722820167807734e-05,false,true,2688,0,used
acceleration_meanse,high,1.7722820167807734e-05,inf,false,true,2688,0,used
acceleration_quant_min,low,-inf,-0.0002815385777012382,true,true,2688,0,used
acceleration_quant_min,medium,-0.0002815385777012382,-0.00018990072894527603,false,true,2688,0,used
acceleration_quant_min,high,-0.00018990072894527603,inf,false,true,2688,0,used
acceleration_quant_05,low,-inf,-0.000169374951584519,true,true,2688,0,used
acceleration_quant_05,medium,-0.000169374951584519,-0.00012111084220136436,false,true,2688,0,used
acceleration_quant_05,high,-0.00012111084220136436,inf,false,true,2688,0,used
acceleration_quant_10,low,-inf,-0.00012495983152450654,true,true,2688,0,used
acceleration_quant_10,medium,-0.00012495983152450654,-9.409933295818885e-05,false,true,2688,0,used
acceleration_quant_10,high,-9.409933295818885e-05,inf,false,true,2688,0,used
acceleration_quant_25,low,-inf,-6.896014559025612e-05,true,true,2688,0,used
acceleration_quant_25,medium,-6.896014559025612e-05,-4.572346484857568e-05,false,true,2688,0,used
acceleration_quant_25,high,-4.572346484857568e-05,inf,false,true,2688,0,used
acceleration_quant_median,low,-inf,-1.2842297441610316e-07,true,true,2688,0,used
acceleration_quant_median,medium,-1.2842297441610316e-07,5.315411630981394e-07,false,true,2688,0,used
acceleration_quant_median,high,5.315411630981394e-07,inf,false,true,2688,0,used
acceleration_quant_75,low,-inf,5.8106605028317223e-05,true,true,2688,0,used
acceleration_quant_75,medium,5.8106605028317223e-05,8.016687380032617e-05,false,true,2688,0,used
acceleration_quant_75,high,8.016687380032617e-05,inf,false,true,2688,0,used
acceleration_quant_90,low,-inf,0.00010550086458087398,true,true,2688,0,used
acceleration_quant_90,medium,0.00010550086458087398,0.00013948275114277267,false,true,2688,0,used
acceleration_quant_90,high,0.00013948275114277267,inf,false,true,2688,0,used
acceleration_quant_95,low,-inf,0.00013530858315655432,true,true,2688,0,used
acceleration_quant_95,medium,0.00013530858315655432,0.00019270164331395203,false,true,2688,0,used
acceleration_quant_95,high,0.00019270164331395203,inf,false,true,2688,0,used
acceleration_quant_max,low,-inf,0.0003119951641791631,true,true,2688,0,used
acceleration_quant_max,medium,0.0003119951641791631,0.0005341786221414906,false,true,2688,0,used
acceleration_quant_max,high,0.0005341786221414906,inf,false,true,2688,0,used
acceleration_range,low,-inf,0.0005500761144304247,true,true,2688,0,used
acceleration_range,medium,0.0005500761144304247,0.0008257168263924262,false,true,2688,0,used
acceleration_range,high,0.0008257168263924262,inf,false,true,2688,0,used
acceleration_sd,low,-inf,9.90448304052547e-05,true,true,2688,0,used
acceleration_sd,medium,9.90448304052547e-05,0.0001314359521155642,false,true,2688,0,used
acceleration_sd,high,0.0001314359521155642,inf,false,true,2688,0,used
acceleration_vcoef,low,-inf,8.401561397973273,true,true,2687,1,used
acceleration_vcoef,medium,8.401561397973273,16.60958784605078,false,true,2687,1,used
acceleration_vcoef,high,16.60958784605078,inf,false,true,2687,1,used
acceleration_mad,low,-inf,5.5618192969559116e-05,true,true,2688,0,used
acceleration_mad,medium,5.5618192969559116e-05,7.498865259419435e-05,false,true,2688,0,used
acceleration_mad,high,7.498865259419435e-05,inf,false,true,2688,0,used
acceleration_iqr,low,-inf,0.00010813959063424711,true,true,2688,0,used
acceleration_iqr,medium,0.00010813959063424711,0.00014560295541161657,false,true,2688,0,used
acceleration_iqr,high,0.00014560295541161657,inf,false,true,2688,0,used
acceleration_skew,low,-inf,0.19802517033090977,true,true,2688,0,used
acceleration_skew,medium,0.19802517033090977,1.208338424016175,false,true,2688,0,used
acceleration_skew,high,1.208338424016175,inf,false,true,2688,0,used
acceleration_kurt,low,-inf,0.8292158771990014,true,true,2688,0,used
acceleration_kurt,medium,0.8292158771990014,5.115000574224894,false,true,2688,0,used
acceleration_kurt,high,5.115000574224894,inf,false,true,2688,0,used
point_count,,56.0,56.0,true,true,2688,0,dropped_constant
duration_total_seconds,low,-inf,496800.0,true,true,2688,0,used
duration_total_seconds,medium,496800.0,594000.0,false,true,2688,0,used
duration_total_seconds,high,594000.0,inf,false,true,2688,0,used
sampling_gap_mean_seconds,low,-inf,9032.727272727272,true,true,2688,0,used
sampling_gap_mean_seconds,medium,9032.727272727272,10800.0,false,true,2688,0,used
sampling_gap_mean_seconds,high,10800.0,inf,false,true,2688,0,used
sampling_gap_sd_seconds,low,-inf,0.0,true,true,2688,0,used
sampling_gap_sd_seconds,medium,0.0,3.856947384914304e-07,false,true,2688,0,used
sampling_gap_sd_seconds,high,3.856947384914304e-07,inf,false,true,2688,0,used
sampling_gap_iqr_seconds,,0.0,0.0,,,2688,0,dropped_insufficient_distinct_quantiles
sampling_gap_cv,low,-inf,0.0,true,true,2688,0,used
sampling_gap_cv,medium,0.0,4.536612151487341e-11,false,true,2688,0,used
sampling_gap_cv,high,4.536612151487341e-11,inf,false,true,2688,0,used
speed_mean_first_half,low,-inf,3.4788943675346373,true,true,2688,0,used
speed_mean_first_half,medium,3.4788943675346373,5.0959062056936535,false,true,2688,0,used
speed_mean_first_half,high,5.0959062056936535,inf,false,true,2688,0,used
speed_mean_second_half,low,-inf,3.9211209062825576,true,true,2688,0,used
speed_mean_second_half,medium,3.9211209062825576,5.886704379629387,false,true,2688,0,used
speed_mean_second_half,high,5.886704379629387,inf,false,true,2688,0,used
speed_mean_half_diff,low,-inf,-0.3392362513796983,true,true,2688,0,used
speed_mean_half_diff,medium,-0.3392362513796983,1.4820757271110339,false,true,2688,0,used
speed_mean_half_diff,high,1.4820757271110339,inf,false,true,2688,0,used
acceleration_mean_first_half,low,-inf,9.50672499569895e-06,true,true,2688,0,used
acceleration_mean_first_half,medium,9.50672499569895e-06,1.8561749558379148e-05,false,true,2688,0,used
acceleration_mean_first_half,high,1.8561749558379148e-05,inf,false,true,2688,0,used
acceleration_mean_second_half,low,-inf,-2.8826675505078777e-06,true,true,2688,0,used
acceleration_mean_second_half,medium,-2.8826675505078777e-06,8.477679327515607e-06,false,true,2688,0,used
acceleration_mean_second_half,high,8.477679327515607e-06,inf,false,true,2688,0,used
acceleration_mean_half_diff,low,-inf,-1.8784498293044656e-05,true,true,2688,0,used
acceleration_mean_half_diff,medium,-1.8784498293044656e-05,-6.009365671177353e-07,false,true,2688,0,used
acceleration_mean_half_diff,high,-6.009365671177353e-07,inf,false,true,2688,0,used
bbox_lat_span_deg,low,-inf,6.306691669903643,true,true,2688,0,used
bbox_lat_span_deg,medium,6.306691669903643,12.2,false,true,2688,0,used
bbox_lat_span_deg,high,12.2,inf,false,true,2688,0,used
bbox_lon_span_deg,low,-inf,10.870790370634985,true,true,2688,0,used
bbox_lon_span_deg,medium,10.870790370634985,19.60000000000001,false,true,2688,0,used
bbox_lon_span_deg,high,19.60000000000001,inf,false,true,2688,0,used
bbox_height_m,low,-inf,701272.1176047851,true,true,2688,0,used
bbox_height_m,medium,701272.1176047851,1356578.1050636165,false,true,2688,0,used
bbox_height_m,high,1356578.1050636165,inf,false,true,2688,0,used
bbox_width_m,low,-inf,1117690.426242134,true,true,2688,0,used
bbox_width_m,medium,1117690.426242134,2056125.1175998182,false,true,2688,0,used
bbox_width_m,high,2056125.1175998182,inf,false,true,2688,0,used
bbox_diagonal_m,low,-inf,1664261.2740732234,true,true,2688,0,used
bbox_diagonal_m,medium,1664261.2740732234,2557029.9371255287,false,true,2688,0,used
bbox_diagonal_m,high,2557029.9371255287,inf,false,true,2688,0,used
bbox_area_km2,low,-inf,856658.201468346,true,true,2688,0,used
bbox_area_km2,medium,856658.201468346,2198498.842561183,false,true,2688,0,used
bbox_area_km2,high,2198498.842561183,inf,false,true,2688,0,used
path_length_m,low,-inf,2036652.492694007,true,true,2688,0,used
path_length_m,medium,2036652.492694007,2945755.1715581496,false,true,2688,0,used
path_length_m,high,2945755.1715581496,inf,false,true,2688,0,used
net_displacement_m,low,-inf,1523939.5242349384,true,true,2688,0,used
net_displacement_m,medium,1523939.5242349384,2475511.2007153383,false,true,2688,0,used
net_displacement_m,high,2475511.2007153383,inf,false,true,2688,0,used
directness_ratio,low,-inf,0.7541627584294133,true,true,2688,0,used
directness_ratio,medium,0.7541627584294133,0.9087149869346202,false,true,2688,0,used
directness_ratio,high,0.9087149869346202,inf,false,true,2688,0,used
mean_distance_to_centroid_m,low,-inf,439054.53640285024,true,true,2688,0,used
mean_distance_to_centroid_m,medium,439054.53640285024,687067.5506626013,false,true,2688,0,used
mean_distance_to_centroid_m,high,687067.5506626013,inf,false,true,2688,0,used
median_distance_to_centroid_m,low,-inf,413220.70611410995,true,true,2688,0,used
median_distance_to_centroid_m,medium,413220.70611410995,671793.691317058,false,true,2688,0,used
median_distance_to_centroid_m,high,671793.691317058,inf,false,true,2688,0,used
max_distance_to_centroid_m,low,-inf,942442.9178955194,true,true,2688,0,used
max_distance_to_centroid_m,medium,942442.9178955194,1463461.99470337,false,true,2688,0,used
max_distance_to_centroid_m,high,1463461.99470337,inf,false,true,2688,0,used
radius_of_gyration_m,low,-inf,497210.639182973,true,true,2688,0,used
radius_of_gyration_m,medium,497210.639182973,774230.9773440415,false,true,2688,0,used
radius_of_gyration_m,high,774230.9773440415,inf,false,true,2688,0,used
speed_progress_slope,low,-inf,-0.42070138196690243,true,true,2688,0,used
speed_progress_slope,medium,-0.42070138196690243,2.7801694741040737,false,true,2688,0,used
speed_progress_slope,high,2.7801694741040737,inf,false,true,2688,0,used
acceleration_progress_slope,low,-inf,-4.9803525944431694e-05,true,true,2688,0,used
acceleration_progress_slope,medium,-4.9803525944431694e-05,-1.4425982602451573e-05,false,true,2688,0,used
acceleration_progress_slope,high,-1.4425982602451573e-05,inf,false,true,2688,0,used
angle_progress_slope,low,-inf,-4.933282344099522,true,true,2688,0,used
angle_progress_slope,medium,-4.933282344099522,2.742340597654117,false,true,2688,0,used
angle_progress_slope,high,2.742340597654117,inf,false,true,2688,0,used
relative_grid_unique_cells_3x3,low,-inf,5.0,true,true,2688,0,used
relative_grid_unique_cells_3x3,medium,5.0,6.0,false,true,2688,0,used
relative_grid_unique_cells_3x3,high,6.0,inf,false,true,2688,0,used
relative_grid_entropy_3x3,low,-inf,2.0591256378144456,true,true,2688,0,used
relative_grid_entropy_3x3,medium,2.0591256378144456,2.251454986204537,false,true,2688,0,used
relative_grid_entropy_3x3,high,2.251454986204537,inf,false,true,2688,0,used
relative_transition_entropy_3x3,low,-inf,2.3769122030571994,true,true,2688,0,used
relative_transition_entropy_3x3,medium,2.3769122030571994,2.615218964473001,false,true,2688,0,used
relative_transition_entropy_3x3,high,2.615218964473001,inf,false,true,2688,0,used
relative_grid_revisit_ratio_3x3,low,-inf,0.8928571428571429,true,true,2688,0,used
relative_grid_revisit_ratio_3x3,medium,0.8928571428571429,0.9107142857142857,false,true,2688,0,used
relative_grid_revisit_ratio_3x3,high,0.9107142857142857,inf,false,true,2688,0,used
