rule_id,feature,feature_role,feature_nodes,n_neighbor_pairs,mean_positive_value,mean_counterexample_value,mean_raw_difference,mean_absolute_robust_standardized_difference
R00001,acceleration_vcoef,antecedent,Kinematic,60,1387356890760.0518,2895109799.461951,1384461780960.59,16994991069.238707
R00001,speed_progress_slope,antecedent,SpatioTemporal_Dynamics,60,-1.5941293968830184,1.2854995151489221,-2.879628912031941,48.31514077177574
R00001,acceleration_mean,antecedent,Kinematic,60,7.614179131070254e-06,-1.5497287175725647e-06,9.163907848642818e-06,39.037177844005406
R00001,speed_quant_median,antecedent,Kinematic,60,1.2412504331420748,0.22938106955061935,1.0118693635914557,20.806391228381344
R00001,duration_total_seconds,antecedent,Duration,60,41213.2,43114.98333333333,-1901.7833333333333,18.64126213592233
R00001,sampling_gap_mean_seconds,target,Sampling_Gaps,60,521.6860759493671,545.759282700422,-24.073206751054887,18.641262135922116
R00001,speed_quant_25,antecedent,Kinematic,60,0.08160021867703733,0.005736672715865529,0.07586354596117181,12.209836912085773
R00001,acceleration_quant_median,antecedent,Kinematic,60,7.129628745221013e-06,-1.53043665160153e-07,7.282672410381166e-06,9.370485175414508
R00001,speed_mad,antecedent,Kinematic,60,0.4914882795903626,0.141586433884808,0.34990184570555455,9.007327418629448
R00001,acceleration_quant_25,antecedent,Kinematic,60,-0.000481466160200727,-8.433540651663651e-05,-0.00039713075368409055,6.36924766644123
R00001,acceleration_mad,antecedent,Kinematic,60,0.0004450811507172492,0.00010609978895968307,0.0003389813617575661,6.208741164927611
R00001,acceleration_quant_75,antecedent,Kinematic,60,0.0004166386232548816,0.00012152175364874858,0.0002951168696061331,6.168501981106061
R00001,acceleration_iqr,antecedent,Kinematic,60,0.0008981047834556087,0.00020585716016538512,0.0006922476232902235,5.591381179306208
R00001,speed_quant_10,antecedent,Kinematic,60,0.016150975902655667,0.0027611065974927165,0.013389869305162951,5.1211755862704775
R00001,bbox_area_km2,antecedent_and_target,Extent,60,628.4217909831895,651.5775906141649,-23.15579963097538,4.621957778549766
R00001,acceleration_quant_90,antecedent,Kinematic,60,0.0028101902318246005,0.00125200647957946,0.0015581837522451402,3.1971471570333194
R00001,speed_quant_05,antecedent,Kinematic,60,0.007317453772895372,0.0017641146436548451,0.005553339129240526,3.1638070324363254
R00001,acceleration_quant_10,antecedent,Kinematic,60,-0.0027881994819477234,-0.0013473631157642405,-0.0014408363661834827,2.704165077051534
R00001,angle_progress_slope,antecedent,SpatioTemporal_Dynamics,60,19.233990318937124,-37.0714272042242,56.305417523161324,2.159245144856343
R00001,speed_iqr,antecedent,Kinematic,60,3.614171594438465,1.8157888273971752,1.7983827670412897,2.035772998989167
R00001,acceleration_quant_95,antecedent,Kinematic,60,0.0045642952015151365,0.002595627920611887,0.0019686672809032506,1.9088517526671942
R00001,bbox_height_m,antecedent_and_target,Extent,60,19392.134986408786,16473.30309961855,2918.8318867902326,1.906806129899418
R00001,bbox_lat_span_deg,antecedent_and_target,Extent,60,0.1743976597816991,0.14814797398335078,0.02624968579834833,1.9068061298993728
R00001,acceleration_quant_05,antecedent,Kinematic,60,-0.004551315212591373,-0.002792001683706188,-0.0017593135288851839,1.6881010926630329
R00001,acceleration_progress_slope,antecedent,SpatioTemporal_Dynamics,60,-0.000311947026476137,-0.0003320264131064009,2.007938663026401e-05,1.4328330744338202
R00001,bbox_width_m,antecedent_and_target,Extent,60,17541.549984789086,19778.42896630619,-2236.8789815170976,1.3673367002567005
R00001,bbox_lon_span_deg,antecedent_and_target,Extent,60,0.23954396847545875,0.2696754361654906,-0.030131467690031853,1.3669685114972967
R00001,speed_quant_75,antecedent,Kinematic,60,3.6957718131155017,1.8215255001130408,1.8742463130024614,1.153954118071129
R00001,speed_quant_min,antecedent,Kinematic,60,0.0012140804740845175,0.000858593751749424,0.0003554867223350933,1.1030465697982732
R00001,acceleration_skew,antecedent,Kinematic,60,0.3289553422454707,1.2616589949993045,-0.9327036527538343,1.096385832273746
R00001,bbox_diagonal_m,antecedent_and_target,Extent,60,28134.151311324313,26220.20027822958,1913.951033094724,1.0813041095525944
R00001,acceleration_meanse,antecedent,Kinematic,60,0.0003083961801537097,0.0002082686331705422,0.00010012754698316746,1.071186526016866
R00001,acceleration_sd,antecedent,Kinematic,60,0.002741085206763655,0.0018511321026483624,0.0008899531041152932,1.071186526016866
R00001,speed_mean,antecedent,Kinematic,60,1.9527185290729703,1.449968679433682,0.5027498496392885,0.9719714517798915
R00001,speed_meanse,antecedent,Kinematic,60,0.24477130740169975,0.24479988432064162,-2.857691894185647e-05,0.9684589759393134
R00001,speed_sd,antecedent,Kinematic,60,2.1755749679668255,2.175828965178228,-0.0002539972114030453,0.9684589759393134
R00001,acceleration_kurt,antecedent,Kinematic,60,6.663597327705172,15.945291604293903,-9.281694276588727,0.9051435744934915
R00001,speed_quant_90,antecedent,Kinematic,60,5.094828460717489,5.192975277311265,-0.09814681659377686,0.8549613820375686
R00001,acceleration_quant_max,antecedent,Kinematic,60,0.008817580861127333,0.007995742716257307,0.000821838144870025,0.8406946719976042
R00001,speed_range,antecedent,Kinematic,60,6.1537058717132425,6.053781642995604,0.09992422871763719,0.8322231832941575
R00001,speed_quant_95,antecedent,Kinematic,60,5.43505713185193,5.646909661272898,-0.21185252942096686,0.8314246309438006
R00001,acceleration_range,antecedent,Kinematic,60,0.016555556647396115,0.01462428453691869,0.0019312721104774236,0.8303826500265294
R00001,acceleration_quant_min,antecedent,Kinematic,60,-0.007737975786268784,-0.006628541820661387,-0.0011094339656073974,0.8239572845578099
R00001,sampling_gap_cv,target,Sampling_Gaps,60,7.901400407815362e-10,7.598439686690568e-10,3.0296072112479065e-11,0.8238192509668743
R00001,speed_quant_max,antecedent,Kinematic,60,6.154919952187328,6.054640236747355,0.10027971543997263,0.8054079979363152
R00001,speed_vcoef,antecedent,Kinematic,60,1.2164174896402429,1.4406159364730784,-0.22419844683283555,0.7148177372527115
R00001,sampling_gap_sd_seconds,target,Sampling_Gaps,60,4.0146290085848645e-07,4.1466698454850287e-07,-1.3204083690016455e-08,0.6227861032318178
R00001,relative_grid_entropy_3x3,antecedent,SpatioTemporal_Dynamics,60,1.6688983758757263,1.7087703243773587,-0.03987194850163223,0.552404211526536
R00001,relative_grid_revisit_ratio_3x3,antecedent,SpatioTemporal_Dynamics,60,0.9279166666666666,0.9114583333333333,0.016458333333333363,0.5388888888888896
R00001,relative_grid_unique_cells_3x3,antecedent,SpatioTemporal_Dynamics,60,5.766666666666667,7.083333333333333,-1.3166666666666667,0.5388888888888889
R00001,sampling_gap_iqr_seconds,target,Sampling_Gaps,60,6.08333330850049e-07,1.1666666637211165e-07,4.916666644779374e-07,0.5249999990526096
R00001,speed_skew,antecedent,Kinematic,60,0.890323193182869,1.0586056533840764,-0.16828246020120727,0.5230477673150988
R00001,relative_transition_entropy_3x3,antecedent,SpatioTemporal_Dynamics,60,2.379707198250761,2.3675627972572157,0.012144400993544103,0.4868113679353777
R00001,speed_kurt,antecedent,Kinematic,60,0.3970103614443398,-0.2530821351943532,0.6500924966386932,0.4411394689692004
R00001,speed_0s,antecedent,Kinematic,60,0.06666666666666667,0.0,0.06666666666666667,0.16623759914801164
R00001,acceleration_0s,antecedent,Kinematic,60,0.03333333333333333,0.0,0.03333333333333333,0.07338167687701483
R00001,point_count,antecedent,Duration,60,80.0,80.0,0.0,0.0
R00002,acceleration_vcoef,antecedent,Acceleration,57,6418200469.90476,-46013.319557669456,6418246483.2243185,78461144.56600565
R00002,acceleration_mean,antecedent,Acceleration,57,8.966994304461254e-06,-3.621572175187841e-05,4.518271605633966e-05,38.0763335936511
R00002,duration_total_seconds,antecedent,Duration,57,40604.47368421053,41725.29824561404,-1120.8245614035088,29.584568216658152
R00002,sampling_gap_mean_seconds,target,Sampling_Gaps,57,513.9806795469686,528.1683322229626,-14.187652675993784,29.584568216657793
R00002,angles_quant_max,antecedent_and_target,Indentation,57,151.27295769489828,179.34145947032314,-28.0685017754249,18.13211180060238
R00002,acceleration_mad,antecedent,Acceleration,57,0.0003726066276942588,0.0006655207823324494,-0.0002929141546381906,10.832506847486956
R00002,acceleration_quant_25,antecedent,Acceleration,57,-0.000374168647164,-0.0007192840923805566,0.00034511544521655666,9.927586111408882
R00002,acceleration_quant_75,antecedent,Acceleration,57,0.0003669356482832368,0.0004404221074852099,-7.348645920197311e-05,8.605402233196465
R00002,acceleration_iqr,antecedent,Acceleration,57,0.0007411042954472367,0.0011597061998657664,-0.00041860190441852976,8.182408598769316
R00002,angles_quant_95,antecedent_and_target,Indentation,57,141.555355403463,176.8604420064317,-35.30508660296869,6.995956659543445
R00002,acceleration_quant_median,antecedent,Acceleration,57,-3.0144719535847385e-07,-1.0661349683132826e-06,7.646877729548092e-07,6.835580738720396
R00002,angles_range,antecedent_and_target,Indentation,57,149.7558587755447,177.11645299413988,-27.360594218595182,6.270349594578795
R00002,angles_quant_90,antecedent_and_target,Indentation,57,133.93398505097096,172.86785400225727,-38.93386895128632,4.464451910427903
R00002,acceleration_quant_10,antecedent,Acceleration,57,-0.0024655074446849616,-0.002921897138807406,0.000456389694122444,3.594975463496798
R00002,acceleration_quant_90,antecedent,Acceleration,57,0.0024823522390633344,0.0027514522370808716,-0.00026909999801753707,3.577109216912527
R00002,angles_kurt,antecedent_and_target,Indentation,57,1.2005611617053216,-1.2045181324120597,2.4050792941173817,3.3277197730463124
R00002,acceleration_quant_95,antecedent,Acceleration,57,0.004033470035887149,0.004883810787115145,-0.0008503407512279958,2.348491784033244
R00002,median_distance_to_centroid_m,antecedent,Localization,57,11402.610987641197,1791.5335688593323,9611.077418781864,2.145673652745293
R00002,acceleration_quant_05,antecedent,Acceleration,57,-0.0037243374900215766,-0.004176118854670339,0.00045178136464876296,2.017309930428659
R00002,angles_quant_75,antecedent_and_target,Indentation,57,110.8986156378416,155.77610100669992,-44.877485368858295,1.7737200960567308
R00002,mean_distance_to_centroid_m,antecedent,Localization,57,11864.86865886499,2285.6739720563087,9579.19468680868,1.7429319150372569
R00002,angles_meanse,antecedent_and_target,Indentation,57,5.540287598804038,6.687604444079827,-1.1473168452757885,1.603336931710036
R00002,angles_sd,antecedent_and_target,Indentation,57,48.93049520331898,59.063323218704404,-10.132828015385432,1.603336931710036
R00002,radius_of_gyration_m,antecedent,Localization,57,13221.720584727265,2660.545851005723,10561.174733721546,1.5610889221405104
R00002,angles_mad,antecedent_and_target,Indentation,57,34.71663365767947,39.134480706863414,-4.417847049183941,1.3925427101292054
R00002,acceleration_meanse,antecedent,Acceleration,57,0.00027350651200600066,0.0002695228875276122,3.983624478388514e-06,1.3604519756442945
R00002,acceleration_sd,antecedent,Acceleration,57,0.002430979053111194,0.0023955718242616992,3.540722884949467e-05,1.3604519756442945
R00002,max_distance_to_centroid_m,antecedent,Localization,57,23530.743748954977,5835.07409533126,17695.66965362372,1.2810318213143805
R00002,angles_iqr,antecedent_and_target,Indentation,57,86.64591297972778,108.23677279372075,-21.590859813992953,1.1956782741877334
R00002,acceleration_quant_min,antecedent,Acceleration,57,-0.007214067822844592,-0.005785864798513292,-0.0014282030243313011,1.0231026357332782
R00002,angles_skew,antecedent_and_target,Indentation,57,0.7538768372876693,-0.18696117320151073,0.9408380104891801,0.9721038330644224
R00002,acceleration_range,antecedent,Acceleration,57,0.015370522895066522,0.012364862574679508,0.003005660320387016,0.9586232382315838
R00002,acceleration_skew,antecedent,Acceleration,57,0.36901817830749084,0.11637091069501088,0.25264726761247996,0.9150588221217055
R00002,acceleration_quant_max,antecedent,Acceleration,57,0.008156455072221932,0.006578997776166214,0.0015774572960557162,0.9086866813337937
R00002,angles_vcoef,antecedent_and_target,Indentation,57,0.9648387213370686,0.6321260427102531,0.33271267862681553,0.902800083529109
R00002,angles_quant_min,antecedent_and_target,Indentation,57,1.5170989193535243,2.2250064761832435,-0.7079075568297193,0.8471934677834271
R00002,angles_mean,antecedent_and_target,Indentation,57,67.7581347816731,98.66051577117092,-30.902380989497814,0.7949873209762592
R00002,sampling_gap_cv,target,Sampling_Gaps,57,7.730443829881167e-10,8.594844597124769e-10,-8.644007672436009e-11,0.7718560311706893
R00002,sampling_gap_sd_seconds,target,Sampling_Gaps,57,3.9303469178776096e-07,4.5488213425142825e-07,-6.184744246366738e-08,0.6459674822614576
R00002,acceleration_kurt,antecedent,Acceleration,57,11.432445625663139,2.760416455772879,8.67202916989026,0.597002121576267
R00002,angles_quant_median,antecedent_and_target,Indentation,57,61.2750856978578,92.19047773258939,-30.915392034731582,0.594133607764222
R00002,angles_quant_05,antecedent_and_target,Indentation,57,5.08910661678433,11.142245727693975,-6.053139110909645,0.473563807881031
R00002,angles_quant_10,antecedent_and_target,Indentation,57,9.75026426607552,20.76671273485912,-11.016448468783599,0.45730837277411546
R00002,angles_quant_25,antecedent_and_target,Indentation,57,24.25270265811381,47.53932821297915,-23.286625554865342,0.4299790609084206
R00002,sampling_gap_iqr_seconds,target,Sampling_Gaps,57,5.175438573451972e-07,7.017543841931527e-07,-1.8421052684795556e-07,0.4298245624007617
R00002,angles_0s,antecedent_and_target,Indentation,57,0.19298245614035087,0.0,0.19298245614035087,0.16694447285852912
R00002,acceleration_0s,antecedent,Acceleration,57,0.017543859649122806,0.0,0.017543859649122806,0.03862193519842886
R00002,point_count,antecedent,Duration,57,80.0,80.0,0.0,0.0
R00003,duration_total_seconds,antecedent,Duration,53,42142.50943396227,43001.52830188679,-859.0188679245283,10.17439091408683
R00003,sampling_gap_mean_seconds,target,Sampling_Gaps,53,533.4494865058514,544.3231430618581,-10.873656556006685,10.174390914086707
R00003,bbox_area_km2,antecedent_and_target,Extent,53,1491.6856475676384,575.8098565943667,915.8757909732714,7.864781014700338
R00003,net_displacement_m,antecedent,Displacement,53,24468.751675094238,5792.678256537733,18676.0734185565,2.1972259929582463
R00003,bbox_height_m,antecedent_and_target,Extent,53,21507.7988521737,17143.479771765953,4364.319080407745,2.163057328360234
R00003,bbox_lat_span_deg,antecedent_and_target,Extent,53,0.19342428203513848,0.1541750175937986,0.0392492644413399,2.163057328360176
R00003,bbox_lon_span_deg,antecedent_and_target,Extent,53,0.3947308268604627,0.22479592270678897,0.1699349041536737,1.8047477528643916
R00003,bbox_width_m,antecedent_and_target,Extent,53,28899.705293117026,16376.641744497814,12523.063548619213,1.7986328159273364
R00003,distance_geometry_4_1,antecedent,Curvature,53,0.3700505832180804,0.5683469469356991,-0.19829636371761866,1.4267480332090343
R00003,bbox_diagonal_m,antecedent_and_target,Extent,53,38082.04150378756,24061.334981675707,14020.706522111841,1.3791401385164632
R00003,distance_geometry_5_1,antecedent,Curvature,53,0.3976730051373713,0.5241602106849158,-0.1264872055475446,1.300490556208948
R00003,distance_geometry_2_1,antecedent,Curvature,53,0.2418935371544593,0.30969255529068523,-0.06779901813622594,1.2532191384159144
R00003,path_length_m,antecedent,Displacement,53,97834.28815627524,89130.39461800463,8703.893538270635,1.2140917088564918
R00003,distance_geometry_3_3,antecedent,Curvature,53,0.3168530286967253,0.27217431368811995,0.0446787150086054,1.1000134202471306
R00003,distance_geometry_3_1,antecedent,Curvature,53,0.3388066406281942,0.45373981851134976,-0.1149331778831556,1.0843002127249945
R00003,distance_geometry_5_5,antecedent,Curvature,53,0.32634199621403687,0.37585828854283,-0.04951629232879324,1.0672989386110454
R00003,distance_geometry_4_4,antecedent,Curvature,53,0.3249530729940914,0.36894350951292704,-0.04399043651883567,1.0619507834156483
R00003,distance_geometry_4_2,antecedent,Curvature,53,0.38025231435170187,0.2828817155024912,0.09737059884921055,1.0489642758843745
R00003,distance_geometry_2_2,antecedent,Curvature,53,0.2448982498808078,0.2613143242211337,-0.016416074340325947,0.8633106368977536
R00003,distance_geometry_3_2,antecedent,Curvature,53,0.2822766063293762,0.10674399912521469,0.17553260720416147,0.8474792618398518
R00003,distance_geometry_5_4,antecedent,Curvature,53,0.3504036715437313,0.4213053716592008,-0.07090170011546931,0.8399559127492183
R00003,distance_geometry_5_3,antecedent,Curvature,53,0.37769344762690277,0.25141626458020827,0.12627718304669444,0.8316860483573217
R00003,distance_geometry_5_2,antecedent,Curvature,53,0.37973119296247404,0.39834941450153255,-0.018618221539058587,0.8253837609706722
R00003,directness_ratio,antecedent,Displacement,53,0.1787608057329447,0.05098595615024108,0.1277748495827036,0.7965122116755795
R00003,distance_geometry_1_1,antecedent,Curvature,53,0.18340658617733788,0.051145152433405644,0.13226143374393226,0.7693792725267719
R00003,distance_geometry_4_3,antecedent,Curvature,53,0.38315412948237315,0.37832840503473325,0.004825724447639844,0.6662991944920387
R00003,sampling_gap_cv,target,Sampling_Gaps,53,7.871857888105793e-10,8.008948393821633e-10,-1.3709050571583966e-11,0.6374000787940641
R00003,sampling_gap_sd_seconds,target,Sampling_Gaps,53,4.167347597823211e-07,4.3590706459714714e-07,-1.917230481482592e-08,0.5640051053868171
R00003,sampling_gap_iqr_seconds,target,Sampling_Gaps,53,6.415094301975739e-07,6.603773568232734e-07,-1.8867926625699632e-08,0.49056603773584906
R00003,point_count,antecedent,Duration,53,80.0,80.0,0.0,0.0
R00004,duration_total_seconds,antecedent,Duration,52,40716.096153846156,38350.307692307695,2365.7884615384614,55.05955937266617
R00004,sampling_gap_mean_seconds,target,Sampling_Gaps,52,515.3936222005842,485.44693281402147,29.946689386562806,55.05955937266552
R00004,speed_progress_slope,antecedent,SpatioTemporal_Dynamics,52,-2.2225531491256088,-3.0307231668547394,0.80817001772913,27.24712130703699
R00004,acceleration_progress_slope,antecedent,SpatioTemporal_Dynamics,52,0.0005108146521279504,-0.002159033539001946,0.0026698481911298965,17.217354419972295
R00004,bbox_area_km2,antecedent,Spatial_Context,52,2527.318558550828,207.959344902384,2319.3592136484444,12.273867085688867
R00004,net_displacement_m,antecedent,Spatial_Context,52,42129.20725983115,10094.160822538555,32035.0464372926,3.368643092756641
R00004,median_distance_to_centroid_m,antecedent_and_target,Localization;Spatial_Context,52,14352.615339682863,5641.789296599433,8710.82604308343,2.6874277118326373
R00004,bbox_height_m,antecedent,Spatial_Context,52,27607.375214208736,11598.232960080311,16009.142254128425,2.498881487991763
R00004,bbox_lat_span_deg,antecedent,Spatial_Context,52,0.24827909012843136,0.10430541491479076,0.1439736752136406,2.4988814879916936
R00004,bbox_width_m,antecedent,Spatial_Context,52,41888.94631921072,14712.326817054458,27176.619502156256,2.3950593247043526
R00004,bbox_lon_span_deg,antecedent,Spatial_Context,52,0.5690657865107092,0.19969599505996116,0.369369791450748,2.3844589461903634
R00004,mean_distance_to_centroid_m,antecedent_and_target,Localization;Spatial_Context,52,14949.941020743843,6105.161063256844,8844.779957486999,2.1614319701665075
R00004,radius_of_gyration_m,antecedent_and_target,Localization;Spatial_Context,52,16563.1141447856,6857.825092101382,9705.289052684213,1.9119446151064101
R00004,bbox_diagonal_m,antecedent,Spatial_Context,52,52114.62504935834,19919.041417767156,32195.583631591195,1.7419675779596313
R00004,max_distance_to_centroid_m,antecedent_and_target,Localization;Spatial_Context,52,30919.503553975283,12873.872697034938,18045.630856940355,1.6089004512468301
R00004,sampling_gap_cv,target,Sampling_Gaps,52,8.112505196223842e-10,7.104912311036783e-10,1.0075928851870594e-10,1.5842651713014453
R00004,angle_progress_slope,antecedent,SpatioTemporal_Dynamics,52,34.15367568465385,30.224088957558788,3.929586727095055,1.579590171294654
R00004,directness_ratio,antecedent,Spatial_Context,52,0.3394919795734677,0.15769324834917528,0.1817987312242924,1.311113962352061
R00004,path_length_m,antecedent,Spatial_Context,52,101793.04838277701,75730.20604100623,26062.842341770818,1.155721551993536
R00004,sampling_gap_sd_seconds,target,Sampling_Gaps,52,4.000310466821726e-07,3.4619582312535723e-07,5.383522355681542e-08,0.9933518857281952
R00004,sampling_gap_iqr_seconds,target,Sampling_Gaps,52,5.096153822355868e-07,1.1538461509329724e-07,3.9423076714228955e-07,0.5865384604453189
R00004,relative_grid_entropy_3x3,antecedent,SpatioTemporal_Dynamics,52,1.8494020421941715,1.6930769956880618,0.1563250465061099,0.5845478509392857
R00004,relative_grid_revisit_ratio_3x3,antecedent,SpatioTemporal_Dynamics,52,0.926201923076923,0.9278846153846154,-0.001682692307692291,0.40384615384615424
R00004,relative_grid_unique_cells_3x3,antecedent,SpatioTemporal_Dynamics,52,5.903846153846154,5.769230769230769,0.1346153846153846,0.4038461538461538
R00004,relative_transition_entropy_3x3,antecedent,SpatioTemporal_Dynamics,52,2.520687540735624,2.247843539949332,0.27284400078629145,0.35908658384747755
R00004,point_count,antecedent,Duration,52,80.0,80.0,0.0,0.0
R00005,acceleration_vcoef,antecedent,Acceleration,57,1454056506983.051,4063257499.5748963,1449993249483.476,17824635895.48109
R00005,acceleration_mean,antecedent,Acceleration,57,-3.69829549866656e-06,1.5034976782529396e-05,-1.8733272281195957e-05,55.99085478970558
R00005,duration_total_seconds,antecedent,Duration,57,40337.71929824561,41911.54385964912,-1573.8245614035088,33.84772611139499
R00005,sampling_gap_mean_seconds,target,Sampling_Gaps,57,510.60404174994454,530.5258716411281,-19.92182989118363,33.84772611139459
R00005,acceleration_quant_median,antecedent,Acceleration,57,3.463567952190882e-06,5.726918844319512e-06,-2.263350892128631e-06,26.377330765788233
R00005,angles_quant_max,antecedent,Indentation,57,168.51475105530082,158.31267636419562,10.202074691105182,20.245953390112692
R00005,bbox_area_km2,antecedent_and_target,Extent,57,1314.5929082750124,1496.048599756362,-181.4556914813498,12.567797482879527
R00005,acceleration_mad,antecedent,Acceleration,57,0.0006619577092058489,0.0006099946628694362,5.19630463364127e-05,11.080546839401164
R00005,angles_quant_95,antecedent,Indentation,57,160.61158053027575,133.78157275694207,26.83000777333366,10.73176174421893
R00005,acceleration_quant_25,antecedent,Acceleration,57,-0.0006608162726868729,-0.0006670324683083518,6.216195621478783e-06,10.203817631056998
R00005,acceleration_quant_75,antecedent,Acceleration,57,0.0006202455785006496,0.000496595987298444,0.00012364959120220547,9.952020296778555
R00005,acceleration_iqr,antecedent,Acceleration,57,0.0012810618511875226,0.0011636284556067959,0.00011743339558072663,8.92654465315643
R00005,angles_quant_90,antecedent,Indentation,57,153.28752632776323,124.79460806032083,28.492918267442366,6.971116615383769
R00005,angles_range,antecedent,Indentation,57,167.33723425432612,157.85441865949238,9.48281559483372,6.648268250573128
R00005,angles_kurt,antecedent,Indentation,57,0.062007563665839406,2.1689350177633013,-2.1069274540974616,5.465609816209762
R00005,acceleration_quant_90,antecedent,Acceleration,57,0.0030798595093817533,0.0016359124477360997,0.0014439470616456533,4.45418029602144
R00005,acceleration_quant_10,antecedent,Acceleration,57,-0.0030341333602290272,-0.0017670722917178475,-0.0012670610685111795,4.138856009833232
R00005,bbox_height_m,antecedent_and_target,Extent,57,17139.483003544992,22657.361082855117,-5517.878079310129,3.1922323509578736
R00005,bbox_lat_span_deg,antecedent_and_target,Extent,57,0.15413907379364825,0.20376254354913914,-0.049623469755490875,3.192232350957771
R00005,bbox_width_m,antecedent_and_target,Extent,57,25298.087282483524,31883.028865054588,-6584.941582571059,3.136301429776967
R00005,bbox_lon_span_deg,antecedent_and_target,Extent,57,0.3430674476002991,0.43305906309136033,-0.08999161549106124,3.120399516779116
R00005,angles_quant_75,antecedent,Indentation,57,126.29506968343775,108.72862735198196,17.566442331455818,2.5850120777627272
R00005,bbox_diagonal_m,antecedent_and_target,Extent,57,32623.410925319993,43492.27767098039,-10868.866745660396,2.380312639804488
R00005,acceleration_quant_05,antecedent,Acceleration,57,-0.004443256442640105,-0.0023466953908601765,-0.0020965610517799287,2.2604663288902365
R00005,acceleration_quant_95,antecedent,Acceleration,57,0.004395177369972002,0.0026552270125933357,0.001739950357378667,2.0537321127363075
R00005,angles_meanse,antecedent,Indentation,57,6.30773889517244,5.611936129003347,0.6958027661690929,1.8871311574120972
R00005,angles_sd,antecedent,Indentation,57,55.70844152939801,49.563277888463155,6.14516364093486,1.8871311574120966
R00005,acceleration_skew,antecedent,Acceleration,57,0.311365198552961,0.7886133566530257,-0.47724815810006455,1.559374159784865
R00005,angles_iqr,antecedent,Indentation,57,97.80877022114706,85.428072410433,12.380697810714029,1.5464952378370047
R00005,angles_vcoef,antecedent,Indentation,57,0.900292728417392,1.142893080856735,-0.24260035243934278,1.526774174812869
R00005,acceleration_meanse,antecedent,Acceleration,57,0.0003039562076324803,0.00018185241020654208,0.00012210379742593828,1.5101128639384316
R00005,acceleration_sd,antecedent,Acceleration,57,0.002701621867787429,0.001616339577173172,0.001085282290614258,1.5101128639384316
R00005,angles_skew,antecedent,Indentation,57,0.44343593710309986,0.9167950440614268,-0.473359106958327,1.4647673081881085
R00005,angles_mad,antecedent,Indentation,57,35.519029224517325,31.35542644171434,4.163602782802985,1.46348571118455
R00005,sampling_gap_cv,target,Sampling_Gaps,57,8.106362344650361e-10,6.210792375293936e-10,1.8955699693564256e-10,1.3321889593250362
R00005,acceleration_quant_max,antecedent,Acceleration,57,0.008388291757658182,0.005299359709283389,0.0030889320483747924,1.064436143598657
R00005,angles_mean,antecedent,Indentation,57,76.81504505899171,68.64312453375872,8.171920525233,1.0313766722211417
R00005,acceleration_range,antecedent,Acceleration,57,0.015552227949793319,0.009191542932073206,0.006360685017720113,0.9668264565210554
R00005,sampling_gap_sd_seconds,target,Sampling_Gaps,57,3.990211557803242e-07,3.2381974982989714e-07,7.520140595042711e-08,0.9542004447987932
R00005,acceleration_quant_min,antecedent,Acceleration,57,-0.007163936192135138,-0.003892183222789817,-0.0032717529693453203,0.9217373339387459
R00005,angles_quant_median,antecedent,Indentation,57,66.98716438088402,68.25507680479188,-1.2679124239078705,0.7374436885428913
R00005,acceleration_kurt,antecedent,Acceleration,57,8.488659789787599,8.800724020586824,-0.3120642307992259,0.7099472349093475
R00005,sampling_gap_iqr_seconds,target,Sampling_Gaps,57,5.087719285400357e-07,1.9298245565311702e-07,3.1578947288691876e-07,0.49122807017543857
R00005,angles_quant_min,antecedent,Indentation,57,1.1775168009747292,0.45825770470326416,0.7192590962714651,0.45579100471879647
R00005,angles_quant_25,antecedent,Indentation,57,28.486299462290706,23.300554941548924,5.185744520741783,0.41857070320391065
R00005,angles_0s,antecedent,Indentation,57,0.19298245614035087,0.2807017543859649,-0.08771929824561403,0.4097727970163896
R00005,angles_quant_05,antecedent,Indentation,57,6.081449152618347,5.457183050585296,0.6242661020330512,0.3683285757984168
R00005,angles_quant_10,antecedent,Indentation,57,11.121685667237536,7.83278853852478,3.2888971287127546,0.34713078596813923
R00005,acceleration_0s,antecedent,Acceleration,57,0.0,0.0,0.0,0.0
R00005,point_count,antecedent,Duration,57,80.0,80.0,0.0,0.0
R00006,acceleration_vcoef,antecedent,Acceleration,55,54214697.958286375,8422024362.837986,-8367809664.879702,103618920.36615697
R00006,acceleration_mean,antecedent,Acceleration,55,-9.791986872506674e-06,-1.305888193669039e-05,3.2668950641837133e-06,42.55577161796268
R00006,duration_total_seconds,antecedent,Duration,55,40237.181818181816,43109.72727272727,-2872.5454545454545,28.29267431597529
R00006,sampling_gap_mean_seconds,target,Sampling_Gaps,55,509.331415420023,545.692750287687,-36.36133486766396,28.29267431597494
R00006,acceleration_quant_median,antecedent,Acceleration,55,2.492520377236032e-06,-8.074960456900773e-06,1.0567480834136808e-05,20.03435563335278
R00006,angles_quant_max,antecedent,Indentation,55,168.85866055655976,168.16987420246264,0.688786354097118,13.758237079096613
R00006,acceleration_mad,antecedent,Acceleration,55,0.0007687472930389516,0.0005192851734313538,0.00024946211960759785,12.964856943963227
R00006,acceleration_quant_75,antecedent,Acceleration,55,0.0007291558831037518,0.00036876569224806964,0.000360390190855682,12.030721307043397
R00006,acceleration_quant_25,antecedent,Acceleration,55,-0.0007624280508336461,-0.0006054477210939939,-0.00015698032973965206,11.599394209192987
R00006,acceleration_iqr,antecedent,Acceleration,55,0.0014915839339373978,0.0009742134133420635,0.000517370520595334,10.581524457279393
R00006,angles_quant_95,antecedent,Indentation,55,159.43959979687256,139.33082833843878,20.10877145843381,9.710146890569039
R00006,bbox_area_km2,antecedent_and_target,Extent,55,1300.1621626485573,868.775644919416,431.38651772914136,9.53834376435385
R00006,angles_quant_90,antecedent,Indentation,55,151.2566799027421,128.41130260806204,22.845377294680087,6.644915780259441
R00006,angles_kurt,antecedent,Indentation,55,0.23779103824777992,2.465604516465153,-2.2278134782173735,6.203959359120062
R00006,acceleration_quant_90,antecedent,Acceleration,55,0.0032606178536875308,0.0020533014301401583,0.0012073164235473714,4.589742065238187
R00006,acceleration_quant_10,antecedent,Acceleration,55,-0.0033142628264215936,-0.002231369666508677,-0.001082893159912916,4.520458061045737
R00006,angles_range,antecedent,Indentation,55,167.7037555758303,167.65353388076772,0.05022169506259476,4.5097935402975295
R00006,bbox_height_m,antecedent_and_target,Extent,55,17730.36280258407,17316.08916689551,414.27363568856816,2.8108818798204087
R00006,bbox_lat_span_deg,antecedent_and_target,Extent,55,0.1594529834914163,0.1557273311780427,0.003725652313373602,2.8108818798203354
R00006,angles_quant_75,antecedent,Indentation,55,123.9930422555994,106.1572956536259,17.8357466019735,2.6184929343054995
R00006,bbox_width_m,antecedent_and_target,Extent,55,24313.59787841676,21751.62838522,2561.9694931967624,2.4674370063165005
R00006,bbox_lon_span_deg,antecedent_and_target,Extent,55,0.3288347728096834,0.2971451506892025,0.03168962212048092,2.4618237339787687
R00006,acceleration_quant_05,antecedent,Acceleration,55,-0.004480106570488543,-0.0029509407746962195,-0.001529165795792323,2.4041322158635055
R00006,acceleration_quant_95,antecedent,Acceleration,55,0.004447039195980513,0.0032635661717809726,0.0011834730241995406,2.2641183268607192
R00006,bbox_diagonal_m,antecedent_and_target,Extent,55,32210.427882806376,29888.457744673102,2321.9701381332825,1.880814995434485
R00006,angles_mad,antecedent,Indentation,55,34.7153908092264,39.04455941304186,-4.329168603815454,1.8259982809816289
R00006,angles_vcoef,antecedent,Indentation,55,0.9070056284221524,1.22651683443439,-0.3195112060122374,1.771564106083356
R00006,angles_meanse,antecedent,Indentation,55,6.271510477569729,5.938473793323316,0.3330366842464125,1.7466111322972921
R00006,angles_sd,antecedent,Indentation,55,55.38848080856538,52.44718045358634,2.94130035497905,1.7466111322972915
R00006,angles_iqr,antecedent,Indentation,55,97.00086239175197,90.4481903390999,6.552672052652017,1.6429492015707938
R00006,angles_skew,antecedent,Indentation,55,0.4835037631913821,1.0999548307442557,-0.6164510675528737,1.6006677446253001
R00006,acceleration_meanse,antecedent,Acceleration,55,0.0002992222991068978,0.00020875467597962843,9.046762312726937e-05,1.5149714943541859
R00006,acceleration_sd,antecedent,Acceleration,55,0.002659545968458265,0.0018554521456306588,0.0008040938228276063,1.5149714943541859
R00006,acceleration_skew,antecedent,Acceleration,55,0.18213448621746967,0.7623129280410111,-0.5801784418235414,1.3960039401163822
R00006,angles_mean,antecedent,Indentation,55,75.61246545531908,64.46245878381288,11.150006671506196,1.038385550377717
R00006,sampling_gap_cv,target,Sampling_Gaps,55,8.142787003448937e-10,7.57888250691853e-10,5.639044965304085e-11,1.0039102661009354
R00006,acceleration_quant_max,antecedent,Acceleration,55,0.007494892500064797,0.005515288528287038,0.001979603971777757,0.93759742144178
R00006,acceleration_range,antecedent,Acceleration,55,0.014001785796520162,0.010149693921657762,0.0038520918748623984,0.8889544329391326
R00006,acceleration_quant_min,antecedent,Acceleration,55,-0.006506893296455366,-0.004634405393370724,-0.0018724879030846406,0.8726027743799214
R00006,acceleration_kurt,antecedent,Acceleration,55,7.591583859445049,14.835573838837073,-7.243989979392026,0.8461860315826847
R00006,angles_quant_median,antecedent,Indentation,55,66.20509619552708,60.01653155542772,6.188564640099345,0.7830018574458092
R00006,sampling_gap_sd_seconds,target,Sampling_Gaps,55,4.004937878281823e-07,4.1349098287976325e-07,-1.2997195051580847e-08,0.7684992285079932
R00006,sampling_gap_iqr_seconds,target,Sampling_Gaps,55,4.727272715337511e-07,4.545454533978376e-07,1.8181818135913502e-08,0.6
R00006,angles_0s,antecedent,Indentation,55,0.09090909090909091,0.5818181818181818,-0.4909090909090909,0.581960154146509
R00006,angles_quant_min,antecedent,Indentation,55,1.1549049807294391,0.5163403216949182,0.6385646590345211,0.46018813637510614
R00006,angles_quant_25,antecedent,Indentation,55,26.992179863847443,15.709105314525965,11.283074549321476,0.44143029717227505
R00006,angles_quant_10,antecedent,Indentation,55,10.308595987057892,7.434280142251022,2.874315844806868,0.4067965937710823
R00006,angles_quant_05,antecedent,Indentation,55,5.534009696027222,2.831131291087091,2.70287840494013,0.35114110241444546
R00006,acceleration_0s,antecedent,Acceleration,55,0.0,0.0,0.0,0.0
R00006,point_count,antecedent,Duration,55,80.0,80.0,0.0,0.0
R00007,acceleration_vcoef,antecedent,Acceleration,54,446096528230.70807,2652481.361915403,446093875749.3462,5453287503.9973135
R00007,duration_total_seconds,antecedent,Duration,54,40389.46296296296,35579.444444444445,4810.018518518518,70.00773103200287
R00007,sampling_gap_mean_seconds,target,Sampling_Gaps,54,511.2590248476325,450.37271448663853,60.886310360993896,70.00773103200203
R00007,acceleration_mean,antecedent,Acceleration,54,2.4049699426874622e-05,-1.703328285585763e-05,4.108298228273224e-05,45.471429100554175
R00007,acceleration_quant_median,antecedent,Acceleration,54,5.959603342688641e-06,-2.45689458841871e-07,6.205292801530515e-06,11.725168757799622
R00007,acceleration_quant_25,antecedent,Acceleration,54,-0.00041236870969467394,-0.0005291611157126809,0.0001167924060180069,7.933176157470945
R00007,acceleration_mad,antecedent,Acceleration,54,0.00032908082525566766,0.0005239646342291352,-0.00019488380897346756,7.724180980835467
R00007,acceleration_quant_75,antecedent,Acceleration,54,0.0003020322626347191,0.0003953375459421779,-9.330528330745867e-05,6.990610569767523
R00007,acceleration_iqr,antecedent,Acceleration,54,0.0007144009723293931,0.0009244986616548587,-0.00021009768932546554,6.415514042223692
R00007,acceleration_quant_90,antecedent,Acceleration,54,0.0024545504405407946,0.0031190821344737056,-0.0006645316939329112,5.343688634670768
R00007,acceleration_quant_10,antecedent,Acceleration,54,-0.0025753584658736073,-0.0033392167111693295,0.0007638582452957217,4.795199031252669
R00007,acceleration_quant_05,antecedent,Acceleration,54,-0.0040094454446727955,-0.004840284880395647,0.0008308394357228525,2.860652136511251
R00007,median_distance_to_centroid_m,antecedent_and_target,Localization,54,15036.778619969808,2722.1376504439154,12314.64096952589,2.766143216258156
R00007,acceleration_quant_95,antecedent,Acceleration,54,0.004337927814633747,0.004803559497122813,-0.00046563168248906774,2.693337843691567
R00007,mean_distance_to_centroid_m,antecedent_and_target,Localization,54,15286.899834784508,2552.5047619748625,12734.395072809646,2.2410393719562873
R00007,radius_of_gyration_m,antecedent_and_target,Localization,54,17044.197541500253,2798.074690580794,14246.122850919459,2.024349191696901
R00007,sampling_gap_cv,target,Sampling_Gaps,54,8.373363975510321e-10,1.0689565619716373e-09,-2.3162016442060538e-10,1.7483311158024117
R00007,max_distance_to_centroid_m,antecedent_and_target,Localization,54,31053.35046708262,5130.043428366363,25923.307038716266,1.7267263619588948
R00007,acceleration_meanse,antecedent,Acceleration,54,0.0002866754043560534,0.00030647735012275776,-1.9801945766704433e-05,1.6466333988514767
R00007,acceleration_sd,antecedent,Acceleration,54,0.0025480267285791624,0.0027240302723947705,-0.00017600354381560842,1.6466333988514767
R00007,acceleration_skew,antecedent,Acceleration,54,0.9428686665842527,-0.2047742519244623,1.1476429185087147,1.4431968498004724
R00007,acceleration_quant_min,antecedent,Acceleration,54,-0.007133001149721464,-0.007484845182282605,0.00035184403256114153,1.0924642826402275
R00007,acceleration_range,antecedent,Acceleration,54,0.015984507539125975,0.01467702377769693,0.0013074837614290415,0.9499925486307333
R00007,acceleration_quant_max,antecedent,Acceleration,54,0.008851506389404509,0.0071921785954143285,0.0016593277939901823,0.8517210758315892
R00007,acceleration_kurt,antecedent,Acceleration,54,13.569222713486484,5.200752463706568,8.368470249779913,0.7920792950756969
R00007,sampling_gap_sd_seconds,target,Sampling_Gaps,54,4.158857554171547e-07,4.289657953993541e-07,-1.3080039982199427e-08,0.6749081554027656
R00007,relative_grid_entropy_3x3,antecedent,Sequence_Complexity,54,1.9064444878936244,1.6107055637075633,0.2957389241860609,0.5562337097773078
R00007,sampling_gap_iqr_seconds,target,Sampling_Gaps,54,5.55555550994945e-07,6.481481549329786e-07,-9.259260393803372e-08,0.5370370507215638
R00007,relative_grid_revisit_ratio_3x3,antecedent,Sequence_Complexity,54,0.9238425925925924,0.925925925925926,-0.002083333333333322,0.4259259259259262
R00007,relative_grid_unique_cells_3x3,antecedent,Sequence_Complexity,54,6.092592592592593,5.925925925925926,0.16666666666666666,0.4259259259259259
R00007,acceleration_0s,antecedent,Acceleration,54,0.037037037037037035,0.16666666666666666,-0.12962962962962962,0.36690838438507417
R00007,relative_transition_entropy_3x3,antecedent,Sequence_Complexity,54,2.5227506644461566,2.492798951184026,0.02995171326213086,0.3269155304568535
R00007,point_count,antecedent,Duration,54,80.0,80.0,0.0,0.0
R00008,acceleration_vcoef,antecedent,Acceleration,153,544061496551.3157,1892217808.354367,542169278742.9612,6673955171.420858
R00008,acceleration_mean,antecedent,Acceleration,153,1.488077556791603e-06,1.2165724253596604e-05,-1.0677646696805e-05,48.76040577432379
R00008,duration_total_seconds,antecedent,Duration,153,39821.771241830065,42211.5816993464,-2389.8104575163397,33.69902912621359
R00008,sampling_gap_mean_seconds,target,Sampling_Gaps,153,504.0730536940515,534.3238189790685,-30.25076528501698,33.69902912621319
R00008,acceleration_quant_median,antecedent,Acceleration,153,1.4684674914021114e-06,8.30070791478971e-07,6.383966999231404e-07,14.98292023532463
R00008,bbox_area_km2,antecedent_and_target,Extent,153,1180.8270707615454,1340.168090428472,-159.34101966692666,9.468331934116542
R00008,acceleration_quant_75,antecedent,Acceleration,153,0.00046167215302877866,0.0004745307735850289,-1.2858620556250201e-05,8.972634935156858
R00008,acceleration_mad,antecedent,Acceleration,153,0.000510460686245164,0.0005053336210003451,5.1270652448188066e-06,8.689365751520597
R00008,acceleration_quant_25,antecedent,Acceleration,153,-0.0005568976719862492,-0.0005048253899847385,-5.2072282001510616e-05,7.826961648728218
R00008,acceleration_iqr,antecedent,Acceleration,153,0.0010185698250150279,0.0009793561635697673,3.921366144526047e-05,7.427233772914984
R00008,acceleration_quant_90,antecedent,Acceleration,153,0.0027923287950441895,0.0023230686284182738,0.0004692601666259154,4.031743170937222
R00008,acceleration_quant_10,antecedent,Acceleration,153,-0.0028052583937090494,-0.002524074688200747,-0.000281183705508302,3.782702214042
R00008,bbox_width_m,antecedent_and_target,Extent,153,24709.65368278564,31373.847163386898,-6664.193480601252,2.619008712896262
R00008,bbox_lon_span_deg,antecedent_and_target,Extent,153,0.335465290237699,0.42597243853765676,-0.0905071482999578,2.6072666295261215
R00008,acceleration_quant_95,antecedent,Acceleration,153,0.0042319296986312845,0.004264446729052074,-3.251703042078995e-05,2.28119299689658
R00008,bbox_height_m,antecedent_and_target,Extent,153,17867.955709559887,19187.626620417475,-1319.6709108575922,2.274701915405751
R00008,bbox_lat_span_deg,antecedent_and_target,Extent,153,0.16069038623206136,0.17255847186042797,-0.011868085628366607,2.2747019154057004
R00008,acceleration_quant_05,antecedent,Acceleration,153,-0.004111210296653287,-0.00392907234578962,-0.00018213795086366796,2.262463185298433
R00008,bbox_diagonal_m,antecedent_and_target,Extent,153,32595.46139392829,39157.27777841892,-6561.816384490627,1.7937656215018924
R00008,acceleration_meanse,antecedent,Acceleration,153,0.00027607779431740374,0.0002678651930537698,8.212601263633937e-06,1.4168857724543273
R00008,acceleration_sd,antecedent,Acceleration,153,0.002453833110196749,0.002380837913493679,7.299519670307005e-05,1.4168857724543273
R00008,acceleration_skew,antecedent,Acceleration,153,0.3214964547859998,0.8061597444551932,-0.4846632896691934,1.2157989982715376
R00008,acceleration_quant_max,antecedent,Acceleration,153,0.007534131721831976,0.007843621539505071,-0.00030948981767309495,1.0224378167538377
R00008,acceleration_range,antecedent,Acceleration,153,0.014072858331700426,0.014131594044832368,-5.873571313193933e-05,0.9518103683281659
R00008,sampling_gap_cv,target,Sampling_Gaps,153,8.059360380019682e-10,7.510551059902966e-10,5.488093201167166e-11,0.9303831240713671
R00008,acceleration_quant_min,antecedent,Acceleration,153,-0.006538726609868452,-0.006287972505327296,-0.00025075410454115574,0.9277258972484531
R00008,sampling_gap_sd_seconds,target,Sampling_Gaps,153,3.946261913704033e-07,3.97026047966424e-07,-2.399856596020624e-09,0.6772215597130938
R00008,acceleration_kurt,antecedent,Acceleration,153,8.131838895951683,9.01648005828083,-0.8846411623291475,0.6461816752970548
R00008,sampling_gap_iqr_seconds,target,Sampling_Gaps,153,5.130718933864033e-07,3.202614370999143e-07,1.9281045628648905e-07,0.4869281045751634
R00008,acceleration_0s,antecedent,Acceleration,153,0.013071895424836602,0.0,0.013071895424836602,0.02877712818706464
R00008,point_count,antecedent,Duration,153,80.0,80.0,0.0,0.0
R00009,speed_quant_min,antecedent,Speed,52,0.12399032285504044,2.3969763873852887,-2.272986064530248,2182.45681999891
R00009,speed_quant_05,antecedent,Speed,52,0.14582640865571084,2.620253337866866,-2.474426929211156,1147.753295282681
R00009,speed_quant_10,antecedent,Speed,52,0.1761145903007069,2.644887099784303,-2.4687725094835957,825.3149573801163
R00009,speed_quant_25,antecedent,Speed,52,0.2552830610238588,2.707785246836925,-2.4525021858130662,389.8956243675988
R00009,duration_total_seconds,antecedent,Duration,52,40529.942307692305,31090.634615384617,9439.307692307691,105.69118745332337
R00009,sampling_gap_mean_seconds,target,Sampling_Gaps,52,513.0372444011684,393.5523369036027,119.48490749756573,105.69118745332209
R00009,speed_quant_median,antecedent,Speed,52,1.293254915954215,3.1666692644017056,-1.8734143484474912,56.334638396155874
R00009,speed_progress_slope,antecedent_and_target,Path_Evolution,52,0.9548972896364101,-0.4329666097432025,1.3878638993796124,34.369219964943674
R00009,speed_mad,antecedent,Speed,52,0.5289399645245831,0.433603369673686,0.09533659485089707,12.846203231747833
R00009,median_distance_to_centroid_m,antecedent,Localization,52,6860.254025243788,14013.307312926452,-7153.053287682667,3.006697427333882
R00009,mean_distance_to_centroid_m,antecedent,Localization,52,7232.197850194717,15168.747404626574,-7936.549554431856,2.474183953221308
R00009,radius_of_gyration_m,antecedent,Localization,52,8235.900902253776,17107.44836814187,-8871.547465888094,2.2100412970551093
R00009,speed_mean,antecedent,Speed,52,1.6301256362552663,3.711117556732015,-2.0809919204767486,2.0954359921041723
R00009,max_distance_to_centroid_m,antecedent,Localization,52,16114.053513318282,33977.26522854039,-17863.211715222104,1.9305346331755275
R00009,speed_iqr,antecedent,Speed,52,2.2982405464360762,2.1059119071137564,0.1923286393223196,1.5943651541720802
R00009,speed_vcoef,antecedent,Speed,52,1.6920315474272252,0.5761646347644035,1.115866912662822,1.5119197042176737
R00009,speed_kurt,antecedent,Speed,52,5.905075826843251,-0.9395078362519169,6.8445836630951655,1.502356042837287
R00009,speed_quant_75,antecedent,Speed,52,2.553523607459936,4.813697153950682,-2.2601735464907464,1.4441617325970941
R00009,acceleration_progress_slope,antecedent_and_target,Path_Evolution,52,-0.00015942876357250807,6.398322672334001e-05,-0.00022341199029584808,1.400207632920013
R00009,angle_progress_slope,antecedent_and_target,Path_Evolution,52,-10.886222246727868,11.934638457772131,-22.8208607045,1.2459395017812842
R00009,speed_skew,antecedent,Speed,52,1.6264964457860676,0.47281357083004133,1.1536828749560262,1.1579012516646883
R00009,sampling_gap_cv,target,Sampling_Gaps,52,7.643793669211808e-10,8.562329986098445e-10,-9.185363168866367e-11,1.0603231757215346
R00009,sampling_gap_sd_seconds,target,Sampling_Gaps,52,3.8519083690663827e-07,3.16069922687216e-07,6.912091421942232e-08,0.9259227426641263
R00009,speed_quant_90,antecedent,Speed,52,3.6972962850051583,5.466364530448422,-1.7690682454432627,0.9216714243130236
R00009,speed_quant_95,antecedent,Speed,52,4.19789384112517,5.675402073320886,-1.4775082321957171,0.8546904845054353
R00009,speed_meanse,antecedent,Speed,52,0.1921989655415953,0.13007364238986743,0.06212532315172792,0.7813277181505374
R00009,speed_sd,antecedent,Speed,52,1.7083017725406389,1.1561198221295241,0.5521819504111151,0.7813277181505371
R00009,speed_quant_max,antecedent,Speed,52,5.84937912908346,5.837869457586763,0.01150967149669892,0.7629135506195807
R00009,speed_range,antecedent,Speed,52,5.72538880622842,3.4408930702014726,2.2844957360269467,0.7529053457919868
R00009,sampling_gap_iqr_seconds,target,Sampling_Gaps,52,5.480769206000192e-07,2.6923076855102687e-07,2.7884615204899234e-07,0.49038461647775805
R00009,speed_0s,antecedent,Speed,52,0.19230769230769232,0.0,0.19230769230769232,0.47953153600387977
R00009,point_count,antecedent,Duration,52,80.0,80.0,0.0,0.0
