meta_pattern_id,trajectory_id,required_uncommon_counts,observed_uncommon_counts
MP00001,22,Curvature_Geometry>=2;Turning_Dynamics>=1,Curvature_Geometry=4;Turning_Dynamics=3
MP00001,24,Curvature_Geometry>=2;Turning_Dynamics>=1,Curvature_Geometry=2;Turning_Dynamics=2
MP00001,28,Curvature_Geometry>=2;Turning_Dynamics>=1,Curvature_Geometry=2;Turning_Dynamics=2
MP00001,48,Curvature_Geometry>=2;Turning_Dynamics>=1,Curvature_Geometry=3;Turning_Dynamics=3
MP00001,76,Curvature_Geometry>=2;Turning_Dynamics>=1,Curvature_Geometry=3;Turning_Dynamics=3
MP00001,92,Curvature_Geometry>=2;Turning_Dynamics>=1,Curvature_Geometry=2;Turning_Dynamics=2
MP00001,97,Curvature_Geometry>=2;Turning_Dynamics>=1,Curvature_Geometry=2;Turning_Dynamics=2
MP00001,111,Curvature_Geometry>=2;Turning_Dynamics>=1,Curvature_Geometry=2;Turning_Dynamics=2
MP00001,142,Curvature_Geometry>=2;Turning_Dynamics>=1,Curvature_Geometry=2;Turning_Dynamics=2
MP00001,168,Curvature_Geometry>=2;Turning_Dynamics>=1,Curvature_Geometry=2;Turning_Dynamics=2
MP00001,176,Curvature_Geometry>=2;Turning_Dynamics>=1,Curvature_Geometry=3;Turning_Dynamics=1
MP00001,181,Curvature_Geometry>=2;Turning_Dynamics>=1,Curvature_Geometry=2;Turning_Dynamics=3
MP00001,214,Curvature_Geometry>=2;Turning_Dynamics>=1,Curvature_Geometry=3;Turning_Dynamics=2
MP00001,270,Curvature_Geometry>=2;Turning_Dynamics>=1,Curvature_Geometry=2;Turning_Dynamics=1
MP00001,286,Curvature_Geometry>=2;Turning_Dynamics>=1,Curvature_Geometry=4;Turning_Dynamics=4
MP00001,287,Curvature_Geometry>=2;Turning_Dynamics>=1,Curvature_Geometry=2;Turning_Dynamics=1
MP00001,300,Curvature_Geometry>=2;Turning_Dynamics>=1,Curvature_Geometry=2;Turning_Dynamics=2
MP00001,307,Curvature_Geometry>=2;Turning_Dynamics>=1,Curvature_Geometry=2;Turning_Dynamics=4
MP00001,309,Curvature_Geometry>=2;Turning_Dynamics>=1,Curvature_Geometry=3;Turning_Dynamics=2
MP00001,352,Curvature_Geometry>=2;Turning_Dynamics>=1,Curvature_Geometry=2;Turning_Dynamics=2
MP00001,373,Curvature_Geometry>=2;Turning_Dynamics>=1,Curvature_Geometry=3;Turning_Dynamics=3
MP00001,426,Curvature_Geometry>=2;Turning_Dynamics>=1,Curvature_Geometry=2;Turning_Dynamics=2
MP00001,442,Curvature_Geometry>=2;Turning_Dynamics>=1,Curvature_Geometry=2;Turning_Dynamics=2
MP00001,479,Curvature_Geometry>=2;Turning_Dynamics>=1,Curvature_Geometry=2;Turning_Dynamics=2
MP00001,499,Curvature_Geometry>=2;Turning_Dynamics>=1,Curvature_Geometry=2;Turning_Dynamics=2
MP00001,532,Curvature_Geometry>=2;Turning_Dynamics>=1,Curvature_Geometry=3;Turning_Dynamics=2
MP00001,654,Curvature_Geometry>=2;Turning_Dynamics>=1,Curvature_Geometry=3;Turning_Dynamics=2
MP00001,655,Curvature_Geometry>=2;Turning_Dynamics>=1,Curvature_Geometry=3;Turning_Dynamics=3
MP00001,662,Curvature_Geometry>=2;Turning_Dynamics>=1,Curvature_Geometry=2;Turning_Dynamics=2
MP00001,672,Curvature_Geometry>=2;Turning_Dynamics>=1,Curvature_Geometry=4;Turning_Dynamics=4
MP00001,691,Curvature_Geometry>=2;Turning_Dynamics>=1,Curvature_Geometry=2;Turning_Dynamics=4
MP00001,704,Curvature_Geometry>=2;Turning_Dynamics>=1,Curvature_Geometry=2;Turning_Dynamics=2
MP00001,722,Curvature_Geometry>=2;Turning_Dynamics>=1,Curvature_Geometry=4;Turning_Dynamics=1
MP00001,774,Curvature_Geometry>=2;Turning_Dynamics>=1,Curvature_Geometry=2;Turning_Dynamics=2
MP00001,805,Curvature_Geometry>=2;Turning_Dynamics>=1,Curvature_Geometry=3;Turning_Dynamics=1
MP00001,806,Curvature_Geometry>=2;Turning_Dynamics>=1,Curvature_Geometry=2;Turning_Dynamics=3
MP00001,823,Curvature_Geometry>=2;Turning_Dynamics>=1,Curvature_Geometry=2;Turning_Dynamics=2
MP00001,862,Curvature_Geometry>=2;Turning_Dynamics>=1,Curvature_Geometry=2;Turning_Dynamics=1
MP00001,919,Curvature_Geometry>=2;Turning_Dynamics>=1,Curvature_Geometry=3;Turning_Dynamics=3
MP00001,963,Curvature_Geometry>=2;Turning_Dynamics>=1,Curvature_Geometry=3;Turning_Dynamics=3
MP00001,995,Curvature_Geometry>=2;Turning_Dynamics>=1,Curvature_Geometry=2;Turning_Dynamics=1
MP00001,1053,Curvature_Geometry>=2;Turning_Dynamics>=1,Curvature_Geometry=2;Turning_Dynamics=2
MP00001,1114,Curvature_Geometry>=2;Turning_Dynamics>=1,Curvature_Geometry=2;Turning_Dynamics=2
MP00001,1169,Curvature_Geometry>=2;Turning_Dynamics>=1,Curvature_Geometry=3;Turning_Dynamics=1
MP00001,1187,Curvature_Geometry>=2;Turning_Dynamics>=1,Curvature_Geometry=2;Turning_Dynamics=4
MP00001,1200,Curvature_Geometry>=2;Turning_Dynamics>=1,Curvature_Geometry=3;Turning_Dynamics=1
MP00001,1201,Curvature_Geometry>=2;Turning_Dynamics>=1,Curvature_Geometry=2;Turning_Dynamics=2
MP00001,1224,Curvature_Geometry>=2;Turning_Dynamics>=1,Curvature_Geometry=2;Turning_Dynamics=2
MP00001,1249,Curvature_Geometry>=2;Turning_Dynamics>=1,Curvature_Geometry=2;Turning_Dynamics=2
MP00001,1259,Curvature_Geometry>=2;Turning_Dynamics>=1,Curvature_Geometry=2;Turning_Dynamics=2
MP00001,1260,Curvature_Geometry>=2;Turning_Dynamics>=1,Curvature_Geometry=2;Turning_Dynamics=2
MP00001,1332,Curvature_Geometry>=2;Turning_Dynamics>=1,Curvature_Geometry=2;Turning_Dynamics=2
MP00001,1338,Curvature_Geometry>=2;Turning_Dynamics>=1,Curvature_Geometry=2;Turning_Dynamics=1
MP00001,1357,Curvature_Geometry>=2;Turning_Dynamics>=1,Curvature_Geometry=2;Turning_Dynamics=2
MP00001,1405,Curvature_Geometry>=2;Turning_Dynamics>=1,Curvature_Geometry=2;Turning_Dynamics=4
MP00001,1413,Curvature_Geometry>=2;Turning_Dynamics>=1,Curvature_Geometry=2;Turning_Dynamics=2
MP00001,1416,Curvature_Geometry>=2;Turning_Dynamics>=1,Curvature_Geometry=2;Turning_Dynamics=3
MP00001,1437,Curvature_Geometry>=2;Turning_Dynamics>=1,Curvature_Geometry=3;Turning_Dynamics=4
MP00001,1460,Curvature_Geometry>=2;Turning_Dynamics>=1,Curvature_Geometry=2;Turning_Dynamics=2
MP00001,1480,Curvature_Geometry>=2;Turning_Dynamics>=1,Curvature_Geometry=2;Turning_Dynamics=3
MP00001,1483,Curvature_Geometry>=2;Turning_Dynamics>=1,Curvature_Geometry=2;Turning_Dynamics=2
MP00001,1500,Curvature_Geometry>=2;Turning_Dynamics>=1,Curvature_Geometry=3;Turning_Dynamics=1
MP00001,1504,Curvature_Geometry>=2;Turning_Dynamics>=1,Curvature_Geometry=2;Turning_Dynamics=1
MP00001,1508,Curvature_Geometry>=2;Turning_Dynamics>=1,Curvature_Geometry=3;Turning_Dynamics=3
MP00001,1527,Curvature_Geometry>=2;Turning_Dynamics>=1,Curvature_Geometry=3;Turning_Dynamics=1
MP00001,1530,Curvature_Geometry>=2;Turning_Dynamics>=1,Curvature_Geometry=2;Turning_Dynamics=2
MP00001,1534,Curvature_Geometry>=2;Turning_Dynamics>=1,Curvature_Geometry=3;Turning_Dynamics=1
MP00001,1547,Curvature_Geometry>=2;Turning_Dynamics>=1,Curvature_Geometry=2;Turning_Dynamics=2
MP00001,1549,Curvature_Geometry>=2;Turning_Dynamics>=1,Curvature_Geometry=2;Turning_Dynamics=1
MP00002,44,Acceleration_Dynamics>=1;Curvature_Geometry>=2,Acceleration_Dynamics=2;Curvature_Geometry=2
MP00002,64,Acceleration_Dynamics>=1;Curvature_Geometry>=2,Acceleration_Dynamics=4;Curvature_Geometry=2
MP00002,97,Acceleration_Dynamics>=1;Curvature_Geometry>=2,Acceleration_Dynamics=1;Curvature_Geometry=2
MP00002,111,Acceleration_Dynamics>=1;Curvature_Geometry>=2,Acceleration_Dynamics=2;Curvature_Geometry=2
MP00002,125,Acceleration_Dynamics>=1;Curvature_Geometry>=2,Acceleration_Dynamics=2;Curvature_Geometry=2
MP00002,144,Acceleration_Dynamics>=1;Curvature_Geometry>=2,Acceleration_Dynamics=2;Curvature_Geometry=2
MP00002,147,Acceleration_Dynamics>=1;Curvature_Geometry>=2,Acceleration_Dynamics=1;Curvature_Geometry=3
MP00002,157,Acceleration_Dynamics>=1;Curvature_Geometry>=2,Acceleration_Dynamics=2;Curvature_Geometry=3
MP00002,164,Acceleration_Dynamics>=1;Curvature_Geometry>=2,Acceleration_Dynamics=2;Curvature_Geometry=2
MP00002,168,Acceleration_Dynamics>=1;Curvature_Geometry>=2,Acceleration_Dynamics=2;Curvature_Geometry=2
MP00002,200,Acceleration_Dynamics>=1;Curvature_Geometry>=2,Acceleration_Dynamics=2;Curvature_Geometry=2
MP00002,303,Acceleration_Dynamics>=1;Curvature_Geometry>=2,Acceleration_Dynamics=2;Curvature_Geometry=2
MP00002,345,Acceleration_Dynamics>=1;Curvature_Geometry>=2,Acceleration_Dynamics=4;Curvature_Geometry=4
MP00002,352,Acceleration_Dynamics>=1;Curvature_Geometry>=2,Acceleration_Dynamics=1;Curvature_Geometry=2
MP00002,357,Acceleration_Dynamics>=1;Curvature_Geometry>=2,Acceleration_Dynamics=2;Curvature_Geometry=2
MP00002,373,Acceleration_Dynamics>=1;Curvature_Geometry>=2,Acceleration_Dynamics=1;Curvature_Geometry=3
MP00002,412,Acceleration_Dynamics>=1;Curvature_Geometry>=2,Acceleration_Dynamics=4;Curvature_Geometry=4
MP00002,441,Acceleration_Dynamics>=1;Curvature_Geometry>=2,Acceleration_Dynamics=3;Curvature_Geometry=3
MP00002,444,Acceleration_Dynamics>=1;Curvature_Geometry>=2,Acceleration_Dynamics=2;Curvature_Geometry=2
MP00002,455,Acceleration_Dynamics>=1;Curvature_Geometry>=2,Acceleration_Dynamics=1;Curvature_Geometry=3
MP00002,466,Acceleration_Dynamics>=1;Curvature_Geometry>=2,Acceleration_Dynamics=2;Curvature_Geometry=2
MP00002,511,Acceleration_Dynamics>=1;Curvature_Geometry>=2,Acceleration_Dynamics=2;Curvature_Geometry=2
MP00002,590,Acceleration_Dynamics>=1;Curvature_Geometry>=2,Acceleration_Dynamics=2;Curvature_Geometry=2
MP00002,618,Acceleration_Dynamics>=1;Curvature_Geometry>=2,Acceleration_Dynamics=1;Curvature_Geometry=3
MP00002,650,Acceleration_Dynamics>=1;Curvature_Geometry>=2,Acceleration_Dynamics=1;Curvature_Geometry=2
MP00002,704,Acceleration_Dynamics>=1;Curvature_Geometry>=2,Acceleration_Dynamics=1;Curvature_Geometry=2
MP00002,714,Acceleration_Dynamics>=1;Curvature_Geometry>=2,Acceleration_Dynamics=2;Curvature_Geometry=2
MP00002,725,Acceleration_Dynamics>=1;Curvature_Geometry>=2,Acceleration_Dynamics=1;Curvature_Geometry=3
MP00002,758,Acceleration_Dynamics>=1;Curvature_Geometry>=2,Acceleration_Dynamics=2;Curvature_Geometry=2
MP00002,778,Acceleration_Dynamics>=1;Curvature_Geometry>=2,Acceleration_Dynamics=2;Curvature_Geometry=2
MP00002,779,Acceleration_Dynamics>=1;Curvature_Geometry>=2,Acceleration_Dynamics=1;Curvature_Geometry=2
MP00002,785,Acceleration_Dynamics>=1;Curvature_Geometry>=2,Acceleration_Dynamics=3;Curvature_Geometry=2
MP00002,804,Acceleration_Dynamics>=1;Curvature_Geometry>=2,Acceleration_Dynamics=1;Curvature_Geometry=2
MP00002,823,Acceleration_Dynamics>=1;Curvature_Geometry>=2,Acceleration_Dynamics=2;Curvature_Geometry=2
MP00002,903,Acceleration_Dynamics>=1;Curvature_Geometry>=2,Acceleration_Dynamics=2;Curvature_Geometry=2
MP00002,913,Acceleration_Dynamics>=1;Curvature_Geometry>=2,Acceleration_Dynamics=1;Curvature_Geometry=2
MP00002,946,Acceleration_Dynamics>=1;Curvature_Geometry>=2,Acceleration_Dynamics=1;Curvature_Geometry=2
MP00002,995,Acceleration_Dynamics>=1;Curvature_Geometry>=2,Acceleration_Dynamics=1;Curvature_Geometry=2
MP00002,1049,Acceleration_Dynamics>=1;Curvature_Geometry>=2,Acceleration_Dynamics=3;Curvature_Geometry=3
MP00002,1075,Acceleration_Dynamics>=1;Curvature_Geometry>=2,Acceleration_Dynamics=1;Curvature_Geometry=2
MP00002,1099,Acceleration_Dynamics>=1;Curvature_Geometry>=2,Acceleration_Dynamics=1;Curvature_Geometry=2
MP00002,1112,Acceleration_Dynamics>=1;Curvature_Geometry>=2,Acceleration_Dynamics=2;Curvature_Geometry=2
MP00002,1174,Acceleration_Dynamics>=1;Curvature_Geometry>=2,Acceleration_Dynamics=3;Curvature_Geometry=2
MP00002,1179,Acceleration_Dynamics>=1;Curvature_Geometry>=2,Acceleration_Dynamics=3;Curvature_Geometry=3
MP00002,1195,Acceleration_Dynamics>=1;Curvature_Geometry>=2,Acceleration_Dynamics=3;Curvature_Geometry=2
MP00002,1201,Acceleration_Dynamics>=1;Curvature_Geometry>=2,Acceleration_Dynamics=2;Curvature_Geometry=2
MP00002,1228,Acceleration_Dynamics>=1;Curvature_Geometry>=2,Acceleration_Dynamics=2;Curvature_Geometry=3
MP00002,1249,Acceleration_Dynamics>=1;Curvature_Geometry>=2,Acceleration_Dynamics=1;Curvature_Geometry=2
MP00002,1255,Acceleration_Dynamics>=1;Curvature_Geometry>=2,Acceleration_Dynamics=3;Curvature_Geometry=3
MP00002,1259,Acceleration_Dynamics>=1;Curvature_Geometry>=2,Acceleration_Dynamics=1;Curvature_Geometry=2
MP00002,1298,Acceleration_Dynamics>=1;Curvature_Geometry>=2,Acceleration_Dynamics=3;Curvature_Geometry=3
MP00002,1314,Acceleration_Dynamics>=1;Curvature_Geometry>=2,Acceleration_Dynamics=2;Curvature_Geometry=2
MP00002,1332,Acceleration_Dynamics>=1;Curvature_Geometry>=2,Acceleration_Dynamics=1;Curvature_Geometry=2
MP00002,1452,Acceleration_Dynamics>=1;Curvature_Geometry>=2,Acceleration_Dynamics=1;Curvature_Geometry=2
MP00002,1464,Acceleration_Dynamics>=1;Curvature_Geometry>=2,Acceleration_Dynamics=2;Curvature_Geometry=3
MP00002,1483,Acceleration_Dynamics>=1;Curvature_Geometry>=2,Acceleration_Dynamics=1;Curvature_Geometry=2
MP00002,1492,Acceleration_Dynamics>=1;Curvature_Geometry>=2,Acceleration_Dynamics=1;Curvature_Geometry=3
MP00002,1530,Acceleration_Dynamics>=1;Curvature_Geometry>=2,Acceleration_Dynamics=2;Curvature_Geometry=2
MP00003,3,Curvature_Geometry>=1;Turning_Dynamics>=2,Curvature_Geometry=1;Turning_Dynamics=2
MP00003,22,Curvature_Geometry>=1;Turning_Dynamics>=2,Curvature_Geometry=4;Turning_Dynamics=3
MP00003,24,Curvature_Geometry>=1;Turning_Dynamics>=2,Curvature_Geometry=2;Turning_Dynamics=2
MP00003,28,Curvature_Geometry>=1;Turning_Dynamics>=2,Curvature_Geometry=2;Turning_Dynamics=2
MP00003,42,Curvature_Geometry>=1;Turning_Dynamics>=2,Curvature_Geometry=1;Turning_Dynamics=3
MP00003,48,Curvature_Geometry>=1;Turning_Dynamics>=2,Curvature_Geometry=3;Turning_Dynamics=3
MP00003,76,Curvature_Geometry>=1;Turning_Dynamics>=2,Curvature_Geometry=3;Turning_Dynamics=3
MP00003,92,Curvature_Geometry>=1;Turning_Dynamics>=2,Curvature_Geometry=2;Turning_Dynamics=2
MP00003,97,Curvature_Geometry>=1;Turning_Dynamics>=2,Curvature_Geometry=2;Turning_Dynamics=2
MP00003,111,Curvature_Geometry>=1;Turning_Dynamics>=2,Curvature_Geometry=2;Turning_Dynamics=2
MP00003,142,Curvature_Geometry>=1;Turning_Dynamics>=2,Curvature_Geometry=2;Turning_Dynamics=2
MP00003,168,Curvature_Geometry>=1;Turning_Dynamics>=2,Curvature_Geometry=2;Turning_Dynamics=2
MP00003,181,Curvature_Geometry>=1;Turning_Dynamics>=2,Curvature_Geometry=2;Turning_Dynamics=3
MP00003,214,Curvature_Geometry>=1;Turning_Dynamics>=2,Curvature_Geometry=3;Turning_Dynamics=2
MP00003,260,Curvature_Geometry>=1;Turning_Dynamics>=2,Curvature_Geometry=1;Turning_Dynamics=3
MP00003,261,Curvature_Geometry>=1;Turning_Dynamics>=2,Curvature_Geometry=1;Turning_Dynamics=2
MP00003,286,Curvature_Geometry>=1;Turning_Dynamics>=2,Curvature_Geometry=4;Turning_Dynamics=4
MP00003,300,Curvature_Geometry>=1;Turning_Dynamics>=2,Curvature_Geometry=2;Turning_Dynamics=2
MP00003,307,Curvature_Geometry>=1;Turning_Dynamics>=2,Curvature_Geometry=2;Turning_Dynamics=4
MP00003,309,Curvature_Geometry>=1;Turning_Dynamics>=2,Curvature_Geometry=3;Turning_Dynamics=2
MP00003,352,Curvature_Geometry>=1;Turning_Dynamics>=2,Curvature_Geometry=2;Turning_Dynamics=2
MP00003,373,Curvature_Geometry>=1;Turning_Dynamics>=2,Curvature_Geometry=3;Turning_Dynamics=3
MP00003,388,Curvature_Geometry>=1;Turning_Dynamics>=2,Curvature_Geometry=1;Turning_Dynamics=2
MP00003,425,Curvature_Geometry>=1;Turning_Dynamics>=2,Curvature_Geometry=1;Turning_Dynamics=4
MP00003,426,Curvature_Geometry>=1;Turning_Dynamics>=2,Curvature_Geometry=2;Turning_Dynamics=2
MP00003,430,Curvature_Geometry>=1;Turning_Dynamics>=2,Curvature_Geometry=1;Turning_Dynamics=2
MP00003,442,Curvature_Geometry>=1;Turning_Dynamics>=2,Curvature_Geometry=2;Turning_Dynamics=2
MP00003,446,Curvature_Geometry>=1;Turning_Dynamics>=2,Curvature_Geometry=1;Turning_Dynamics=2
MP00003,464,Curvature_Geometry>=1;Turning_Dynamics>=2,Curvature_Geometry=1;Turning_Dynamics=2
MP00003,479,Curvature_Geometry>=1;Turning_Dynamics>=2,Curvature_Geometry=2;Turning_Dynamics=2
MP00003,499,Curvature_Geometry>=1;Turning_Dynamics>=2,Curvature_Geometry=2;Turning_Dynamics=2
MP00003,532,Curvature_Geometry>=1;Turning_Dynamics>=2,Curvature_Geometry=3;Turning_Dynamics=2
MP00003,574,Curvature_Geometry>=1;Turning_Dynamics>=2,Curvature_Geometry=1;Turning_Dynamics=2
MP00003,579,Curvature_Geometry>=1;Turning_Dynamics>=2,Curvature_Geometry=1;Turning_Dynamics=4
MP00003,619,Curvature_Geometry>=1;Turning_Dynamics>=2,Curvature_Geometry=1;Turning_Dynamics=2
MP00003,641,Curvature_Geometry>=1;Turning_Dynamics>=2,Curvature_Geometry=1;Turning_Dynamics=2
MP00003,654,Curvature_Geometry>=1;Turning_Dynamics>=2,Curvature_Geometry=3;Turning_Dynamics=2
MP00003,655,Curvature_Geometry>=1;Turning_Dynamics>=2,Curvature_Geometry=3;Turning_Dynamics=3
MP00003,662,Curvature_Geometry>=1;Turning_Dynamics>=2,Curvature_Geometry=2;Turning_Dynamics=2
MP00003,672,Curvature_Geometry>=1;Turning_Dynamics>=2,Curvature_Geometry=4;Turning_Dynamics=4
MP00003,691,Curvature_Geometry>=1;Turning_Dynamics>=2,Curvature_Geometry=2;Turning_Dynamics=4
MP00003,704,Curvature_Geometry>=1;Turning_Dynamics>=2,Curvature_Geometry=2;Turning_Dynamics=2
MP00003,774,Curvature_Geometry>=1;Turning_Dynamics>=2,Curvature_Geometry=2;Turning_Dynamics=2
MP00003,806,Curvature_Geometry>=1;Turning_Dynamics>=2,Curvature_Geometry=2;Turning_Dynamics=3
MP00003,823,Curvature_Geometry>=1;Turning_Dynamics>=2,Curvature_Geometry=2;Turning_Dynamics=2
MP00003,919,Curvature_Geometry>=1;Turning_Dynamics>=2,Curvature_Geometry=3;Turning_Dynamics=3
MP00003,963,Curvature_Geometry>=1;Turning_Dynamics>=2,Curvature_Geometry=3;Turning_Dynamics=3
MP00003,1053,Curvature_Geometry>=1;Turning_Dynamics>=2,Curvature_Geometry=2;Turning_Dynamics=2
MP00003,1077,Curvature_Geometry>=1;Turning_Dynamics>=2,Curvature_Geometry=1;Turning_Dynamics=2
MP00003,1114,Curvature_Geometry>=1;Turning_Dynamics>=2,Curvature_Geometry=2;Turning_Dynamics=2
MP00003,1187,Curvature_Geometry>=1;Turning_Dynamics>=2,Curvature_Geometry=2;Turning_Dynamics=4
MP00003,1201,Curvature_Geometry>=1;Turning_Dynamics>=2,Curvature_Geometry=2;Turning_Dynamics=2
MP00003,1224,Curvature_Geometry>=1;Turning_Dynamics>=2,Curvature_Geometry=2;Turning_Dynamics=2
MP00003,1249,Curvature_Geometry>=1;Turning_Dynamics>=2,Curvature_Geometry=2;Turning_Dynamics=2
MP00003,1251,Curvature_Geometry>=1;Turning_Dynamics>=2,Curvature_Geometry=1;Turning_Dynamics=2
MP00003,1259,Curvature_Geometry>=1;Turning_Dynamics>=2,Curvature_Geometry=2;Turning_Dynamics=2
MP00003,1260,Curvature_Geometry>=1;Turning_Dynamics>=2,Curvature_Geometry=2;Turning_Dynamics=2
MP00003,1268,Curvature_Geometry>=1;Turning_Dynamics>=2,Curvature_Geometry=1;Turning_Dynamics=3
MP00003,1320,Curvature_Geometry>=1;Turning_Dynamics>=2,Curvature_Geometry=1;Turning_Dynamics=2
MP00003,1332,Curvature_Geometry>=1;Turning_Dynamics>=2,Curvature_Geometry=2;Turning_Dynamics=2
MP00003,1357,Curvature_Geometry>=1;Turning_Dynamics>=2,Curvature_Geometry=2;Turning_Dynamics=2
MP00003,1405,Curvature_Geometry>=1;Turning_Dynamics>=2,Curvature_Geometry=2;Turning_Dynamics=4
MP00003,1413,Curvature_Geometry>=1;Turning_Dynamics>=2,Curvature_Geometry=2;Turning_Dynamics=2
MP00003,1416,Curvature_Geometry>=1;Turning_Dynamics>=2,Curvature_Geometry=2;Turning_Dynamics=3
MP00003,1437,Curvature_Geometry>=1;Turning_Dynamics>=2,Curvature_Geometry=3;Turning_Dynamics=4
MP00003,1460,Curvature_Geometry>=1;Turning_Dynamics>=2,Curvature_Geometry=2;Turning_Dynamics=2
MP00003,1470,Curvature_Geometry>=1;Turning_Dynamics>=2,Curvature_Geometry=1;Turning_Dynamics=3
MP00003,1480,Curvature_Geometry>=1;Turning_Dynamics>=2,Curvature_Geometry=2;Turning_Dynamics=3
MP00003,1483,Curvature_Geometry>=1;Turning_Dynamics>=2,Curvature_Geometry=2;Turning_Dynamics=2
MP00003,1508,Curvature_Geometry>=1;Turning_Dynamics>=2,Curvature_Geometry=3;Turning_Dynamics=3
MP00003,1530,Curvature_Geometry>=1;Turning_Dynamics>=2,Curvature_Geometry=2;Turning_Dynamics=2
MP00003,1547,Curvature_Geometry>=1;Turning_Dynamics>=2,Curvature_Geometry=2;Turning_Dynamics=2
MP00004,8,Speed_Dynamics>=1;Turning_Dynamics>=2,Speed_Dynamics=3;Turning_Dynamics=3
MP00004,16,Speed_Dynamics>=1;Turning_Dynamics>=2,Speed_Dynamics=1;Turning_Dynamics=4
MP00004,35,Speed_Dynamics>=1;Turning_Dynamics>=2,Speed_Dynamics=2;Turning_Dynamics=2
MP00004,60,Speed_Dynamics>=1;Turning_Dynamics>=2,Speed_Dynamics=1;Turning_Dynamics=2
MP00004,62,Speed_Dynamics>=1;Turning_Dynamics>=2,Speed_Dynamics=2;Turning_Dynamics=2
MP00004,63,Speed_Dynamics>=1;Turning_Dynamics>=2,Speed_Dynamics=3;Turning_Dynamics=2
MP00004,67,Speed_Dynamics>=1;Turning_Dynamics>=2,Speed_Dynamics=1;Turning_Dynamics=4
MP00004,126,Speed_Dynamics>=1;Turning_Dynamics>=2,Speed_Dynamics=3;Turning_Dynamics=3
MP00004,195,Speed_Dynamics>=1;Turning_Dynamics>=2,Speed_Dynamics=3;Turning_Dynamics=3
MP00004,199,Speed_Dynamics>=1;Turning_Dynamics>=2,Speed_Dynamics=3;Turning_Dynamics=2
MP00004,206,Speed_Dynamics>=1;Turning_Dynamics>=2,Speed_Dynamics=3;Turning_Dynamics=2
MP00004,223,Speed_Dynamics>=1;Turning_Dynamics>=2,Speed_Dynamics=2;Turning_Dynamics=2
MP00004,250,Speed_Dynamics>=1;Turning_Dynamics>=2,Speed_Dynamics=1;Turning_Dynamics=3
MP00004,260,Speed_Dynamics>=1;Turning_Dynamics>=2,Speed_Dynamics=3;Turning_Dynamics=3
MP00004,300,Speed_Dynamics>=1;Turning_Dynamics>=2,Speed_Dynamics=1;Turning_Dynamics=2
MP00004,324,Speed_Dynamics>=1;Turning_Dynamics>=2,Speed_Dynamics=1;Turning_Dynamics=3
MP00004,334,Speed_Dynamics>=1;Turning_Dynamics>=2,Speed_Dynamics=1;Turning_Dynamics=4
MP00004,388,Speed_Dynamics>=1;Turning_Dynamics>=2,Speed_Dynamics=1;Turning_Dynamics=2
MP00004,431,Speed_Dynamics>=1;Turning_Dynamics>=2,Speed_Dynamics=3;Turning_Dynamics=2
MP00004,437,Speed_Dynamics>=1;Turning_Dynamics>=2,Speed_Dynamics=2;Turning_Dynamics=3
MP00004,442,Speed_Dynamics>=1;Turning_Dynamics>=2,Speed_Dynamics=2;Turning_Dynamics=2
MP00004,443,Speed_Dynamics>=1;Turning_Dynamics>=2,Speed_Dynamics=2;Turning_Dynamics=4
MP00004,446,Speed_Dynamics>=1;Turning_Dynamics>=2,Speed_Dynamics=1;Turning_Dynamics=2
MP00004,464,Speed_Dynamics>=1;Turning_Dynamics>=2,Speed_Dynamics=2;Turning_Dynamics=2
MP00004,493,Speed_Dynamics>=1;Turning_Dynamics>=2,Speed_Dynamics=2;Turning_Dynamics=3
MP00004,514,Speed_Dynamics>=1;Turning_Dynamics>=2,Speed_Dynamics=1;Turning_Dynamics=3
MP00004,534,Speed_Dynamics>=1;Turning_Dynamics>=2,Speed_Dynamics=2;Turning_Dynamics=2
MP00004,584,Speed_Dynamics>=1;Turning_Dynamics>=2,Speed_Dynamics=1;Turning_Dynamics=4
MP00004,659,Speed_Dynamics>=1;Turning_Dynamics>=2,Speed_Dynamics=1;Turning_Dynamics=3
MP00004,660,Speed_Dynamics>=1;Turning_Dynamics>=2,Speed_Dynamics=2;Turning_Dynamics=3
MP00004,665,Speed_Dynamics>=1;Turning_Dynamics>=2,Speed_Dynamics=2;Turning_Dynamics=3
MP00004,697,Speed_Dynamics>=1;Turning_Dynamics>=2,Speed_Dynamics=2;Turning_Dynamics=2
MP00004,748,Speed_Dynamics>=1;Turning_Dynamics>=2,Speed_Dynamics=1;Turning_Dynamics=2
MP00004,774,Speed_Dynamics>=1;Turning_Dynamics>=2,Speed_Dynamics=2;Turning_Dynamics=2
MP00004,775,Speed_Dynamics>=1;Turning_Dynamics>=2,Speed_Dynamics=3;Turning_Dynamics=2
MP00004,827,Speed_Dynamics>=1;Turning_Dynamics>=2,Speed_Dynamics=2;Turning_Dynamics=2
MP00004,830,Speed_Dynamics>=1;Turning_Dynamics>=2,Speed_Dynamics=4;Turning_Dynamics=4
MP00004,843,Speed_Dynamics>=1;Turning_Dynamics>=2,Speed_Dynamics=2;Turning_Dynamics=2
MP00004,869,Speed_Dynamics>=1;Turning_Dynamics>=2,Speed_Dynamics=2;Turning_Dynamics=4
MP00004,880,Speed_Dynamics>=1;Turning_Dynamics>=2,Speed_Dynamics=2;Turning_Dynamics=2
MP00004,893,Speed_Dynamics>=1;Turning_Dynamics>=2,Speed_Dynamics=2;Turning_Dynamics=2
MP00004,919,Speed_Dynamics>=1;Turning_Dynamics>=2,Speed_Dynamics=3;Turning_Dynamics=3
MP00004,977,Speed_Dynamics>=1;Turning_Dynamics>=2,Speed_Dynamics=2;Turning_Dynamics=2
MP00004,984,Speed_Dynamics>=1;Turning_Dynamics>=2,Speed_Dynamics=1;Turning_Dynamics=3
MP00004,1019,Speed_Dynamics>=1;Turning_Dynamics>=2,Speed_Dynamics=2;Turning_Dynamics=2
MP00004,1032,Speed_Dynamics>=1;Turning_Dynamics>=2,Speed_Dynamics=1;Turning_Dynamics=2
MP00004,1077,Speed_Dynamics>=1;Turning_Dynamics>=2,Speed_Dynamics=1;Turning_Dynamics=2
MP00004,1084,Speed_Dynamics>=1;Turning_Dynamics>=2,Speed_Dynamics=3;Turning_Dynamics=3
MP00004,1139,Speed_Dynamics>=1;Turning_Dynamics>=2,Speed_Dynamics=2;Turning_Dynamics=2
MP00004,1164,Speed_Dynamics>=1;Turning_Dynamics>=2,Speed_Dynamics=1;Turning_Dynamics=2
MP00004,1242,Speed_Dynamics>=1;Turning_Dynamics>=2,Speed_Dynamics=3;Turning_Dynamics=3
MP00004,1247,Speed_Dynamics>=1;Turning_Dynamics>=2,Speed_Dynamics=4;Turning_Dynamics=3
MP00004,1265,Speed_Dynamics>=1;Turning_Dynamics>=2,Speed_Dynamics=2;Turning_Dynamics=3
MP00004,1268,Speed_Dynamics>=1;Turning_Dynamics>=2,Speed_Dynamics=1;Turning_Dynamics=3
MP00004,1302,Speed_Dynamics>=1;Turning_Dynamics>=2,Speed_Dynamics=2;Turning_Dynamics=3
MP00004,1320,Speed_Dynamics>=1;Turning_Dynamics>=2,Speed_Dynamics=1;Turning_Dynamics=2
MP00004,1321,Speed_Dynamics>=1;Turning_Dynamics>=2,Speed_Dynamics=1;Turning_Dynamics=2
MP00004,1367,Speed_Dynamics>=1;Turning_Dynamics>=2,Speed_Dynamics=1;Turning_Dynamics=2
MP00004,1393,Speed_Dynamics>=1;Turning_Dynamics>=2,Speed_Dynamics=1;Turning_Dynamics=2
MP00004,1402,Speed_Dynamics>=1;Turning_Dynamics>=2,Speed_Dynamics=2;Turning_Dynamics=4
MP00004,1419,Speed_Dynamics>=1;Turning_Dynamics>=2,Speed_Dynamics=1;Turning_Dynamics=3
MP00004,1428,Speed_Dynamics>=1;Turning_Dynamics>=2,Speed_Dynamics=3;Turning_Dynamics=2
MP00004,1450,Speed_Dynamics>=1;Turning_Dynamics>=2,Speed_Dynamics=3;Turning_Dynamics=3
MP00004,1480,Speed_Dynamics>=1;Turning_Dynamics>=2,Speed_Dynamics=2;Turning_Dynamics=3
MP00005,60,Acceleration_Dynamics>=1;Temporal_Sequential_Context>=2,Acceleration_Dynamics=2;Temporal_Sequential_Context=2
MP00005,62,Acceleration_Dynamics>=1;Temporal_Sequential_Context>=2,Acceleration_Dynamics=2;Temporal_Sequential_Context=2
MP00005,124,Acceleration_Dynamics>=1;Temporal_Sequential_Context>=2,Acceleration_Dynamics=1;Temporal_Sequential_Context=3
MP00005,125,Acceleration_Dynamics>=1;Temporal_Sequential_Context>=2,Acceleration_Dynamics=2;Temporal_Sequential_Context=2
MP00005,132,Acceleration_Dynamics>=1;Temporal_Sequential_Context>=2,Acceleration_Dynamics=2;Temporal_Sequential_Context=3
MP00005,164,Acceleration_Dynamics>=1;Temporal_Sequential_Context>=2,Acceleration_Dynamics=2;Temporal_Sequential_Context=2
MP00005,200,Acceleration_Dynamics>=1;Temporal_Sequential_Context>=2,Acceleration_Dynamics=2;Temporal_Sequential_Context=2
MP00005,217,Acceleration_Dynamics>=1;Temporal_Sequential_Context>=2,Acceleration_Dynamics=2;Temporal_Sequential_Context=2
MP00005,357,Acceleration_Dynamics>=1;Temporal_Sequential_Context>=2,Acceleration_Dynamics=2;Temporal_Sequential_Context=2
MP00005,377,Acceleration_Dynamics>=1;Temporal_Sequential_Context>=2,Acceleration_Dynamics=2;Temporal_Sequential_Context=3
MP00005,396,Acceleration_Dynamics>=1;Temporal_Sequential_Context>=2,Acceleration_Dynamics=1;Temporal_Sequential_Context=2
MP00005,444,Acceleration_Dynamics>=1;Temporal_Sequential_Context>=2,Acceleration_Dynamics=2;Temporal_Sequential_Context=2
MP00005,449,Acceleration_Dynamics>=1;Temporal_Sequential_Context>=2,Acceleration_Dynamics=3;Temporal_Sequential_Context=3
MP00005,461,Acceleration_Dynamics>=1;Temporal_Sequential_Context>=2,Acceleration_Dynamics=2;Temporal_Sequential_Context=3
MP00005,511,Acceleration_Dynamics>=1;Temporal_Sequential_Context>=2,Acceleration_Dynamics=2;Temporal_Sequential_Context=2
MP00005,541,Acceleration_Dynamics>=1;Temporal_Sequential_Context>=2,Acceleration_Dynamics=3;Temporal_Sequential_Context=3
MP00005,553,Acceleration_Dynamics>=1;Temporal_Sequential_Context>=2,Acceleration_Dynamics=2;Temporal_Sequential_Context=2
MP00005,554,Acceleration_Dynamics>=1;Temporal_Sequential_Context>=2,Acceleration_Dynamics=2;Temporal_Sequential_Context=2
MP00005,559,Acceleration_Dynamics>=1;Temporal_Sequential_Context>=2,Acceleration_Dynamics=2;Temporal_Sequential_Context=2
MP00005,611,Acceleration_Dynamics>=1;Temporal_Sequential_Context>=2,Acceleration_Dynamics=2;Temporal_Sequential_Context=4
MP00005,618,Acceleration_Dynamics>=1;Temporal_Sequential_Context>=2,Acceleration_Dynamics=1;Temporal_Sequential_Context=2
MP00005,637,Acceleration_Dynamics>=1;Temporal_Sequential_Context>=2,Acceleration_Dynamics=1;Temporal_Sequential_Context=2
MP00005,650,Acceleration_Dynamics>=1;Temporal_Sequential_Context>=2,Acceleration_Dynamics=1;Temporal_Sequential_Context=2
MP00005,714,Acceleration_Dynamics>=1;Temporal_Sequential_Context>=2,Acceleration_Dynamics=2;Temporal_Sequential_Context=2
MP00005,733,Acceleration_Dynamics>=1;Temporal_Sequential_Context>=2,Acceleration_Dynamics=3;Temporal_Sequential_Context=2
MP00005,740,Acceleration_Dynamics>=1;Temporal_Sequential_Context>=2,Acceleration_Dynamics=1;Temporal_Sequential_Context=3
MP00005,758,Acceleration_Dynamics>=1;Temporal_Sequential_Context>=2,Acceleration_Dynamics=2;Temporal_Sequential_Context=2
MP00005,792,Acceleration_Dynamics>=1;Temporal_Sequential_Context>=2,Acceleration_Dynamics=2;Temporal_Sequential_Context=2
MP00005,810,Acceleration_Dynamics>=1;Temporal_Sequential_Context>=2,Acceleration_Dynamics=1;Temporal_Sequential_Context=3
MP00005,824,Acceleration_Dynamics>=1;Temporal_Sequential_Context>=2,Acceleration_Dynamics=3;Temporal_Sequential_Context=3
MP00005,876,Acceleration_Dynamics>=1;Temporal_Sequential_Context>=2,Acceleration_Dynamics=3;Temporal_Sequential_Context=2
MP00005,901,Acceleration_Dynamics>=1;Temporal_Sequential_Context>=2,Acceleration_Dynamics=1;Temporal_Sequential_Context=2
MP00005,903,Acceleration_Dynamics>=1;Temporal_Sequential_Context>=2,Acceleration_Dynamics=2;Temporal_Sequential_Context=2
MP00005,921,Acceleration_Dynamics>=1;Temporal_Sequential_Context>=2,Acceleration_Dynamics=3;Temporal_Sequential_Context=3
MP00005,931,Acceleration_Dynamics>=1;Temporal_Sequential_Context>=2,Acceleration_Dynamics=3;Temporal_Sequential_Context=3
MP00005,932,Acceleration_Dynamics>=1;Temporal_Sequential_Context>=2,Acceleration_Dynamics=2;Temporal_Sequential_Context=2
MP00005,938,Acceleration_Dynamics>=1;Temporal_Sequential_Context>=2,Acceleration_Dynamics=3;Temporal_Sequential_Context=3
MP00005,949,Acceleration_Dynamics>=1;Temporal_Sequential_Context>=2,Acceleration_Dynamics=1;Temporal_Sequential_Context=2
MP00005,961,Acceleration_Dynamics>=1;Temporal_Sequential_Context>=2,Acceleration_Dynamics=1;Temporal_Sequential_Context=2
MP00005,1015,Acceleration_Dynamics>=1;Temporal_Sequential_Context>=2,Acceleration_Dynamics=3;Temporal_Sequential_Context=3
MP00005,1042,Acceleration_Dynamics>=1;Temporal_Sequential_Context>=2,Acceleration_Dynamics=4;Temporal_Sequential_Context=4
MP00005,1049,Acceleration_Dynamics>=1;Temporal_Sequential_Context>=2,Acceleration_Dynamics=3;Temporal_Sequential_Context=2
MP00005,1112,Acceleration_Dynamics>=1;Temporal_Sequential_Context>=2,Acceleration_Dynamics=2;Temporal_Sequential_Context=2
MP00005,1116,Acceleration_Dynamics>=1;Temporal_Sequential_Context>=2,Acceleration_Dynamics=2;Temporal_Sequential_Context=2
MP00005,1143,Acceleration_Dynamics>=1;Temporal_Sequential_Context>=2,Acceleration_Dynamics=1;Temporal_Sequential_Context=2
MP00005,1158,Acceleration_Dynamics>=1;Temporal_Sequential_Context>=2,Acceleration_Dynamics=2;Temporal_Sequential_Context=2
MP00005,1170,Acceleration_Dynamics>=1;Temporal_Sequential_Context>=2,Acceleration_Dynamics=2;Temporal_Sequential_Context=2
MP00005,1195,Acceleration_Dynamics>=1;Temporal_Sequential_Context>=2,Acceleration_Dynamics=3;Temporal_Sequential_Context=3
MP00005,1284,Acceleration_Dynamics>=1;Temporal_Sequential_Context>=2,Acceleration_Dynamics=1;Temporal_Sequential_Context=2
MP00005,1306,Acceleration_Dynamics>=1;Temporal_Sequential_Context>=2,Acceleration_Dynamics=2;Temporal_Sequential_Context=2
MP00005,1314,Acceleration_Dynamics>=1;Temporal_Sequential_Context>=2,Acceleration_Dynamics=2;Temporal_Sequential_Context=2
MP00005,1410,Acceleration_Dynamics>=1;Temporal_Sequential_Context>=2,Acceleration_Dynamics=1;Temporal_Sequential_Context=2
MP00005,1415,Acceleration_Dynamics>=1;Temporal_Sequential_Context>=2,Acceleration_Dynamics=3;Temporal_Sequential_Context=3
MP00005,1432,Acceleration_Dynamics>=1;Temporal_Sequential_Context>=2,Acceleration_Dynamics=2;Temporal_Sequential_Context=2
MP00005,1446,Acceleration_Dynamics>=1;Temporal_Sequential_Context>=2,Acceleration_Dynamics=2;Temporal_Sequential_Context=2
MP00005,1448,Acceleration_Dynamics>=1;Temporal_Sequential_Context>=2,Acceleration_Dynamics=1;Temporal_Sequential_Context=2
MP00005,1476,Acceleration_Dynamics>=1;Temporal_Sequential_Context>=2,Acceleration_Dynamics=3;Temporal_Sequential_Context=3
MP00006,2,Curvature_Geometry>=1;Temporal_Sequential_Context>=2,Curvature_Geometry=3;Temporal_Sequential_Context=4
MP00006,28,Curvature_Geometry>=1;Temporal_Sequential_Context>=2,Curvature_Geometry=2;Temporal_Sequential_Context=2
MP00006,105,Curvature_Geometry>=1;Temporal_Sequential_Context>=2,Curvature_Geometry=2;Temporal_Sequential_Context=2
MP00006,124,Curvature_Geometry>=1;Temporal_Sequential_Context>=2,Curvature_Geometry=1;Temporal_Sequential_Context=3
MP00006,125,Curvature_Geometry>=1;Temporal_Sequential_Context>=2,Curvature_Geometry=2;Temporal_Sequential_Context=2
MP00006,163,Curvature_Geometry>=1;Temporal_Sequential_Context>=2,Curvature_Geometry=2;Temporal_Sequential_Context=2
MP00006,164,Curvature_Geometry>=1;Temporal_Sequential_Context>=2,Curvature_Geometry=2;Temporal_Sequential_Context=2
MP00006,196,Curvature_Geometry>=1;Temporal_Sequential_Context>=2,Curvature_Geometry=2;Temporal_Sequential_Context=2
MP00006,200,Curvature_Geometry>=1;Temporal_Sequential_Context>=2,Curvature_Geometry=2;Temporal_Sequential_Context=2
MP00006,300,Curvature_Geometry>=1;Temporal_Sequential_Context>=2,Curvature_Geometry=2;Temporal_Sequential_Context=2
MP00006,309,Curvature_Geometry>=1;Temporal_Sequential_Context>=2,Curvature_Geometry=3;Temporal_Sequential_Context=2
MP00006,357,Curvature_Geometry>=1;Temporal_Sequential_Context>=2,Curvature_Geometry=2;Temporal_Sequential_Context=2
MP00006,359,Curvature_Geometry>=1;Temporal_Sequential_Context>=2,Curvature_Geometry=3;Temporal_Sequential_Context=3
MP00006,414,Curvature_Geometry>=1;Temporal_Sequential_Context>=2,Curvature_Geometry=3;Temporal_Sequential_Context=3
MP00006,428,Curvature_Geometry>=1;Temporal_Sequential_Context>=2,Curvature_Geometry=2;Temporal_Sequential_Context=2
MP00006,430,Curvature_Geometry>=1;Temporal_Sequential_Context>=2,Curvature_Geometry=1;Temporal_Sequential_Context=2
MP00006,436,Curvature_Geometry>=1;Temporal_Sequential_Context>=2,Curvature_Geometry=1;Temporal_Sequential_Context=2
MP00006,444,Curvature_Geometry>=1;Temporal_Sequential_Context>=2,Curvature_Geometry=2;Temporal_Sequential_Context=2
MP00006,465,Curvature_Geometry>=1;Temporal_Sequential_Context>=2,Curvature_Geometry=3;Temporal_Sequential_Context=3
MP00006,490,Curvature_Geometry>=1;Temporal_Sequential_Context>=2,Curvature_Geometry=2;Temporal_Sequential_Context=2
MP00006,499,Curvature_Geometry>=1;Temporal_Sequential_Context>=2,Curvature_Geometry=2;Temporal_Sequential_Context=2
MP00006,504,Curvature_Geometry>=1;Temporal_Sequential_Context>=2,Curvature_Geometry=3;Temporal_Sequential_Context=2
MP00006,511,Curvature_Geometry>=1;Temporal_Sequential_Context>=2,Curvature_Geometry=2;Temporal_Sequential_Context=2
MP00006,554,Curvature_Geometry>=1;Temporal_Sequential_Context>=2,Curvature_Geometry=1;Temporal_Sequential_Context=2
MP00006,562,Curvature_Geometry>=1;Temporal_Sequential_Context>=2,Curvature_Geometry=2;Temporal_Sequential_Context=2
MP00006,566,Curvature_Geometry>=1;Temporal_Sequential_Context>=2,Curvature_Geometry=2;Temporal_Sequential_Context=3
MP00006,614,Curvature_Geometry>=1;Temporal_Sequential_Context>=2,Curvature_Geometry=3;Temporal_Sequential_Context=3
MP00006,618,Curvature_Geometry>=1;Temporal_Sequential_Context>=2,Curvature_Geometry=3;Temporal_Sequential_Context=2
MP00006,633,Curvature_Geometry>=1;Temporal_Sequential_Context>=2,Curvature_Geometry=4;Temporal_Sequential_Context=4
MP00006,650,Curvature_Geometry>=1;Temporal_Sequential_Context>=2,Curvature_Geometry=2;Temporal_Sequential_Context=2
MP00006,707,Curvature_Geometry>=1;Temporal_Sequential_Context>=2,Curvature_Geometry=4;Temporal_Sequential_Context=2
MP00006,714,Curvature_Geometry>=1;Temporal_Sequential_Context>=2,Curvature_Geometry=2;Temporal_Sequential_Context=2
MP00006,729,Curvature_Geometry>=1;Temporal_Sequential_Context>=2,Curvature_Geometry=1;Temporal_Sequential_Context=2
MP00006,758,Curvature_Geometry>=1;Temporal_Sequential_Context>=2,Curvature_Geometry=2;Temporal_Sequential_Context=2
MP00006,770,Curvature_Geometry>=1;Temporal_Sequential_Context>=2,Curvature_Geometry=1;Temporal_Sequential_Context=2
MP00006,820,Curvature_Geometry>=1;Temporal_Sequential_Context>=2,Curvature_Geometry=2;Temporal_Sequential_Context=2
MP00006,838,Curvature_Geometry>=1;Temporal_Sequential_Context>=2,Curvature_Geometry=1;Temporal_Sequential_Context=2
MP00006,879,Curvature_Geometry>=1;Temporal_Sequential_Context>=2,Curvature_Geometry=3;Temporal_Sequential_Context=3
MP00006,903,Curvature_Geometry>=1;Temporal_Sequential_Context>=2,Curvature_Geometry=2;Temporal_Sequential_Context=2
MP00006,910,Curvature_Geometry>=1;Temporal_Sequential_Context>=2,Curvature_Geometry=2;Temporal_Sequential_Context=2
MP00006,938,Curvature_Geometry>=1;Temporal_Sequential_Context>=2,Curvature_Geometry=1;Temporal_Sequential_Context=3
MP00006,947,Curvature_Geometry>=1;Temporal_Sequential_Context>=2,Curvature_Geometry=1;Temporal_Sequential_Context=2
MP00006,963,Curvature_Geometry>=1;Temporal_Sequential_Context>=2,Curvature_Geometry=3;Temporal_Sequential_Context=3
MP00006,1043,Curvature_Geometry>=1;Temporal_Sequential_Context>=2,Curvature_Geometry=1;Temporal_Sequential_Context=2
MP00006,1049,Curvature_Geometry>=1;Temporal_Sequential_Context>=2,Curvature_Geometry=3;Temporal_Sequential_Context=2
MP00006,1053,Curvature_Geometry>=1;Temporal_Sequential_Context>=2,Curvature_Geometry=2;Temporal_Sequential_Context=2
MP00006,1067,Curvature_Geometry>=1;Temporal_Sequential_Context>=2,Curvature_Geometry=2;Temporal_Sequential_Context=2
MP00006,1112,Curvature_Geometry>=1;Temporal_Sequential_Context>=2,Curvature_Geometry=2;Temporal_Sequential_Context=2
MP00006,1114,Curvature_Geometry>=1;Temporal_Sequential_Context>=2,Curvature_Geometry=2;Temporal_Sequential_Context=2
MP00006,1116,Curvature_Geometry>=1;Temporal_Sequential_Context>=2,Curvature_Geometry=1;Temporal_Sequential_Context=2
MP00006,1118,Curvature_Geometry>=1;Temporal_Sequential_Context>=2,Curvature_Geometry=1;Temporal_Sequential_Context=3
MP00006,1153,Curvature_Geometry>=1;Temporal_Sequential_Context>=2,Curvature_Geometry=2;Temporal_Sequential_Context=2
MP00006,1195,Curvature_Geometry>=1;Temporal_Sequential_Context>=2,Curvature_Geometry=2;Temporal_Sequential_Context=3
MP00006,1220,Curvature_Geometry>=1;Temporal_Sequential_Context>=2,Curvature_Geometry=1;Temporal_Sequential_Context=3
MP00006,1235,Curvature_Geometry>=1;Temporal_Sequential_Context>=2,Curvature_Geometry=1;Temporal_Sequential_Context=2
MP00006,1262,Curvature_Geometry>=1;Temporal_Sequential_Context>=2,Curvature_Geometry=3;Temporal_Sequential_Context=3
MP00006,1299,Curvature_Geometry>=1;Temporal_Sequential_Context>=2,Curvature_Geometry=2;Temporal_Sequential_Context=3
MP00006,1314,Curvature_Geometry>=1;Temporal_Sequential_Context>=2,Curvature_Geometry=2;Temporal_Sequential_Context=2
MP00006,1380,Curvature_Geometry>=1;Temporal_Sequential_Context>=2,Curvature_Geometry=1;Temporal_Sequential_Context=2
MP00006,1410,Curvature_Geometry>=1;Temporal_Sequential_Context>=2,Curvature_Geometry=1;Temporal_Sequential_Context=2
MP00006,1420,Curvature_Geometry>=1;Temporal_Sequential_Context>=2,Curvature_Geometry=1;Temporal_Sequential_Context=3
MP00006,1426,Curvature_Geometry>=1;Temporal_Sequential_Context>=2,Curvature_Geometry=2;Temporal_Sequential_Context=2
MP00006,1448,Curvature_Geometry>=1;Temporal_Sequential_Context>=2,Curvature_Geometry=1;Temporal_Sequential_Context=2
MP00006,1476,Curvature_Geometry>=1;Temporal_Sequential_Context>=2,Curvature_Geometry=1;Temporal_Sequential_Context=3
MP00006,1482,Curvature_Geometry>=1;Temporal_Sequential_Context>=2,Curvature_Geometry=3;Temporal_Sequential_Context=3
MP00006,1508,Curvature_Geometry>=1;Temporal_Sequential_Context>=2,Curvature_Geometry=3;Temporal_Sequential_Context=3
MP00006,1512,Curvature_Geometry>=1;Temporal_Sequential_Context>=2,Curvature_Geometry=2;Temporal_Sequential_Context=2
MP00006,1551,Curvature_Geometry>=1;Temporal_Sequential_Context>=2,Curvature_Geometry=1;Temporal_Sequential_Context=3
MP00007,40,Acceleration_Dynamics>=1;Speed_Dynamics>=2,Acceleration_Dynamics=2;Speed_Dynamics=2
MP00007,58,Acceleration_Dynamics>=1;Speed_Dynamics>=2,Acceleration_Dynamics=1;Speed_Dynamics=4
MP00007,62,Acceleration_Dynamics>=1;Speed_Dynamics>=2,Acceleration_Dynamics=2;Speed_Dynamics=2
MP00007,117,Acceleration_Dynamics>=1;Speed_Dynamics>=2,Acceleration_Dynamics=3;Speed_Dynamics=3
MP00007,146,Acceleration_Dynamics>=1;Speed_Dynamics>=2,Acceleration_Dynamics=1;Speed_Dynamics=2
MP00007,164,Acceleration_Dynamics>=1;Speed_Dynamics>=2,Acceleration_Dynamics=2;Speed_Dynamics=2
MP00007,172,Acceleration_Dynamics>=1;Speed_Dynamics>=2,Acceleration_Dynamics=1;Speed_Dynamics=2
MP00007,179,Acceleration_Dynamics>=1;Speed_Dynamics>=2,Acceleration_Dynamics=2;Speed_Dynamics=2
MP00007,206,Acceleration_Dynamics>=1;Speed_Dynamics>=2,Acceleration_Dynamics=2;Speed_Dynamics=3
MP00007,223,Acceleration_Dynamics>=1;Speed_Dynamics>=2,Acceleration_Dynamics=2;Speed_Dynamics=2
MP00007,245,Acceleration_Dynamics>=1;Speed_Dynamics>=2,Acceleration_Dynamics=1;Speed_Dynamics=3
MP00007,247,Acceleration_Dynamics>=1;Speed_Dynamics>=2,Acceleration_Dynamics=3;Speed_Dynamics=2
MP00007,293,Acceleration_Dynamics>=1;Speed_Dynamics>=2,Acceleration_Dynamics=1;Speed_Dynamics=2
MP00007,325,Acceleration_Dynamics>=1;Speed_Dynamics>=2,Acceleration_Dynamics=3;Speed_Dynamics=4
MP00007,444,Acceleration_Dynamics>=1;Speed_Dynamics>=2,Acceleration_Dynamics=2;Speed_Dynamics=2
MP00007,461,Acceleration_Dynamics>=1;Speed_Dynamics>=2,Acceleration_Dynamics=2;Speed_Dynamics=2
MP00007,463,Acceleration_Dynamics>=1;Speed_Dynamics>=2,Acceleration_Dynamics=1;Speed_Dynamics=3
MP00007,503,Acceleration_Dynamics>=1;Speed_Dynamics>=2,Acceleration_Dynamics=1;Speed_Dynamics=2
MP00007,511,Acceleration_Dynamics>=1;Speed_Dynamics>=2,Acceleration_Dynamics=2;Speed_Dynamics=2
MP00007,522,Acceleration_Dynamics>=1;Speed_Dynamics>=2,Acceleration_Dynamics=1;Speed_Dynamics=2
MP00007,553,Acceleration_Dynamics>=1;Speed_Dynamics>=2,Acceleration_Dynamics=2;Speed_Dynamics=2
MP00007,595,Acceleration_Dynamics>=1;Speed_Dynamics>=2,Acceleration_Dynamics=2;Speed_Dynamics=2
MP00007,660,Acceleration_Dynamics>=1;Speed_Dynamics>=2,Acceleration_Dynamics=2;Speed_Dynamics=2
MP00007,697,Acceleration_Dynamics>=1;Speed_Dynamics>=2,Acceleration_Dynamics=2;Speed_Dynamics=2
MP00007,724,Acceleration_Dynamics>=1;Speed_Dynamics>=2,Acceleration_Dynamics=1;Speed_Dynamics=2
MP00007,762,Acceleration_Dynamics>=1;Speed_Dynamics>=2,Acceleration_Dynamics=1;Speed_Dynamics=2
MP00007,792,Acceleration_Dynamics>=1;Speed_Dynamics>=2,Acceleration_Dynamics=2;Speed_Dynamics=2
MP00007,804,Acceleration_Dynamics>=1;Speed_Dynamics>=2,Acceleration_Dynamics=1;Speed_Dynamics=2
MP00007,824,Acceleration_Dynamics>=1;Speed_Dynamics>=2,Acceleration_Dynamics=3;Speed_Dynamics=3
MP00007,837,Acceleration_Dynamics>=1;Speed_Dynamics>=2,Acceleration_Dynamics=3;Speed_Dynamics=3
MP00007,857,Acceleration_Dynamics>=1;Speed_Dynamics>=2,Acceleration_Dynamics=2;Speed_Dynamics=3
MP00007,876,Acceleration_Dynamics>=1;Speed_Dynamics>=2,Acceleration_Dynamics=3;Speed_Dynamics=2
MP00007,880,Acceleration_Dynamics>=1;Speed_Dynamics>=2,Acceleration_Dynamics=2;Speed_Dynamics=2
MP00007,890,Acceleration_Dynamics>=1;Speed_Dynamics>=2,Acceleration_Dynamics=2;Speed_Dynamics=2
MP00007,893,Acceleration_Dynamics>=1;Speed_Dynamics>=2,Acceleration_Dynamics=2;Speed_Dynamics=2
MP00007,903,Acceleration_Dynamics>=1;Speed_Dynamics>=2,Acceleration_Dynamics=2;Speed_Dynamics=2
MP00007,918,Acceleration_Dynamics>=1;Speed_Dynamics>=2,Acceleration_Dynamics=1;Speed_Dynamics=2
MP00007,930,Acceleration_Dynamics>=1;Speed_Dynamics>=2,Acceleration_Dynamics=2;Speed_Dynamics=2
MP00007,932,Acceleration_Dynamics>=1;Speed_Dynamics>=2,Acceleration_Dynamics=2;Speed_Dynamics=2
MP00007,949,Acceleration_Dynamics>=1;Speed_Dynamics>=2,Acceleration_Dynamics=1;Speed_Dynamics=2
MP00007,971,Acceleration_Dynamics>=1;Speed_Dynamics>=2,Acceleration_Dynamics=1;Speed_Dynamics=2
MP00007,992,Acceleration_Dynamics>=1;Speed_Dynamics>=2,Acceleration_Dynamics=1;Speed_Dynamics=3
MP00007,1019,Acceleration_Dynamics>=1;Speed_Dynamics>=2,Acceleration_Dynamics=2;Speed_Dynamics=2
MP00007,1035,Acceleration_Dynamics>=1;Speed_Dynamics>=2,Acceleration_Dynamics=1;Speed_Dynamics=2
MP00007,1055,Acceleration_Dynamics>=1;Speed_Dynamics>=2,Acceleration_Dynamics=1;Speed_Dynamics=3
MP00007,1086,Acceleration_Dynamics>=1;Speed_Dynamics>=2,Acceleration_Dynamics=1;Speed_Dynamics=2
MP00007,1116,Acceleration_Dynamics>=1;Speed_Dynamics>=2,Acceleration_Dynamics=2;Speed_Dynamics=2
MP00007,1139,Acceleration_Dynamics>=1;Speed_Dynamics>=2,Acceleration_Dynamics=2;Speed_Dynamics=2
MP00007,1154,Acceleration_Dynamics>=1;Speed_Dynamics>=2,Acceleration_Dynamics=1;Speed_Dynamics=2
MP00007,1158,Acceleration_Dynamics>=1;Speed_Dynamics>=2,Acceleration_Dynamics=2;Speed_Dynamics=2
MP00007,1265,Acceleration_Dynamics>=1;Speed_Dynamics>=2,Acceleration_Dynamics=2;Speed_Dynamics=2
MP00007,1267,Acceleration_Dynamics>=1;Speed_Dynamics>=2,Acceleration_Dynamics=2;Speed_Dynamics=2
MP00007,1306,Acceleration_Dynamics>=1;Speed_Dynamics>=2,Acceleration_Dynamics=2;Speed_Dynamics=2
MP00007,1322,Acceleration_Dynamics>=1;Speed_Dynamics>=2,Acceleration_Dynamics=4;Speed_Dynamics=2
MP00007,1361,Acceleration_Dynamics>=1;Speed_Dynamics>=2,Acceleration_Dynamics=2;Speed_Dynamics=2
MP00007,1428,Acceleration_Dynamics>=1;Speed_Dynamics>=2,Acceleration_Dynamics=1;Speed_Dynamics=3
MP00007,1432,Acceleration_Dynamics>=1;Speed_Dynamics>=2,Acceleration_Dynamics=2;Speed_Dynamics=2
MP00007,1492,Acceleration_Dynamics>=1;Speed_Dynamics>=2,Acceleration_Dynamics=1;Speed_Dynamics=2
MP00008,44,Acceleration_Dynamics>=2;Curvature_Geometry>=1,Acceleration_Dynamics=2;Curvature_Geometry=2
MP00008,64,Acceleration_Dynamics>=2;Curvature_Geometry>=1,Acceleration_Dynamics=4;Curvature_Geometry=2
MP00008,111,Acceleration_Dynamics>=2;Curvature_Geometry>=1,Acceleration_Dynamics=2;Curvature_Geometry=2
MP00008,125,Acceleration_Dynamics>=2;Curvature_Geometry>=1,Acceleration_Dynamics=2;Curvature_Geometry=2
MP00008,137,Acceleration_Dynamics>=2;Curvature_Geometry>=1,Acceleration_Dynamics=2;Curvature_Geometry=1
MP00008,144,Acceleration_Dynamics>=2;Curvature_Geometry>=1,Acceleration_Dynamics=2;Curvature_Geometry=2
MP00008,157,Acceleration_Dynamics>=2;Curvature_Geometry>=1,Acceleration_Dynamics=2;Curvature_Geometry=3
MP00008,164,Acceleration_Dynamics>=2;Curvature_Geometry>=1,Acceleration_Dynamics=2;Curvature_Geometry=2
MP00008,168,Acceleration_Dynamics>=2;Curvature_Geometry>=1,Acceleration_Dynamics=2;Curvature_Geometry=2
MP00008,200,Acceleration_Dynamics>=2;Curvature_Geometry>=1,Acceleration_Dynamics=2;Curvature_Geometry=2
MP00008,303,Acceleration_Dynamics>=2;Curvature_Geometry>=1,Acceleration_Dynamics=2;Curvature_Geometry=2
MP00008,345,Acceleration_Dynamics>=2;Curvature_Geometry>=1,Acceleration_Dynamics=4;Curvature_Geometry=4
MP00008,357,Acceleration_Dynamics>=2;Curvature_Geometry>=1,Acceleration_Dynamics=2;Curvature_Geometry=2
MP00008,412,Acceleration_Dynamics>=2;Curvature_Geometry>=1,Acceleration_Dynamics=4;Curvature_Geometry=4
MP00008,441,Acceleration_Dynamics>=2;Curvature_Geometry>=1,Acceleration_Dynamics=3;Curvature_Geometry=3
MP00008,444,Acceleration_Dynamics>=2;Curvature_Geometry>=1,Acceleration_Dynamics=2;Curvature_Geometry=2
MP00008,466,Acceleration_Dynamics>=2;Curvature_Geometry>=1,Acceleration_Dynamics=2;Curvature_Geometry=2
MP00008,511,Acceleration_Dynamics>=2;Curvature_Geometry>=1,Acceleration_Dynamics=2;Curvature_Geometry=2
MP00008,548,Acceleration_Dynamics>=2;Curvature_Geometry>=1,Acceleration_Dynamics=2;Curvature_Geometry=1
MP00008,554,Acceleration_Dynamics>=2;Curvature_Geometry>=1,Acceleration_Dynamics=2;Curvature_Geometry=1
MP00008,590,Acceleration_Dynamics>=2;Curvature_Geometry>=1,Acceleration_Dynamics=2;Curvature_Geometry=2
MP00008,619,Acceleration_Dynamics>=2;Curvature_Geometry>=1,Acceleration_Dynamics=2;Curvature_Geometry=1
MP00008,627,Acceleration_Dynamics>=2;Curvature_Geometry>=1,Acceleration_Dynamics=3;Curvature_Geometry=1
MP00008,714,Acceleration_Dynamics>=2;Curvature_Geometry>=1,Acceleration_Dynamics=2;Curvature_Geometry=2
MP00008,758,Acceleration_Dynamics>=2;Curvature_Geometry>=1,Acceleration_Dynamics=2;Curvature_Geometry=2
MP00008,778,Acceleration_Dynamics>=2;Curvature_Geometry>=1,Acceleration_Dynamics=2;Curvature_Geometry=2
MP00008,785,Acceleration_Dynamics>=2;Curvature_Geometry>=1,Acceleration_Dynamics=3;Curvature_Geometry=2
MP00008,823,Acceleration_Dynamics>=2;Curvature_Geometry>=1,Acceleration_Dynamics=2;Curvature_Geometry=2
MP00008,903,Acceleration_Dynamics>=2;Curvature_Geometry>=1,Acceleration_Dynamics=2;Curvature_Geometry=2
MP00008,938,Acceleration_Dynamics>=2;Curvature_Geometry>=1,Acceleration_Dynamics=3;Curvature_Geometry=1
MP00008,1004,Acceleration_Dynamics>=2;Curvature_Geometry>=1,Acceleration_Dynamics=3;Curvature_Geometry=1
MP00008,1049,Acceleration_Dynamics>=2;Curvature_Geometry>=1,Acceleration_Dynamics=3;Curvature_Geometry=3
MP00008,1071,Acceleration_Dynamics>=2;Curvature_Geometry>=1,Acceleration_Dynamics=2;Curvature_Geometry=1
MP00008,1112,Acceleration_Dynamics>=2;Curvature_Geometry>=1,Acceleration_Dynamics=2;Curvature_Geometry=2
MP00008,1116,Acceleration_Dynamics>=2;Curvature_Geometry>=1,Acceleration_Dynamics=2;Curvature_Geometry=1
MP00008,1174,Acceleration_Dynamics>=2;Curvature_Geometry>=1,Acceleration_Dynamics=3;Curvature_Geometry=2
MP00008,1179,Acceleration_Dynamics>=2;Curvature_Geometry>=1,Acceleration_Dynamics=3;Curvature_Geometry=3
MP00008,1195,Acceleration_Dynamics>=2;Curvature_Geometry>=1,Acceleration_Dynamics=3;Curvature_Geometry=2
MP00008,1201,Acceleration_Dynamics>=2;Curvature_Geometry>=1,Acceleration_Dynamics=2;Curvature_Geometry=2
MP00008,1228,Acceleration_Dynamics>=2;Curvature_Geometry>=1,Acceleration_Dynamics=2;Curvature_Geometry=3
MP00008,1232,Acceleration_Dynamics>=2;Curvature_Geometry>=1,Acceleration_Dynamics=2;Curvature_Geometry=1
MP00008,1255,Acceleration_Dynamics>=2;Curvature_Geometry>=1,Acceleration_Dynamics=3;Curvature_Geometry=3
MP00008,1298,Acceleration_Dynamics>=2;Curvature_Geometry>=1,Acceleration_Dynamics=3;Curvature_Geometry=3
MP00008,1314,Acceleration_Dynamics>=2;Curvature_Geometry>=1,Acceleration_Dynamics=2;Curvature_Geometry=2
MP00008,1464,Acceleration_Dynamics>=2;Curvature_Geometry>=1,Acceleration_Dynamics=2;Curvature_Geometry=3
MP00008,1476,Acceleration_Dynamics>=2;Curvature_Geometry>=1,Acceleration_Dynamics=3;Curvature_Geometry=1
MP00008,1530,Acceleration_Dynamics>=2;Curvature_Geometry>=1,Acceleration_Dynamics=2;Curvature_Geometry=2
