pair_id,node_a,node_b,n_features_a,n_features_b,features_a,features_b
Acceleration_Dynamics__x__Curvature_Coarse_Multiscale,Acceleration_Dynamics,Curvature_Coarse_Multiscale,19,6,acceleration_0s;acceleration_iqr;acceleration_kurt;acceleration_mad;acceleration_mean;acceleration_meanse;acceleration_quant_05;acceleration_quant_10;acceleration_quant_25;acceleration_quant_75;acceleration_quant_90;acceleration_quant_95;acceleration_quant_max;acceleration_quant_median;acceleration_quant_min;acceleration_range;acceleration_sd;acceleration_skew;acceleration_vcoef,distance_geometry_1_1;distance_geometry_2_1;distance_geometry_2_2;distance_geometry_3_1;distance_geometry_3_2;distance_geometry_3_3
Acceleration_Dynamics__x__Curvature_Fine_Multiscale,Acceleration_Dynamics,Curvature_Fine_Multiscale,19,9,acceleration_0s;acceleration_iqr;acceleration_kurt;acceleration_mad;acceleration_mean;acceleration_meanse;acceleration_quant_05;acceleration_quant_10;acceleration_quant_25;acceleration_quant_75;acceleration_quant_90;acceleration_quant_95;acceleration_quant_max;acceleration_quant_median;acceleration_quant_min;acceleration_range;acceleration_sd;acceleration_skew;acceleration_vcoef,distance_geometry_4_1;distance_geometry_4_2;distance_geometry_4_3;distance_geometry_4_4;distance_geometry_5_1;distance_geometry_5_2;distance_geometry_5_3;distance_geometry_5_4;distance_geometry_5_5
Acceleration_Dynamics__x__Curvature_Geometry,Acceleration_Dynamics,Curvature_Geometry,19,15,acceleration_0s;acceleration_iqr;acceleration_kurt;acceleration_mad;acceleration_mean;acceleration_meanse;acceleration_quant_05;acceleration_quant_10;acceleration_quant_25;acceleration_quant_75;acceleration_quant_90;acceleration_quant_95;acceleration_quant_max;acceleration_quant_median;acceleration_quant_min;acceleration_range;acceleration_sd;acceleration_skew;acceleration_vcoef,distance_geometry_1_1;distance_geometry_2_1;distance_geometry_2_2;distance_geometry_3_1;distance_geometry_3_2;distance_geometry_3_3;distance_geometry_4_1;distance_geometry_4_2;distance_geometry_4_3;distance_geometry_4_4;distance_geometry_5_1;distance_geometry_5_2;distance_geometry_5_3;distance_geometry_5_4;distance_geometry_5_5
Acceleration_Dynamics__x__Kinematic_Evolution,Acceleration_Dynamics,Kinematic_Evolution,19,8,acceleration_0s;acceleration_iqr;acceleration_kurt;acceleration_mad;acceleration_mean;acceleration_meanse;acceleration_quant_05;acceleration_quant_10;acceleration_quant_25;acceleration_quant_75;acceleration_quant_90;acceleration_quant_95;acceleration_quant_max;acceleration_quant_median;acceleration_quant_min;acceleration_range;acceleration_sd;acceleration_skew;acceleration_vcoef,acceleration_mean_first_half;acceleration_mean_half_diff;acceleration_mean_second_half;acceleration_progress_slope;speed_mean_first_half;speed_mean_half_diff;speed_mean_second_half;speed_progress_slope
Acceleration_Dynamics__x__Observation_Temporal_Support,Acceleration_Dynamics,Observation_Temporal_Support,19,6,acceleration_0s;acceleration_iqr;acceleration_kurt;acceleration_mad;acceleration_mean;acceleration_meanse;acceleration_quant_05;acceleration_quant_10;acceleration_quant_25;acceleration_quant_75;acceleration_quant_90;acceleration_quant_95;acceleration_quant_max;acceleration_quant_median;acceleration_quant_min;acceleration_range;acceleration_sd;acceleration_skew;acceleration_vcoef,duration_total_seconds;point_count;sampling_gap_cv;sampling_gap_iqr_seconds;sampling_gap_mean_seconds;sampling_gap_sd_seconds
Acceleration_Dynamics__x__Route_Efficiency,Acceleration_Dynamics,Route_Efficiency,19,3,acceleration_0s;acceleration_iqr;acceleration_kurt;acceleration_mad;acceleration_mean;acceleration_meanse;acceleration_quant_05;acceleration_quant_10;acceleration_quant_25;acceleration_quant_75;acceleration_quant_90;acceleration_quant_95;acceleration_quant_max;acceleration_quant_median;acceleration_quant_min;acceleration_range;acceleration_sd;acceleration_skew;acceleration_vcoef,directness_ratio;net_displacement_m;path_length_m
Acceleration_Dynamics__x__Spatial_Footprint,Acceleration_Dynamics,Spatial_Footprint,19,10,acceleration_0s;acceleration_iqr;acceleration_kurt;acceleration_mad;acceleration_mean;acceleration_meanse;acceleration_quant_05;acceleration_quant_10;acceleration_quant_25;acceleration_quant_75;acceleration_quant_90;acceleration_quant_95;acceleration_quant_max;acceleration_quant_median;acceleration_quant_min;acceleration_range;acceleration_sd;acceleration_skew;acceleration_vcoef,bbox_area_km2;bbox_diagonal_m;bbox_height_m;bbox_lat_span_deg;bbox_lon_span_deg;bbox_width_m;max_distance_to_centroid_m;mean_distance_to_centroid_m;median_distance_to_centroid_m;radius_of_gyration_m
Acceleration_Dynamics__x__Spatial_Reach_and_Route,Acceleration_Dynamics,Spatial_Reach_and_Route,19,13,acceleration_0s;acceleration_iqr;acceleration_kurt;acceleration_mad;acceleration_mean;acceleration_meanse;acceleration_quant_05;acceleration_quant_10;acceleration_quant_25;acceleration_quant_75;acceleration_quant_90;acceleration_quant_95;acceleration_quant_max;acceleration_quant_median;acceleration_quant_min;acceleration_range;acceleration_sd;acceleration_skew;acceleration_vcoef,bbox_area_km2;bbox_diagonal_m;bbox_height_m;bbox_lat_span_deg;bbox_lon_span_deg;bbox_width_m;directness_ratio;max_distance_to_centroid_m;mean_distance_to_centroid_m;median_distance_to_centroid_m;net_displacement_m;path_length_m;radius_of_gyration_m
Acceleration_Dynamics__x__Spatial_Sequence_Complexity,Acceleration_Dynamics,Spatial_Sequence_Complexity,19,5,acceleration_0s;acceleration_iqr;acceleration_kurt;acceleration_mad;acceleration_mean;acceleration_meanse;acceleration_quant_05;acceleration_quant_10;acceleration_quant_25;acceleration_quant_75;acceleration_quant_90;acceleration_quant_95;acceleration_quant_max;acceleration_quant_median;acceleration_quant_min;acceleration_range;acceleration_sd;acceleration_skew;acceleration_vcoef,angle_progress_slope;relative_grid_entropy_3x3;relative_grid_revisit_ratio_3x3;relative_grid_unique_cells_3x3;relative_transition_entropy_3x3
Acceleration_Dynamics__x__Speed_Dynamics,Acceleration_Dynamics,Speed_Dynamics,19,19,acceleration_0s;acceleration_iqr;acceleration_kurt;acceleration_mad;acceleration_mean;acceleration_meanse;acceleration_quant_05;acceleration_quant_10;acceleration_quant_25;acceleration_quant_75;acceleration_quant_90;acceleration_quant_95;acceleration_quant_max;acceleration_quant_median;acceleration_quant_min;acceleration_range;acceleration_sd;acceleration_skew;acceleration_vcoef,speed_0s;speed_iqr;speed_kurt;speed_mad;speed_mean;speed_meanse;speed_quant_05;speed_quant_10;speed_quant_25;speed_quant_75;speed_quant_90;speed_quant_95;speed_quant_max;speed_quant_median;speed_quant_min;speed_range;speed_sd;speed_skew;speed_vcoef
Acceleration_Dynamics__x__Speed_Level_Profile,Acceleration_Dynamics,Speed_Level_Profile,19,10,acceleration_0s;acceleration_iqr;acceleration_kurt;acceleration_mad;acceleration_mean;acceleration_meanse;acceleration_quant_05;acceleration_quant_10;acceleration_quant_25;acceleration_quant_75;acceleration_quant_90;acceleration_quant_95;acceleration_quant_max;acceleration_quant_median;acceleration_quant_min;acceleration_range;acceleration_sd;acceleration_skew;acceleration_vcoef,speed_mean;speed_quant_05;speed_quant_10;speed_quant_25;speed_quant_75;speed_quant_90;speed_quant_95;speed_quant_max;speed_quant_median;speed_quant_min
Acceleration_Dynamics__x__Speed_Variability_Shape,Acceleration_Dynamics,Speed_Variability_Shape,19,9,acceleration_0s;acceleration_iqr;acceleration_kurt;acceleration_mad;acceleration_mean;acceleration_meanse;acceleration_quant_05;acceleration_quant_10;acceleration_quant_25;acceleration_quant_75;acceleration_quant_90;acceleration_quant_95;acceleration_quant_max;acceleration_quant_median;acceleration_quant_min;acceleration_range;acceleration_sd;acceleration_skew;acceleration_vcoef,speed_0s;speed_iqr;speed_kurt;speed_mad;speed_meanse;speed_range;speed_sd;speed_skew;speed_vcoef
Acceleration_Dynamics__x__Temporal_Sequential_Context,Acceleration_Dynamics,Temporal_Sequential_Context,19,19,acceleration_0s;acceleration_iqr;acceleration_kurt;acceleration_mad;acceleration_mean;acceleration_meanse;acceleration_quant_05;acceleration_quant_10;acceleration_quant_25;acceleration_quant_75;acceleration_quant_90;acceleration_quant_95;acceleration_quant_max;acceleration_quant_median;acceleration_quant_min;acceleration_range;acceleration_sd;acceleration_skew;acceleration_vcoef,acceleration_mean_first_half;acceleration_mean_half_diff;acceleration_mean_second_half;acceleration_progress_slope;angle_progress_slope;duration_total_seconds;point_count;relative_grid_entropy_3x3;relative_grid_revisit_ratio_3x3;relative_grid_unique_cells_3x3;relative_transition_entropy_3x3;sampling_gap_cv;sampling_gap_iqr_seconds;sampling_gap_mean_seconds;sampling_gap_sd_seconds;speed_mean_first_half;speed_mean_half_diff;speed_mean_second_half;speed_progress_slope
Acceleration_Dynamics__x__Turning_Dynamics,Acceleration_Dynamics,Turning_Dynamics,19,19,acceleration_0s;acceleration_iqr;acceleration_kurt;acceleration_mad;acceleration_mean;acceleration_meanse;acceleration_quant_05;acceleration_quant_10;acceleration_quant_25;acceleration_quant_75;acceleration_quant_90;acceleration_quant_95;acceleration_quant_max;acceleration_quant_median;acceleration_quant_min;acceleration_range;acceleration_sd;acceleration_skew;acceleration_vcoef,angles_0s;angles_iqr;angles_kurt;angles_mad;angles_mean;angles_meanse;angles_quant_05;angles_quant_10;angles_quant_25;angles_quant_75;angles_quant_90;angles_quant_95;angles_quant_max;angles_quant_median;angles_quant_min;angles_range;angles_sd;angles_skew;angles_vcoef
Acceleration_Dynamics__x__Turning_Level_Profile,Acceleration_Dynamics,Turning_Level_Profile,19,10,acceleration_0s;acceleration_iqr;acceleration_kurt;acceleration_mad;acceleration_mean;acceleration_meanse;acceleration_quant_05;acceleration_quant_10;acceleration_quant_25;acceleration_quant_75;acceleration_quant_90;acceleration_quant_95;acceleration_quant_max;acceleration_quant_median;acceleration_quant_min;acceleration_range;acceleration_sd;acceleration_skew;acceleration_vcoef,angles_mean;angles_quant_05;angles_quant_10;angles_quant_25;angles_quant_75;angles_quant_90;angles_quant_95;angles_quant_max;angles_quant_median;angles_quant_min
Acceleration_Dynamics__x__Turning_Variability_Shape,Acceleration_Dynamics,Turning_Variability_Shape,19,9,acceleration_0s;acceleration_iqr;acceleration_kurt;acceleration_mad;acceleration_mean;acceleration_meanse;acceleration_quant_05;acceleration_quant_10;acceleration_quant_25;acceleration_quant_75;acceleration_quant_90;acceleration_quant_95;acceleration_quant_max;acceleration_quant_median;acceleration_quant_min;acceleration_range;acceleration_sd;acceleration_skew;acceleration_vcoef,angles_0s;angles_iqr;angles_kurt;angles_mad;angles_meanse;angles_range;angles_sd;angles_skew;angles_vcoef
Acceleration_Level_Profile__x__Acceleration_Variability_Shape,Acceleration_Level_Profile,Acceleration_Variability_Shape,10,9,acceleration_mean;acceleration_quant_05;acceleration_quant_10;acceleration_quant_25;acceleration_quant_75;acceleration_quant_90;acceleration_quant_95;acceleration_quant_max;acceleration_quant_median;acceleration_quant_min,acceleration_0s;acceleration_iqr;acceleration_kurt;acceleration_mad;acceleration_meanse;acceleration_range;acceleration_sd;acceleration_skew;acceleration_vcoef
Acceleration_Level_Profile__x__Curvature_Coarse_Multiscale,Acceleration_Level_Profile,Curvature_Coarse_Multiscale,10,6,acceleration_mean;acceleration_quant_05;acceleration_quant_10;acceleration_quant_25;acceleration_quant_75;acceleration_quant_90;acceleration_quant_95;acceleration_quant_max;acceleration_quant_median;acceleration_quant_min,distance_geometry_1_1;distance_geometry_2_1;distance_geometry_2_2;distance_geometry_3_1;distance_geometry_3_2;distance_geometry_3_3
Acceleration_Level_Profile__x__Curvature_Fine_Multiscale,Acceleration_Level_Profile,Curvature_Fine_Multiscale,10,9,acceleration_mean;acceleration_quant_05;acceleration_quant_10;acceleration_quant_25;acceleration_quant_75;acceleration_quant_90;acceleration_quant_95;acceleration_quant_max;acceleration_quant_median;acceleration_quant_min,distance_geometry_4_1;distance_geometry_4_2;distance_geometry_4_3;distance_geometry_4_4;distance_geometry_5_1;distance_geometry_5_2;distance_geometry_5_3;distance_geometry_5_4;distance_geometry_5_5
Acceleration_Level_Profile__x__Curvature_Geometry,Acceleration_Level_Profile,Curvature_Geometry,10,15,acceleration_mean;acceleration_quant_05;acceleration_quant_10;acceleration_quant_25;acceleration_quant_75;acceleration_quant_90;acceleration_quant_95;acceleration_quant_max;acceleration_quant_median;acceleration_quant_min,distance_geometry_1_1;distance_geometry_2_1;distance_geometry_2_2;distance_geometry_3_1;distance_geometry_3_2;distance_geometry_3_3;distance_geometry_4_1;distance_geometry_4_2;distance_geometry_4_3;distance_geometry_4_4;distance_geometry_5_1;distance_geometry_5_2;distance_geometry_5_3;distance_geometry_5_4;distance_geometry_5_5
Acceleration_Level_Profile__x__Kinematic_Evolution,Acceleration_Level_Profile,Kinematic_Evolution,10,8,acceleration_mean;acceleration_quant_05;acceleration_quant_10;acceleration_quant_25;acceleration_quant_75;acceleration_quant_90;acceleration_quant_95;acceleration_quant_max;acceleration_quant_median;acceleration_quant_min,acceleration_mean_first_half;acceleration_mean_half_diff;acceleration_mean_second_half;acceleration_progress_slope;speed_mean_first_half;speed_mean_half_diff;speed_mean_second_half;speed_progress_slope
Acceleration_Level_Profile__x__Observation_Temporal_Support,Acceleration_Level_Profile,Observation_Temporal_Support,10,6,acceleration_mean;acceleration_quant_05;acceleration_quant_10;acceleration_quant_25;acceleration_quant_75;acceleration_quant_90;acceleration_quant_95;acceleration_quant_max;acceleration_quant_median;acceleration_quant_min,duration_total_seconds;point_count;sampling_gap_cv;sampling_gap_iqr_seconds;sampling_gap_mean_seconds;sampling_gap_sd_seconds
Acceleration_Level_Profile__x__Route_Efficiency,Acceleration_Level_Profile,Route_Efficiency,10,3,acceleration_mean;acceleration_quant_05;acceleration_quant_10;acceleration_quant_25;acceleration_quant_75;acceleration_quant_90;acceleration_quant_95;acceleration_quant_max;acceleration_quant_median;acceleration_quant_min,directness_ratio;net_displacement_m;path_length_m
Acceleration_Level_Profile__x__Spatial_Footprint,Acceleration_Level_Profile,Spatial_Footprint,10,10,acceleration_mean;acceleration_quant_05;acceleration_quant_10;acceleration_quant_25;acceleration_quant_75;acceleration_quant_90;acceleration_quant_95;acceleration_quant_max;acceleration_quant_median;acceleration_quant_min,bbox_area_km2;bbox_diagonal_m;bbox_height_m;bbox_lat_span_deg;bbox_lon_span_deg;bbox_width_m;max_distance_to_centroid_m;mean_distance_to_centroid_m;median_distance_to_centroid_m;radius_of_gyration_m
Acceleration_Level_Profile__x__Spatial_Reach_and_Route,Acceleration_Level_Profile,Spatial_Reach_and_Route,10,13,acceleration_mean;acceleration_quant_05;acceleration_quant_10;acceleration_quant_25;acceleration_quant_75;acceleration_quant_90;acceleration_quant_95;acceleration_quant_max;acceleration_quant_median;acceleration_quant_min,bbox_area_km2;bbox_diagonal_m;bbox_height_m;bbox_lat_span_deg;bbox_lon_span_deg;bbox_width_m;directness_ratio;max_distance_to_centroid_m;mean_distance_to_centroid_m;median_distance_to_centroid_m;net_displacement_m;path_length_m;radius_of_gyration_m
Acceleration_Level_Profile__x__Spatial_Sequence_Complexity,Acceleration_Level_Profile,Spatial_Sequence_Complexity,10,5,acceleration_mean;acceleration_quant_05;acceleration_quant_10;acceleration_quant_25;acceleration_quant_75;acceleration_quant_90;acceleration_quant_95;acceleration_quant_max;acceleration_quant_median;acceleration_quant_min,angle_progress_slope;relative_grid_entropy_3x3;relative_grid_revisit_ratio_3x3;relative_grid_unique_cells_3x3;relative_transition_entropy_3x3
Acceleration_Level_Profile__x__Speed_Dynamics,Acceleration_Level_Profile,Speed_Dynamics,10,19,acceleration_mean;acceleration_quant_05;acceleration_quant_10;acceleration_quant_25;acceleration_quant_75;acceleration_quant_90;acceleration_quant_95;acceleration_quant_max;acceleration_quant_median;acceleration_quant_min,speed_0s;speed_iqr;speed_kurt;speed_mad;speed_mean;speed_meanse;speed_quant_05;speed_quant_10;speed_quant_25;speed_quant_75;speed_quant_90;speed_quant_95;speed_quant_max;speed_quant_median;speed_quant_min;speed_range;speed_sd;speed_skew;speed_vcoef
Acceleration_Level_Profile__x__Speed_Level_Profile,Acceleration_Level_Profile,Speed_Level_Profile,10,10,acceleration_mean;acceleration_quant_05;acceleration_quant_10;acceleration_quant_25;acceleration_quant_75;acceleration_quant_90;acceleration_quant_95;acceleration_quant_max;acceleration_quant_median;acceleration_quant_min,speed_mean;speed_quant_05;speed_quant_10;speed_quant_25;speed_quant_75;speed_quant_90;speed_quant_95;speed_quant_max;speed_quant_median;speed_quant_min
Acceleration_Level_Profile__x__Speed_Variability_Shape,Acceleration_Level_Profile,Speed_Variability_Shape,10,9,acceleration_mean;acceleration_quant_05;acceleration_quant_10;acceleration_quant_25;acceleration_quant_75;acceleration_quant_90;acceleration_quant_95;acceleration_quant_max;acceleration_quant_median;acceleration_quant_min,speed_0s;speed_iqr;speed_kurt;speed_mad;speed_meanse;speed_range;speed_sd;speed_skew;speed_vcoef
Acceleration_Level_Profile__x__Temporal_Sequential_Context,Acceleration_Level_Profile,Temporal_Sequential_Context,10,19,acceleration_mean;acceleration_quant_05;acceleration_quant_10;acceleration_quant_25;acceleration_quant_75;acceleration_quant_90;acceleration_quant_95;acceleration_quant_max;acceleration_quant_median;acceleration_quant_min,acceleration_mean_first_half;acceleration_mean_half_diff;acceleration_mean_second_half;acceleration_progress_slope;angle_progress_slope;duration_total_seconds;point_count;relative_grid_entropy_3x3;relative_grid_revisit_ratio_3x3;relative_grid_unique_cells_3x3;relative_transition_entropy_3x3;sampling_gap_cv;sampling_gap_iqr_seconds;sampling_gap_mean_seconds;sampling_gap_sd_seconds;speed_mean_first_half;speed_mean_half_diff;speed_mean_second_half;speed_progress_slope
Acceleration_Level_Profile__x__Turning_Dynamics,Acceleration_Level_Profile,Turning_Dynamics,10,19,acceleration_mean;acceleration_quant_05;acceleration_quant_10;acceleration_quant_25;acceleration_quant_75;acceleration_quant_90;acceleration_quant_95;acceleration_quant_max;acceleration_quant_median;acceleration_quant_min,angles_0s;angles_iqr;angles_kurt;angles_mad;angles_mean;angles_meanse;angles_quant_05;angles_quant_10;angles_quant_25;angles_quant_75;angles_quant_90;angles_quant_95;angles_quant_max;angles_quant_median;angles_quant_min;angles_range;angles_sd;angles_skew;angles_vcoef
Acceleration_Level_Profile__x__Turning_Level_Profile,Acceleration_Level_Profile,Turning_Level_Profile,10,10,acceleration_mean;acceleration_quant_05;acceleration_quant_10;acceleration_quant_25;acceleration_quant_75;acceleration_quant_90;acceleration_quant_95;acceleration_quant_max;acceleration_quant_median;acceleration_quant_min,angles_mean;angles_quant_05;angles_quant_10;angles_quant_25;angles_quant_75;angles_quant_90;angles_quant_95;angles_quant_max;angles_quant_median;angles_quant_min
Acceleration_Level_Profile__x__Turning_Variability_Shape,Acceleration_Level_Profile,Turning_Variability_Shape,10,9,acceleration_mean;acceleration_quant_05;acceleration_quant_10;acceleration_quant_25;acceleration_quant_75;acceleration_quant_90;acceleration_quant_95;acceleration_quant_max;acceleration_quant_median;acceleration_quant_min,angles_0s;angles_iqr;angles_kurt;angles_mad;angles_meanse;angles_range;angles_sd;angles_skew;angles_vcoef
Acceleration_Variability_Shape__x__Curvature_Coarse_Multiscale,Acceleration_Variability_Shape,Curvature_Coarse_Multiscale,9,6,acceleration_0s;acceleration_iqr;acceleration_kurt;acceleration_mad;acceleration_meanse;acceleration_range;acceleration_sd;acceleration_skew;acceleration_vcoef,distance_geometry_1_1;distance_geometry_2_1;distance_geometry_2_2;distance_geometry_3_1;distance_geometry_3_2;distance_geometry_3_3
Acceleration_Variability_Shape__x__Curvature_Fine_Multiscale,Acceleration_Variability_Shape,Curvature_Fine_Multiscale,9,9,acceleration_0s;acceleration_iqr;acceleration_kurt;acceleration_mad;acceleration_meanse;acceleration_range;acceleration_sd;acceleration_skew;acceleration_vcoef,distance_geometry_4_1;distance_geometry_4_2;distance_geometry_4_3;distance_geometry_4_4;distance_geometry_5_1;distance_geometry_5_2;distance_geometry_5_3;distance_geometry_5_4;distance_geometry_5_5
Acceleration_Variability_Shape__x__Curvature_Geometry,Acceleration_Variability_Shape,Curvature_Geometry,9,15,acceleration_0s;acceleration_iqr;acceleration_kurt;acceleration_mad;acceleration_meanse;acceleration_range;acceleration_sd;acceleration_skew;acceleration_vcoef,distance_geometry_1_1;distance_geometry_2_1;distance_geometry_2_2;distance_geometry_3_1;distance_geometry_3_2;distance_geometry_3_3;distance_geometry_4_1;distance_geometry_4_2;distance_geometry_4_3;distance_geometry_4_4;distance_geometry_5_1;distance_geometry_5_2;distance_geometry_5_3;distance_geometry_5_4;distance_geometry_5_5
Acceleration_Variability_Shape__x__Kinematic_Evolution,Acceleration_Variability_Shape,Kinematic_Evolution,9,8,acceleration_0s;acceleration_iqr;acceleration_kurt;acceleration_mad;acceleration_meanse;acceleration_range;acceleration_sd;acceleration_skew;acceleration_vcoef,acceleration_mean_first_half;acceleration_mean_half_diff;acceleration_mean_second_half;acceleration_progress_slope;speed_mean_first_half;speed_mean_half_diff;speed_mean_second_half;speed_progress_slope
Acceleration_Variability_Shape__x__Observation_Temporal_Support,Acceleration_Variability_Shape,Observation_Temporal_Support,9,6,acceleration_0s;acceleration_iqr;acceleration_kurt;acceleration_mad;acceleration_meanse;acceleration_range;acceleration_sd;acceleration_skew;acceleration_vcoef,duration_total_seconds;point_count;sampling_gap_cv;sampling_gap_iqr_seconds;sampling_gap_mean_seconds;sampling_gap_sd_seconds
Acceleration_Variability_Shape__x__Route_Efficiency,Acceleration_Variability_Shape,Route_Efficiency,9,3,acceleration_0s;acceleration_iqr;acceleration_kurt;acceleration_mad;acceleration_meanse;acceleration_range;acceleration_sd;acceleration_skew;acceleration_vcoef,directness_ratio;net_displacement_m;path_length_m
Acceleration_Variability_Shape__x__Spatial_Footprint,Acceleration_Variability_Shape,Spatial_Footprint,9,10,acceleration_0s;acceleration_iqr;acceleration_kurt;acceleration_mad;acceleration_meanse;acceleration_range;acceleration_sd;acceleration_skew;acceleration_vcoef,bbox_area_km2;bbox_diagonal_m;bbox_height_m;bbox_lat_span_deg;bbox_lon_span_deg;bbox_width_m;max_distance_to_centroid_m;mean_distance_to_centroid_m;median_distance_to_centroid_m;radius_of_gyration_m
Acceleration_Variability_Shape__x__Spatial_Reach_and_Route,Acceleration_Variability_Shape,Spatial_Reach_and_Route,9,13,acceleration_0s;acceleration_iqr;acceleration_kurt;acceleration_mad;acceleration_meanse;acceleration_range;acceleration_sd;acceleration_skew;acceleration_vcoef,bbox_area_km2;bbox_diagonal_m;bbox_height_m;bbox_lat_span_deg;bbox_lon_span_deg;bbox_width_m;directness_ratio;max_distance_to_centroid_m;mean_distance_to_centroid_m;median_distance_to_centroid_m;net_displacement_m;path_length_m;radius_of_gyration_m
Acceleration_Variability_Shape__x__Spatial_Sequence_Complexity,Acceleration_Variability_Shape,Spatial_Sequence_Complexity,9,5,acceleration_0s;acceleration_iqr;acceleration_kurt;acceleration_mad;acceleration_meanse;acceleration_range;acceleration_sd;acceleration_skew;acceleration_vcoef,angle_progress_slope;relative_grid_entropy_3x3;relative_grid_revisit_ratio_3x3;relative_grid_unique_cells_3x3;relative_transition_entropy_3x3
Acceleration_Variability_Shape__x__Speed_Dynamics,Acceleration_Variability_Shape,Speed_Dynamics,9,19,acceleration_0s;acceleration_iqr;acceleration_kurt;acceleration_mad;acceleration_meanse;acceleration_range;acceleration_sd;acceleration_skew;acceleration_vcoef,speed_0s;speed_iqr;speed_kurt;speed_mad;speed_mean;speed_meanse;speed_quant_05;speed_quant_10;speed_quant_25;speed_quant_75;speed_quant_90;speed_quant_95;speed_quant_max;speed_quant_median;speed_quant_min;speed_range;speed_sd;speed_skew;speed_vcoef
Acceleration_Variability_Shape__x__Speed_Level_Profile,Acceleration_Variability_Shape,Speed_Level_Profile,9,10,acceleration_0s;acceleration_iqr;acceleration_kurt;acceleration_mad;acceleration_meanse;acceleration_range;acceleration_sd;acceleration_skew;acceleration_vcoef,speed_mean;speed_quant_05;speed_quant_10;speed_quant_25;speed_quant_75;speed_quant_90;speed_quant_95;speed_quant_max;speed_quant_median;speed_quant_min
Acceleration_Variability_Shape__x__Speed_Variability_Shape,Acceleration_Variability_Shape,Speed_Variability_Shape,9,9,acceleration_0s;acceleration_iqr;acceleration_kurt;acceleration_mad;acceleration_meanse;acceleration_range;acceleration_sd;acceleration_skew;acceleration_vcoef,speed_0s;speed_iqr;speed_kurt;speed_mad;speed_meanse;speed_range;speed_sd;speed_skew;speed_vcoef
Acceleration_Variability_Shape__x__Temporal_Sequential_Context,Acceleration_Variability_Shape,Temporal_Sequential_Context,9,19,acceleration_0s;acceleration_iqr;acceleration_kurt;acceleration_mad;acceleration_meanse;acceleration_range;acceleration_sd;acceleration_skew;acceleration_vcoef,acceleration_mean_first_half;acceleration_mean_half_diff;acceleration_mean_second_half;acceleration_progress_slope;angle_progress_slope;duration_total_seconds;point_count;relative_grid_entropy_3x3;relative_grid_revisit_ratio_3x3;relative_grid_unique_cells_3x3;relative_transition_entropy_3x3;sampling_gap_cv;sampling_gap_iqr_seconds;sampling_gap_mean_seconds;sampling_gap_sd_seconds;speed_mean_first_half;speed_mean_half_diff;speed_mean_second_half;speed_progress_slope
Acceleration_Variability_Shape__x__Turning_Dynamics,Acceleration_Variability_Shape,Turning_Dynamics,9,19,acceleration_0s;acceleration_iqr;acceleration_kurt;acceleration_mad;acceleration_meanse;acceleration_range;acceleration_sd;acceleration_skew;acceleration_vcoef,angles_0s;angles_iqr;angles_kurt;angles_mad;angles_mean;angles_meanse;angles_quant_05;angles_quant_10;angles_quant_25;angles_quant_75;angles_quant_90;angles_quant_95;angles_quant_max;angles_quant_median;angles_quant_min;angles_range;angles_sd;angles_skew;angles_vcoef
Acceleration_Variability_Shape__x__Turning_Level_Profile,Acceleration_Variability_Shape,Turning_Level_Profile,9,10,acceleration_0s;acceleration_iqr;acceleration_kurt;acceleration_mad;acceleration_meanse;acceleration_range;acceleration_sd;acceleration_skew;acceleration_vcoef,angles_mean;angles_quant_05;angles_quant_10;angles_quant_25;angles_quant_75;angles_quant_90;angles_quant_95;angles_quant_max;angles_quant_median;angles_quant_min
Acceleration_Variability_Shape__x__Turning_Variability_Shape,Acceleration_Variability_Shape,Turning_Variability_Shape,9,9,acceleration_0s;acceleration_iqr;acceleration_kurt;acceleration_mad;acceleration_meanse;acceleration_range;acceleration_sd;acceleration_skew;acceleration_vcoef,angles_0s;angles_iqr;angles_kurt;angles_mad;angles_meanse;angles_range;angles_sd;angles_skew;angles_vcoef
Curvature_Coarse_Multiscale__x__Curvature_Fine_Multiscale,Curvature_Coarse_Multiscale,Curvature_Fine_Multiscale,6,9,distance_geometry_1_1;distance_geometry_2_1;distance_geometry_2_2;distance_geometry_3_1;distance_geometry_3_2;distance_geometry_3_3,distance_geometry_4_1;distance_geometry_4_2;distance_geometry_4_3;distance_geometry_4_4;distance_geometry_5_1;distance_geometry_5_2;distance_geometry_5_3;distance_geometry_5_4;distance_geometry_5_5
Curvature_Coarse_Multiscale__x__Kinematic_Evolution,Curvature_Coarse_Multiscale,Kinematic_Evolution,6,8,distance_geometry_1_1;distance_geometry_2_1;distance_geometry_2_2;distance_geometry_3_1;distance_geometry_3_2;distance_geometry_3_3,acceleration_mean_first_half;acceleration_mean_half_diff;acceleration_mean_second_half;acceleration_progress_slope;speed_mean_first_half;speed_mean_half_diff;speed_mean_second_half;speed_progress_slope
Curvature_Coarse_Multiscale__x__Observation_Temporal_Support,Curvature_Coarse_Multiscale,Observation_Temporal_Support,6,6,distance_geometry_1_1;distance_geometry_2_1;distance_geometry_2_2;distance_geometry_3_1;distance_geometry_3_2;distance_geometry_3_3,duration_total_seconds;point_count;sampling_gap_cv;sampling_gap_iqr_seconds;sampling_gap_mean_seconds;sampling_gap_sd_seconds
Curvature_Coarse_Multiscale__x__Route_Efficiency,Curvature_Coarse_Multiscale,Route_Efficiency,6,3,distance_geometry_1_1;distance_geometry_2_1;distance_geometry_2_2;distance_geometry_3_1;distance_geometry_3_2;distance_geometry_3_3,directness_ratio;net_displacement_m;path_length_m
Curvature_Coarse_Multiscale__x__Spatial_Footprint,Curvature_Coarse_Multiscale,Spatial_Footprint,6,10,distance_geometry_1_1;distance_geometry_2_1;distance_geometry_2_2;distance_geometry_3_1;distance_geometry_3_2;distance_geometry_3_3,bbox_area_km2;bbox_diagonal_m;bbox_height_m;bbox_lat_span_deg;bbox_lon_span_deg;bbox_width_m;max_distance_to_centroid_m;mean_distance_to_centroid_m;median_distance_to_centroid_m;radius_of_gyration_m
Curvature_Coarse_Multiscale__x__Spatial_Reach_and_Route,Curvature_Coarse_Multiscale,Spatial_Reach_and_Route,6,13,distance_geometry_1_1;distance_geometry_2_1;distance_geometry_2_2;distance_geometry_3_1;distance_geometry_3_2;distance_geometry_3_3,bbox_area_km2;bbox_diagonal_m;bbox_height_m;bbox_lat_span_deg;bbox_lon_span_deg;bbox_width_m;directness_ratio;max_distance_to_centroid_m;mean_distance_to_centroid_m;median_distance_to_centroid_m;net_displacement_m;path_length_m;radius_of_gyration_m
Curvature_Coarse_Multiscale__x__Spatial_Sequence_Complexity,Curvature_Coarse_Multiscale,Spatial_Sequence_Complexity,6,5,distance_geometry_1_1;distance_geometry_2_1;distance_geometry_2_2;distance_geometry_3_1;distance_geometry_3_2;distance_geometry_3_3,angle_progress_slope;relative_grid_entropy_3x3;relative_grid_revisit_ratio_3x3;relative_grid_unique_cells_3x3;relative_transition_entropy_3x3
Curvature_Coarse_Multiscale__x__Speed_Dynamics,Curvature_Coarse_Multiscale,Speed_Dynamics,6,19,distance_geometry_1_1;distance_geometry_2_1;distance_geometry_2_2;distance_geometry_3_1;distance_geometry_3_2;distance_geometry_3_3,speed_0s;speed_iqr;speed_kurt;speed_mad;speed_mean;speed_meanse;speed_quant_05;speed_quant_10;speed_quant_25;speed_quant_75;speed_quant_90;speed_quant_95;speed_quant_max;speed_quant_median;speed_quant_min;speed_range;speed_sd;speed_skew;speed_vcoef
Curvature_Coarse_Multiscale__x__Speed_Level_Profile,Curvature_Coarse_Multiscale,Speed_Level_Profile,6,10,distance_geometry_1_1;distance_geometry_2_1;distance_geometry_2_2;distance_geometry_3_1;distance_geometry_3_2;distance_geometry_3_3,speed_mean;speed_quant_05;speed_quant_10;speed_quant_25;speed_quant_75;speed_quant_90;speed_quant_95;speed_quant_max;speed_quant_median;speed_quant_min
Curvature_Coarse_Multiscale__x__Speed_Variability_Shape,Curvature_Coarse_Multiscale,Speed_Variability_Shape,6,9,distance_geometry_1_1;distance_geometry_2_1;distance_geometry_2_2;distance_geometry_3_1;distance_geometry_3_2;distance_geometry_3_3,speed_0s;speed_iqr;speed_kurt;speed_mad;speed_meanse;speed_range;speed_sd;speed_skew;speed_vcoef
Curvature_Coarse_Multiscale__x__Temporal_Sequential_Context,Curvature_Coarse_Multiscale,Temporal_Sequential_Context,6,19,distance_geometry_1_1;distance_geometry_2_1;distance_geometry_2_2;distance_geometry_3_1;distance_geometry_3_2;distance_geometry_3_3,acceleration_mean_first_half;acceleration_mean_half_diff;acceleration_mean_second_half;acceleration_progress_slope;angle_progress_slope;duration_total_seconds;point_count;relative_grid_entropy_3x3;relative_grid_revisit_ratio_3x3;relative_grid_unique_cells_3x3;relative_transition_entropy_3x3;sampling_gap_cv;sampling_gap_iqr_seconds;sampling_gap_mean_seconds;sampling_gap_sd_seconds;speed_mean_first_half;speed_mean_half_diff;speed_mean_second_half;speed_progress_slope
Curvature_Coarse_Multiscale__x__Turning_Dynamics,Curvature_Coarse_Multiscale,Turning_Dynamics,6,19,distance_geometry_1_1;distance_geometry_2_1;distance_geometry_2_2;distance_geometry_3_1;distance_geometry_3_2;distance_geometry_3_3,angles_0s;angles_iqr;angles_kurt;angles_mad;angles_mean;angles_meanse;angles_quant_05;angles_quant_10;angles_quant_25;angles_quant_75;angles_quant_90;angles_quant_95;angles_quant_max;angles_quant_median;angles_quant_min;angles_range;angles_sd;angles_skew;angles_vcoef
Curvature_Coarse_Multiscale__x__Turning_Level_Profile,Curvature_Coarse_Multiscale,Turning_Level_Profile,6,10,distance_geometry_1_1;distance_geometry_2_1;distance_geometry_2_2;distance_geometry_3_1;distance_geometry_3_2;distance_geometry_3_3,angles_mean;angles_quant_05;angles_quant_10;angles_quant_25;angles_quant_75;angles_quant_90;angles_quant_95;angles_quant_max;angles_quant_median;angles_quant_min
Curvature_Coarse_Multiscale__x__Turning_Variability_Shape,Curvature_Coarse_Multiscale,Turning_Variability_Shape,6,9,distance_geometry_1_1;distance_geometry_2_1;distance_geometry_2_2;distance_geometry_3_1;distance_geometry_3_2;distance_geometry_3_3,angles_0s;angles_iqr;angles_kurt;angles_mad;angles_meanse;angles_range;angles_sd;angles_skew;angles_vcoef
Curvature_Fine_Multiscale__x__Kinematic_Evolution,Curvature_Fine_Multiscale,Kinematic_Evolution,9,8,distance_geometry_4_1;distance_geometry_4_2;distance_geometry_4_3;distance_geometry_4_4;distance_geometry_5_1;distance_geometry_5_2;distance_geometry_5_3;distance_geometry_5_4;distance_geometry_5_5,acceleration_mean_first_half;acceleration_mean_half_diff;acceleration_mean_second_half;acceleration_progress_slope;speed_mean_first_half;speed_mean_half_diff;speed_mean_second_half;speed_progress_slope
Curvature_Fine_Multiscale__x__Observation_Temporal_Support,Curvature_Fine_Multiscale,Observation_Temporal_Support,9,6,distance_geometry_4_1;distance_geometry_4_2;distance_geometry_4_3;distance_geometry_4_4;distance_geometry_5_1;distance_geometry_5_2;distance_geometry_5_3;distance_geometry_5_4;distance_geometry_5_5,duration_total_seconds;point_count;sampling_gap_cv;sampling_gap_iqr_seconds;sampling_gap_mean_seconds;sampling_gap_sd_seconds
Curvature_Fine_Multiscale__x__Route_Efficiency,Curvature_Fine_Multiscale,Route_Efficiency,9,3,distance_geometry_4_1;distance_geometry_4_2;distance_geometry_4_3;distance_geometry_4_4;distance_geometry_5_1;distance_geometry_5_2;distance_geometry_5_3;distance_geometry_5_4;distance_geometry_5_5,directness_ratio;net_displacement_m;path_length_m
Curvature_Fine_Multiscale__x__Spatial_Footprint,Curvature_Fine_Multiscale,Spatial_Footprint,9,10,distance_geometry_4_1;distance_geometry_4_2;distance_geometry_4_3;distance_geometry_4_4;distance_geometry_5_1;distance_geometry_5_2;distance_geometry_5_3;distance_geometry_5_4;distance_geometry_5_5,bbox_area_km2;bbox_diagonal_m;bbox_height_m;bbox_lat_span_deg;bbox_lon_span_deg;bbox_width_m;max_distance_to_centroid_m;mean_distance_to_centroid_m;median_distance_to_centroid_m;radius_of_gyration_m
Curvature_Fine_Multiscale__x__Spatial_Reach_and_Route,Curvature_Fine_Multiscale,Spatial_Reach_and_Route,9,13,distance_geometry_4_1;distance_geometry_4_2;distance_geometry_4_3;distance_geometry_4_4;distance_geometry_5_1;distance_geometry_5_2;distance_geometry_5_3;distance_geometry_5_4;distance_geometry_5_5,bbox_area_km2;bbox_diagonal_m;bbox_height_m;bbox_lat_span_deg;bbox_lon_span_deg;bbox_width_m;directness_ratio;max_distance_to_centroid_m;mean_distance_to_centroid_m;median_distance_to_centroid_m;net_displacement_m;path_length_m;radius_of_gyration_m
Curvature_Fine_Multiscale__x__Spatial_Sequence_Complexity,Curvature_Fine_Multiscale,Spatial_Sequence_Complexity,9,5,distance_geometry_4_1;distance_geometry_4_2;distance_geometry_4_3;distance_geometry_4_4;distance_geometry_5_1;distance_geometry_5_2;distance_geometry_5_3;distance_geometry_5_4;distance_geometry_5_5,angle_progress_slope;relative_grid_entropy_3x3;relative_grid_revisit_ratio_3x3;relative_grid_unique_cells_3x3;relative_transition_entropy_3x3
Curvature_Fine_Multiscale__x__Speed_Dynamics,Curvature_Fine_Multiscale,Speed_Dynamics,9,19,distance_geometry_4_1;distance_geometry_4_2;distance_geometry_4_3;distance_geometry_4_4;distance_geometry_5_1;distance_geometry_5_2;distance_geometry_5_3;distance_geometry_5_4;distance_geometry_5_5,speed_0s;speed_iqr;speed_kurt;speed_mad;speed_mean;speed_meanse;speed_quant_05;speed_quant_10;speed_quant_25;speed_quant_75;speed_quant_90;speed_quant_95;speed_quant_max;speed_quant_median;speed_quant_min;speed_range;speed_sd;speed_skew;speed_vcoef
Curvature_Fine_Multiscale__x__Speed_Level_Profile,Curvature_Fine_Multiscale,Speed_Level_Profile,9,10,distance_geometry_4_1;distance_geometry_4_2;distance_geometry_4_3;distance_geometry_4_4;distance_geometry_5_1;distance_geometry_5_2;distance_geometry_5_3;distance_geometry_5_4;distance_geometry_5_5,speed_mean;speed_quant_05;speed_quant_10;speed_quant_25;speed_quant_75;speed_quant_90;speed_quant_95;speed_quant_max;speed_quant_median;speed_quant_min
Curvature_Fine_Multiscale__x__Speed_Variability_Shape,Curvature_Fine_Multiscale,Speed_Variability_Shape,9,9,distance_geometry_4_1;distance_geometry_4_2;distance_geometry_4_3;distance_geometry_4_4;distance_geometry_5_1;distance_geometry_5_2;distance_geometry_5_3;distance_geometry_5_4;distance_geometry_5_5,speed_0s;speed_iqr;speed_kurt;speed_mad;speed_meanse;speed_range;speed_sd;speed_skew;speed_vcoef
Curvature_Fine_Multiscale__x__Temporal_Sequential_Context,Curvature_Fine_Multiscale,Temporal_Sequential_Context,9,19,distance_geometry_4_1;distance_geometry_4_2;distance_geometry_4_3;distance_geometry_4_4;distance_geometry_5_1;distance_geometry_5_2;distance_geometry_5_3;distance_geometry_5_4;distance_geometry_5_5,acceleration_mean_first_half;acceleration_mean_half_diff;acceleration_mean_second_half;acceleration_progress_slope;angle_progress_slope;duration_total_seconds;point_count;relative_grid_entropy_3x3;relative_grid_revisit_ratio_3x3;relative_grid_unique_cells_3x3;relative_transition_entropy_3x3;sampling_gap_cv;sampling_gap_iqr_seconds;sampling_gap_mean_seconds;sampling_gap_sd_seconds;speed_mean_first_half;speed_mean_half_diff;speed_mean_second_half;speed_progress_slope
Curvature_Fine_Multiscale__x__Turning_Dynamics,Curvature_Fine_Multiscale,Turning_Dynamics,9,19,distance_geometry_4_1;distance_geometry_4_2;distance_geometry_4_3;distance_geometry_4_4;distance_geometry_5_1;distance_geometry_5_2;distance_geometry_5_3;distance_geometry_5_4;distance_geometry_5_5,angles_0s;angles_iqr;angles_kurt;angles_mad;angles_mean;angles_meanse;angles_quant_05;angles_quant_10;angles_quant_25;angles_quant_75;angles_quant_90;angles_quant_95;angles_quant_max;angles_quant_median;angles_quant_min;angles_range;angles_sd;angles_skew;angles_vcoef
Curvature_Fine_Multiscale__x__Turning_Level_Profile,Curvature_Fine_Multiscale,Turning_Level_Profile,9,10,distance_geometry_4_1;distance_geometry_4_2;distance_geometry_4_3;distance_geometry_4_4;distance_geometry_5_1;distance_geometry_5_2;distance_geometry_5_3;distance_geometry_5_4;distance_geometry_5_5,angles_mean;angles_quant_05;angles_quant_10;angles_quant_25;angles_quant_75;angles_quant_90;angles_quant_95;angles_quant_max;angles_quant_median;angles_quant_min
Curvature_Fine_Multiscale__x__Turning_Variability_Shape,Curvature_Fine_Multiscale,Turning_Variability_Shape,9,9,distance_geometry_4_1;distance_geometry_4_2;distance_geometry_4_3;distance_geometry_4_4;distance_geometry_5_1;distance_geometry_5_2;distance_geometry_5_3;distance_geometry_5_4;distance_geometry_5_5,angles_0s;angles_iqr;angles_kurt;angles_mad;angles_meanse;angles_range;angles_sd;angles_skew;angles_vcoef
Curvature_Geometry__x__Kinematic_Evolution,Curvature_Geometry,Kinematic_Evolution,15,8,distance_geometry_1_1;distance_geometry_2_1;distance_geometry_2_2;distance_geometry_3_1;distance_geometry_3_2;distance_geometry_3_3;distance_geometry_4_1;distance_geometry_4_2;distance_geometry_4_3;distance_geometry_4_4;distance_geometry_5_1;distance_geometry_5_2;distance_geometry_5_3;distance_geometry_5_4;distance_geometry_5_5,acceleration_mean_first_half;acceleration_mean_half_diff;acceleration_mean_second_half;acceleration_progress_slope;speed_mean_first_half;speed_mean_half_diff;speed_mean_second_half;speed_progress_slope
Curvature_Geometry__x__Observation_Temporal_Support,Curvature_Geometry,Observation_Temporal_Support,15,6,distance_geometry_1_1;distance_geometry_2_1;distance_geometry_2_2;distance_geometry_3_1;distance_geometry_3_2;distance_geometry_3_3;distance_geometry_4_1;distance_geometry_4_2;distance_geometry_4_3;distance_geometry_4_4;distance_geometry_5_1;distance_geometry_5_2;distance_geometry_5_3;distance_geometry_5_4;distance_geometry_5_5,duration_total_seconds;point_count;sampling_gap_cv;sampling_gap_iqr_seconds;sampling_gap_mean_seconds;sampling_gap_sd_seconds
Curvature_Geometry__x__Route_Efficiency,Curvature_Geometry,Route_Efficiency,15,3,distance_geometry_1_1;distance_geometry_2_1;distance_geometry_2_2;distance_geometry_3_1;distance_geometry_3_2;distance_geometry_3_3;distance_geometry_4_1;distance_geometry_4_2;distance_geometry_4_3;distance_geometry_4_4;distance_geometry_5_1;distance_geometry_5_2;distance_geometry_5_3;distance_geometry_5_4;distance_geometry_5_5,directness_ratio;net_displacement_m;path_length_m
Curvature_Geometry__x__Spatial_Footprint,Curvature_Geometry,Spatial_Footprint,15,10,distance_geometry_1_1;distance_geometry_2_1;distance_geometry_2_2;distance_geometry_3_1;distance_geometry_3_2;distance_geometry_3_3;distance_geometry_4_1;distance_geometry_4_2;distance_geometry_4_3;distance_geometry_4_4;distance_geometry_5_1;distance_geometry_5_2;distance_geometry_5_3;distance_geometry_5_4;distance_geometry_5_5,bbox_area_km2;bbox_diagonal_m;bbox_height_m;bbox_lat_span_deg;bbox_lon_span_deg;bbox_width_m;max_distance_to_centroid_m;mean_distance_to_centroid_m;median_distance_to_centroid_m;radius_of_gyration_m
Curvature_Geometry__x__Spatial_Reach_and_Route,Curvature_Geometry,Spatial_Reach_and_Route,15,13,distance_geometry_1_1;distance_geometry_2_1;distance_geometry_2_2;distance_geometry_3_1;distance_geometry_3_2;distance_geometry_3_3;distance_geometry_4_1;distance_geometry_4_2;distance_geometry_4_3;distance_geometry_4_4;distance_geometry_5_1;distance_geometry_5_2;distance_geometry_5_3;distance_geometry_5_4;distance_geometry_5_5,bbox_area_km2;bbox_diagonal_m;bbox_height_m;bbox_lat_span_deg;bbox_lon_span_deg;bbox_width_m;directness_ratio;max_distance_to_centroid_m;mean_distance_to_centroid_m;median_distance_to_centroid_m;net_displacement_m;path_length_m;radius_of_gyration_m
Curvature_Geometry__x__Spatial_Sequence_Complexity,Curvature_Geometry,Spatial_Sequence_Complexity,15,5,distance_geometry_1_1;distance_geometry_2_1;distance_geometry_2_2;distance_geometry_3_1;distance_geometry_3_2;distance_geometry_3_3;distance_geometry_4_1;distance_geometry_4_2;distance_geometry_4_3;distance_geometry_4_4;distance_geometry_5_1;distance_geometry_5_2;distance_geometry_5_3;distance_geometry_5_4;distance_geometry_5_5,angle_progress_slope;relative_grid_entropy_3x3;relative_grid_revisit_ratio_3x3;relative_grid_unique_cells_3x3;relative_transition_entropy_3x3
Curvature_Geometry__x__Speed_Dynamics,Curvature_Geometry,Speed_Dynamics,15,19,distance_geometry_1_1;distance_geometry_2_1;distance_geometry_2_2;distance_geometry_3_1;distance_geometry_3_2;distance_geometry_3_3;distance_geometry_4_1;distance_geometry_4_2;distance_geometry_4_3;distance_geometry_4_4;distance_geometry_5_1;distance_geometry_5_2;distance_geometry_5_3;distance_geometry_5_4;distance_geometry_5_5,speed_0s;speed_iqr;speed_kurt;speed_mad;speed_mean;speed_meanse;speed_quant_05;speed_quant_10;speed_quant_25;speed_quant_75;speed_quant_90;speed_quant_95;speed_quant_max;speed_quant_median;speed_quant_min;speed_range;speed_sd;speed_skew;speed_vcoef
Curvature_Geometry__x__Speed_Level_Profile,Curvature_Geometry,Speed_Level_Profile,15,10,distance_geometry_1_1;distance_geometry_2_1;distance_geometry_2_2;distance_geometry_3_1;distance_geometry_3_2;distance_geometry_3_3;distance_geometry_4_1;distance_geometry_4_2;distance_geometry_4_3;distance_geometry_4_4;distance_geometry_5_1;distance_geometry_5_2;distance_geometry_5_3;distance_geometry_5_4;distance_geometry_5_5,speed_mean;speed_quant_05;speed_quant_10;speed_quant_25;speed_quant_75;speed_quant_90;speed_quant_95;speed_quant_max;speed_quant_median;speed_quant_min
Curvature_Geometry__x__Speed_Variability_Shape,Curvature_Geometry,Speed_Variability_Shape,15,9,distance_geometry_1_1;distance_geometry_2_1;distance_geometry_2_2;distance_geometry_3_1;distance_geometry_3_2;distance_geometry_3_3;distance_geometry_4_1;distance_geometry_4_2;distance_geometry_4_3;distance_geometry_4_4;distance_geometry_5_1;distance_geometry_5_2;distance_geometry_5_3;distance_geometry_5_4;distance_geometry_5_5,speed_0s;speed_iqr;speed_kurt;speed_mad;speed_meanse;speed_range;speed_sd;speed_skew;speed_vcoef
Curvature_Geometry__x__Temporal_Sequential_Context,Curvature_Geometry,Temporal_Sequential_Context,15,19,distance_geometry_1_1;distance_geometry_2_1;distance_geometry_2_2;distance_geometry_3_1;distance_geometry_3_2;distance_geometry_3_3;distance_geometry_4_1;distance_geometry_4_2;distance_geometry_4_3;distance_geometry_4_4;distance_geometry_5_1;distance_geometry_5_2;distance_geometry_5_3;distance_geometry_5_4;distance_geometry_5_5,acceleration_mean_first_half;acceleration_mean_half_diff;acceleration_mean_second_half;acceleration_progress_slope;angle_progress_slope;duration_total_seconds;point_count;relative_grid_entropy_3x3;relative_grid_revisit_ratio_3x3;relative_grid_unique_cells_3x3;relative_transition_entropy_3x3;sampling_gap_cv;sampling_gap_iqr_seconds;sampling_gap_mean_seconds;sampling_gap_sd_seconds;speed_mean_first_half;speed_mean_half_diff;speed_mean_second_half;speed_progress_slope
Curvature_Geometry__x__Turning_Dynamics,Curvature_Geometry,Turning_Dynamics,15,19,distance_geometry_1_1;distance_geometry_2_1;distance_geometry_2_2;distance_geometry_3_1;distance_geometry_3_2;distance_geometry_3_3;distance_geometry_4_1;distance_geometry_4_2;distance_geometry_4_3;distance_geometry_4_4;distance_geometry_5_1;distance_geometry_5_2;distance_geometry_5_3;distance_geometry_5_4;distance_geometry_5_5,angles_0s;angles_iqr;angles_kurt;angles_mad;angles_mean;angles_meanse;angles_quant_05;angles_quant_10;angles_quant_25;angles_quant_75;angles_quant_90;angles_quant_95;angles_quant_max;angles_quant_median;angles_quant_min;angles_range;angles_sd;angles_skew;angles_vcoef
Curvature_Geometry__x__Turning_Level_Profile,Curvature_Geometry,Turning_Level_Profile,15,10,distance_geometry_1_1;distance_geometry_2_1;distance_geometry_2_2;distance_geometry_3_1;distance_geometry_3_2;distance_geometry_3_3;distance_geometry_4_1;distance_geometry_4_2;distance_geometry_4_3;distance_geometry_4_4;distance_geometry_5_1;distance_geometry_5_2;distance_geometry_5_3;distance_geometry_5_4;distance_geometry_5_5,angles_mean;angles_quant_05;angles_quant_10;angles_quant_25;angles_quant_75;angles_quant_90;angles_quant_95;angles_quant_max;angles_quant_median;angles_quant_min
Curvature_Geometry__x__Turning_Variability_Shape,Curvature_Geometry,Turning_Variability_Shape,15,9,distance_geometry_1_1;distance_geometry_2_1;distance_geometry_2_2;distance_geometry_3_1;distance_geometry_3_2;distance_geometry_3_3;distance_geometry_4_1;distance_geometry_4_2;distance_geometry_4_3;distance_geometry_4_4;distance_geometry_5_1;distance_geometry_5_2;distance_geometry_5_3;distance_geometry_5_4;distance_geometry_5_5,angles_0s;angles_iqr;angles_kurt;angles_mad;angles_meanse;angles_range;angles_sd;angles_skew;angles_vcoef
Kinematic_Evolution__x__Observation_Temporal_Support,Kinematic_Evolution,Observation_Temporal_Support,8,6,acceleration_mean_first_half;acceleration_mean_half_diff;acceleration_mean_second_half;acceleration_progress_slope;speed_mean_first_half;speed_mean_half_diff;speed_mean_second_half;speed_progress_slope,duration_total_seconds;point_count;sampling_gap_cv;sampling_gap_iqr_seconds;sampling_gap_mean_seconds;sampling_gap_sd_seconds
Kinematic_Evolution__x__Route_Efficiency,Kinematic_Evolution,Route_Efficiency,8,3,acceleration_mean_first_half;acceleration_mean_half_diff;acceleration_mean_second_half;acceleration_progress_slope;speed_mean_first_half;speed_mean_half_diff;speed_mean_second_half;speed_progress_slope,directness_ratio;net_displacement_m;path_length_m
Kinematic_Evolution__x__Spatial_Footprint,Kinematic_Evolution,Spatial_Footprint,8,10,acceleration_mean_first_half;acceleration_mean_half_diff;acceleration_mean_second_half;acceleration_progress_slope;speed_mean_first_half;speed_mean_half_diff;speed_mean_second_half;speed_progress_slope,bbox_area_km2;bbox_diagonal_m;bbox_height_m;bbox_lat_span_deg;bbox_lon_span_deg;bbox_width_m;max_distance_to_centroid_m;mean_distance_to_centroid_m;median_distance_to_centroid_m;radius_of_gyration_m
Kinematic_Evolution__x__Spatial_Reach_and_Route,Kinematic_Evolution,Spatial_Reach_and_Route,8,13,acceleration_mean_first_half;acceleration_mean_half_diff;acceleration_mean_second_half;acceleration_progress_slope;speed_mean_first_half;speed_mean_half_diff;speed_mean_second_half;speed_progress_slope,bbox_area_km2;bbox_diagonal_m;bbox_height_m;bbox_lat_span_deg;bbox_lon_span_deg;bbox_width_m;directness_ratio;max_distance_to_centroid_m;mean_distance_to_centroid_m;median_distance_to_centroid_m;net_displacement_m;path_length_m;radius_of_gyration_m
Kinematic_Evolution__x__Spatial_Sequence_Complexity,Kinematic_Evolution,Spatial_Sequence_Complexity,8,5,acceleration_mean_first_half;acceleration_mean_half_diff;acceleration_mean_second_half;acceleration_progress_slope;speed_mean_first_half;speed_mean_half_diff;speed_mean_second_half;speed_progress_slope,angle_progress_slope;relative_grid_entropy_3x3;relative_grid_revisit_ratio_3x3;relative_grid_unique_cells_3x3;relative_transition_entropy_3x3
Kinematic_Evolution__x__Speed_Dynamics,Kinematic_Evolution,Speed_Dynamics,8,19,acceleration_mean_first_half;acceleration_mean_half_diff;acceleration_mean_second_half;acceleration_progress_slope;speed_mean_first_half;speed_mean_half_diff;speed_mean_second_half;speed_progress_slope,speed_0s;speed_iqr;speed_kurt;speed_mad;speed_mean;speed_meanse;speed_quant_05;speed_quant_10;speed_quant_25;speed_quant_75;speed_quant_90;speed_quant_95;speed_quant_max;speed_quant_median;speed_quant_min;speed_range;speed_sd;speed_skew;speed_vcoef
Kinematic_Evolution__x__Speed_Level_Profile,Kinematic_Evolution,Speed_Level_Profile,8,10,acceleration_mean_first_half;acceleration_mean_half_diff;acceleration_mean_second_half;acceleration_progress_slope;speed_mean_first_half;speed_mean_half_diff;speed_mean_second_half;speed_progress_slope,speed_mean;speed_quant_05;speed_quant_10;speed_quant_25;speed_quant_75;speed_quant_90;speed_quant_95;speed_quant_max;speed_quant_median;speed_quant_min
Kinematic_Evolution__x__Speed_Variability_Shape,Kinematic_Evolution,Speed_Variability_Shape,8,9,acceleration_mean_first_half;acceleration_mean_half_diff;acceleration_mean_second_half;acceleration_progress_slope;speed_mean_first_half;speed_mean_half_diff;speed_mean_second_half;speed_progress_slope,speed_0s;speed_iqr;speed_kurt;speed_mad;speed_meanse;speed_range;speed_sd;speed_skew;speed_vcoef
Kinematic_Evolution__x__Turning_Dynamics,Kinematic_Evolution,Turning_Dynamics,8,19,acceleration_mean_first_half;acceleration_mean_half_diff;acceleration_mean_second_half;acceleration_progress_slope;speed_mean_first_half;speed_mean_half_diff;speed_mean_second_half;speed_progress_slope,angles_0s;angles_iqr;angles_kurt;angles_mad;angles_mean;angles_meanse;angles_quant_05;angles_quant_10;angles_quant_25;angles_quant_75;angles_quant_90;angles_quant_95;angles_quant_max;angles_quant_median;angles_quant_min;angles_range;angles_sd;angles_skew;angles_vcoef
Kinematic_Evolution__x__Turning_Level_Profile,Kinematic_Evolution,Turning_Level_Profile,8,10,acceleration_mean_first_half;acceleration_mean_half_diff;acceleration_mean_second_half;acceleration_progress_slope;speed_mean_first_half;speed_mean_half_diff;speed_mean_second_half;speed_progress_slope,angles_mean;angles_quant_05;angles_quant_10;angles_quant_25;angles_quant_75;angles_quant_90;angles_quant_95;angles_quant_max;angles_quant_median;angles_quant_min
Kinematic_Evolution__x__Turning_Variability_Shape,Kinematic_Evolution,Turning_Variability_Shape,8,9,acceleration_mean_first_half;acceleration_mean_half_diff;acceleration_mean_second_half;acceleration_progress_slope;speed_mean_first_half;speed_mean_half_diff;speed_mean_second_half;speed_progress_slope,angles_0s;angles_iqr;angles_kurt;angles_mad;angles_meanse;angles_range;angles_sd;angles_skew;angles_vcoef
Observation_Temporal_Support__x__Route_Efficiency,Observation_Temporal_Support,Route_Efficiency,6,3,duration_total_seconds;point_count;sampling_gap_cv;sampling_gap_iqr_seconds;sampling_gap_mean_seconds;sampling_gap_sd_seconds,directness_ratio;net_displacement_m;path_length_m
Observation_Temporal_Support__x__Spatial_Footprint,Observation_Temporal_Support,Spatial_Footprint,6,10,duration_total_seconds;point_count;sampling_gap_cv;sampling_gap_iqr_seconds;sampling_gap_mean_seconds;sampling_gap_sd_seconds,bbox_area_km2;bbox_diagonal_m;bbox_height_m;bbox_lat_span_deg;bbox_lon_span_deg;bbox_width_m;max_distance_to_centroid_m;mean_distance_to_centroid_m;median_distance_to_centroid_m;radius_of_gyration_m
Observation_Temporal_Support__x__Spatial_Reach_and_Route,Observation_Temporal_Support,Spatial_Reach_and_Route,6,13,duration_total_seconds;point_count;sampling_gap_cv;sampling_gap_iqr_seconds;sampling_gap_mean_seconds;sampling_gap_sd_seconds,bbox_area_km2;bbox_diagonal_m;bbox_height_m;bbox_lat_span_deg;bbox_lon_span_deg;bbox_width_m;directness_ratio;max_distance_to_centroid_m;mean_distance_to_centroid_m;median_distance_to_centroid_m;net_displacement_m;path_length_m;radius_of_gyration_m
Observation_Temporal_Support__x__Spatial_Sequence_Complexity,Observation_Temporal_Support,Spatial_Sequence_Complexity,6,5,duration_total_seconds;point_count;sampling_gap_cv;sampling_gap_iqr_seconds;sampling_gap_mean_seconds;sampling_gap_sd_seconds,angle_progress_slope;relative_grid_entropy_3x3;relative_grid_revisit_ratio_3x3;relative_grid_unique_cells_3x3;relative_transition_entropy_3x3
Observation_Temporal_Support__x__Speed_Dynamics,Observation_Temporal_Support,Speed_Dynamics,6,19,duration_total_seconds;point_count;sampling_gap_cv;sampling_gap_iqr_seconds;sampling_gap_mean_seconds;sampling_gap_sd_seconds,speed_0s;speed_iqr;speed_kurt;speed_mad;speed_mean;speed_meanse;speed_quant_05;speed_quant_10;speed_quant_25;speed_quant_75;speed_quant_90;speed_quant_95;speed_quant_max;speed_quant_median;speed_quant_min;speed_range;speed_sd;speed_skew;speed_vcoef
Observation_Temporal_Support__x__Speed_Level_Profile,Observation_Temporal_Support,Speed_Level_Profile,6,10,duration_total_seconds;point_count;sampling_gap_cv;sampling_gap_iqr_seconds;sampling_gap_mean_seconds;sampling_gap_sd_seconds,speed_mean;speed_quant_05;speed_quant_10;speed_quant_25;speed_quant_75;speed_quant_90;speed_quant_95;speed_quant_max;speed_quant_median;speed_quant_min
Observation_Temporal_Support__x__Speed_Variability_Shape,Observation_Temporal_Support,Speed_Variability_Shape,6,9,duration_total_seconds;point_count;sampling_gap_cv;sampling_gap_iqr_seconds;sampling_gap_mean_seconds;sampling_gap_sd_seconds,speed_0s;speed_iqr;speed_kurt;speed_mad;speed_meanse;speed_range;speed_sd;speed_skew;speed_vcoef
Observation_Temporal_Support__x__Turning_Dynamics,Observation_Temporal_Support,Turning_Dynamics,6,19,duration_total_seconds;point_count;sampling_gap_cv;sampling_gap_iqr_seconds;sampling_gap_mean_seconds;sampling_gap_sd_seconds,angles_0s;angles_iqr;angles_kurt;angles_mad;angles_mean;angles_meanse;angles_quant_05;angles_quant_10;angles_quant_25;angles_quant_75;angles_quant_90;angles_quant_95;angles_quant_max;angles_quant_median;angles_quant_min;angles_range;angles_sd;angles_skew;angles_vcoef
Observation_Temporal_Support__x__Turning_Level_Profile,Observation_Temporal_Support,Turning_Level_Profile,6,10,duration_total_seconds;point_count;sampling_gap_cv;sampling_gap_iqr_seconds;sampling_gap_mean_seconds;sampling_gap_sd_seconds,angles_mean;angles_quant_05;angles_quant_10;angles_quant_25;angles_quant_75;angles_quant_90;angles_quant_95;angles_quant_max;angles_quant_median;angles_quant_min
Observation_Temporal_Support__x__Turning_Variability_Shape,Observation_Temporal_Support,Turning_Variability_Shape,6,9,duration_total_seconds;point_count;sampling_gap_cv;sampling_gap_iqr_seconds;sampling_gap_mean_seconds;sampling_gap_sd_seconds,angles_0s;angles_iqr;angles_kurt;angles_mad;angles_meanse;angles_range;angles_sd;angles_skew;angles_vcoef
Route_Efficiency__x__Spatial_Footprint,Route_Efficiency,Spatial_Footprint,3,10,directness_ratio;net_displacement_m;path_length_m,bbox_area_km2;bbox_diagonal_m;bbox_height_m;bbox_lat_span_deg;bbox_lon_span_deg;bbox_width_m;max_distance_to_centroid_m;mean_distance_to_centroid_m;median_distance_to_centroid_m;radius_of_gyration_m
Route_Efficiency__x__Spatial_Sequence_Complexity,Route_Efficiency,Spatial_Sequence_Complexity,3,5,directness_ratio;net_displacement_m;path_length_m,angle_progress_slope;relative_grid_entropy_3x3;relative_grid_revisit_ratio_3x3;relative_grid_unique_cells_3x3;relative_transition_entropy_3x3
Route_Efficiency__x__Speed_Dynamics,Route_Efficiency,Speed_Dynamics,3,19,directness_ratio;net_displacement_m;path_length_m,speed_0s;speed_iqr;speed_kurt;speed_mad;speed_mean;speed_meanse;speed_quant_05;speed_quant_10;speed_quant_25;speed_quant_75;speed_quant_90;speed_quant_95;speed_quant_max;speed_quant_median;speed_quant_min;speed_range;speed_sd;speed_skew;speed_vcoef
Route_Efficiency__x__Speed_Level_Profile,Route_Efficiency,Speed_Level_Profile,3,10,directness_ratio;net_displacement_m;path_length_m,speed_mean;speed_quant_05;speed_quant_10;speed_quant_25;speed_quant_75;speed_quant_90;speed_quant_95;speed_quant_max;speed_quant_median;speed_quant_min
Route_Efficiency__x__Speed_Variability_Shape,Route_Efficiency,Speed_Variability_Shape,3,9,directness_ratio;net_displacement_m;path_length_m,speed_0s;speed_iqr;speed_kurt;speed_mad;speed_meanse;speed_range;speed_sd;speed_skew;speed_vcoef
Route_Efficiency__x__Temporal_Sequential_Context,Route_Efficiency,Temporal_Sequential_Context,3,19,directness_ratio;net_displacement_m;path_length_m,acceleration_mean_first_half;acceleration_mean_half_diff;acceleration_mean_second_half;acceleration_progress_slope;angle_progress_slope;duration_total_seconds;point_count;relative_grid_entropy_3x3;relative_grid_revisit_ratio_3x3;relative_grid_unique_cells_3x3;relative_transition_entropy_3x3;sampling_gap_cv;sampling_gap_iqr_seconds;sampling_gap_mean_seconds;sampling_gap_sd_seconds;speed_mean_first_half;speed_mean_half_diff;speed_mean_second_half;speed_progress_slope
Route_Efficiency__x__Turning_Dynamics,Route_Efficiency,Turning_Dynamics,3,19,directness_ratio;net_displacement_m;path_length_m,angles_0s;angles_iqr;angles_kurt;angles_mad;angles_mean;angles_meanse;angles_quant_05;angles_quant_10;angles_quant_25;angles_quant_75;angles_quant_90;angles_quant_95;angles_quant_max;angles_quant_median;angles_quant_min;angles_range;angles_sd;angles_skew;angles_vcoef
Route_Efficiency__x__Turning_Level_Profile,Route_Efficiency,Turning_Level_Profile,3,10,directness_ratio;net_displacement_m;path_length_m,angles_mean;angles_quant_05;angles_quant_10;angles_quant_25;angles_quant_75;angles_quant_90;angles_quant_95;angles_quant_max;angles_quant_median;angles_quant_min
Route_Efficiency__x__Turning_Variability_Shape,Route_Efficiency,Turning_Variability_Shape,3,9,directness_ratio;net_displacement_m;path_length_m,angles_0s;angles_iqr;angles_kurt;angles_mad;angles_meanse;angles_range;angles_sd;angles_skew;angles_vcoef
Spatial_Footprint__x__Spatial_Sequence_Complexity,Spatial_Footprint,Spatial_Sequence_Complexity,10,5,bbox_area_km2;bbox_diagonal_m;bbox_height_m;bbox_lat_span_deg;bbox_lon_span_deg;bbox_width_m;max_distance_to_centroid_m;mean_distance_to_centroid_m;median_distance_to_centroid_m;radius_of_gyration_m,angle_progress_slope;relative_grid_entropy_3x3;relative_grid_revisit_ratio_3x3;relative_grid_unique_cells_3x3;relative_transition_entropy_3x3
Spatial_Footprint__x__Speed_Dynamics,Spatial_Footprint,Speed_Dynamics,10,19,bbox_area_km2;bbox_diagonal_m;bbox_height_m;bbox_lat_span_deg;bbox_lon_span_deg;bbox_width_m;max_distance_to_centroid_m;mean_distance_to_centroid_m;median_distance_to_centroid_m;radius_of_gyration_m,speed_0s;speed_iqr;speed_kurt;speed_mad;speed_mean;speed_meanse;speed_quant_05;speed_quant_10;speed_quant_25;speed_quant_75;speed_quant_90;speed_quant_95;speed_quant_max;speed_quant_median;speed_quant_min;speed_range;speed_sd;speed_skew;speed_vcoef
Spatial_Footprint__x__Speed_Level_Profile,Spatial_Footprint,Speed_Level_Profile,10,10,bbox_area_km2;bbox_diagonal_m;bbox_height_m;bbox_lat_span_deg;bbox_lon_span_deg;bbox_width_m;max_distance_to_centroid_m;mean_distance_to_centroid_m;median_distance_to_centroid_m;radius_of_gyration_m,speed_mean;speed_quant_05;speed_quant_10;speed_quant_25;speed_quant_75;speed_quant_90;speed_quant_95;speed_quant_max;speed_quant_median;speed_quant_min
Spatial_Footprint__x__Speed_Variability_Shape,Spatial_Footprint,Speed_Variability_Shape,10,9,bbox_area_km2;bbox_diagonal_m;bbox_height_m;bbox_lat_span_deg;bbox_lon_span_deg;bbox_width_m;max_distance_to_centroid_m;mean_distance_to_centroid_m;median_distance_to_centroid_m;radius_of_gyration_m,speed_0s;speed_iqr;speed_kurt;speed_mad;speed_meanse;speed_range;speed_sd;speed_skew;speed_vcoef
Spatial_Footprint__x__Temporal_Sequential_Context,Spatial_Footprint,Temporal_Sequential_Context,10,19,bbox_area_km2;bbox_diagonal_m;bbox_height_m;bbox_lat_span_deg;bbox_lon_span_deg;bbox_width_m;max_distance_to_centroid_m;mean_distance_to_centroid_m;median_distance_to_centroid_m;radius_of_gyration_m,acceleration_mean_first_half;acceleration_mean_half_diff;acceleration_mean_second_half;acceleration_progress_slope;angle_progress_slope;duration_total_seconds;point_count;relative_grid_entropy_3x3;relative_grid_revisit_ratio_3x3;relative_grid_unique_cells_3x3;relative_transition_entropy_3x3;sampling_gap_cv;sampling_gap_iqr_seconds;sampling_gap_mean_seconds;sampling_gap_sd_seconds;speed_mean_first_half;speed_mean_half_diff;speed_mean_second_half;speed_progress_slope
Spatial_Footprint__x__Turning_Dynamics,Spatial_Footprint,Turning_Dynamics,10,19,bbox_area_km2;bbox_diagonal_m;bbox_height_m;bbox_lat_span_deg;bbox_lon_span_deg;bbox_width_m;max_distance_to_centroid_m;mean_distance_to_centroid_m;median_distance_to_centroid_m;radius_of_gyration_m,angles_0s;angles_iqr;angles_kurt;angles_mad;angles_mean;angles_meanse;angles_quant_05;angles_quant_10;angles_quant_25;angles_quant_75;angles_quant_90;angles_quant_95;angles_quant_max;angles_quant_median;angles_quant_min;angles_range;angles_sd;angles_skew;angles_vcoef
Spatial_Footprint__x__Turning_Level_Profile,Spatial_Footprint,Turning_Level_Profile,10,10,bbox_area_km2;bbox_diagonal_m;bbox_height_m;bbox_lat_span_deg;bbox_lon_span_deg;bbox_width_m;max_distance_to_centroid_m;mean_distance_to_centroid_m;median_distance_to_centroid_m;radius_of_gyration_m,angles_mean;angles_quant_05;angles_quant_10;angles_quant_25;angles_quant_75;angles_quant_90;angles_quant_95;angles_quant_max;angles_quant_median;angles_quant_min
Spatial_Footprint__x__Turning_Variability_Shape,Spatial_Footprint,Turning_Variability_Shape,10,9,bbox_area_km2;bbox_diagonal_m;bbox_height_m;bbox_lat_span_deg;bbox_lon_span_deg;bbox_width_m;max_distance_to_centroid_m;mean_distance_to_centroid_m;median_distance_to_centroid_m;radius_of_gyration_m,angles_0s;angles_iqr;angles_kurt;angles_mad;angles_meanse;angles_range;angles_sd;angles_skew;angles_vcoef
Spatial_Reach_and_Route__x__Spatial_Sequence_Complexity,Spatial_Reach_and_Route,Spatial_Sequence_Complexity,13,5,bbox_area_km2;bbox_diagonal_m;bbox_height_m;bbox_lat_span_deg;bbox_lon_span_deg;bbox_width_m;directness_ratio;max_distance_to_centroid_m;mean_distance_to_centroid_m;median_distance_to_centroid_m;net_displacement_m;path_length_m;radius_of_gyration_m,angle_progress_slope;relative_grid_entropy_3x3;relative_grid_revisit_ratio_3x3;relative_grid_unique_cells_3x3;relative_transition_entropy_3x3
Spatial_Reach_and_Route__x__Speed_Dynamics,Spatial_Reach_and_Route,Speed_Dynamics,13,19,bbox_area_km2;bbox_diagonal_m;bbox_height_m;bbox_lat_span_deg;bbox_lon_span_deg;bbox_width_m;directness_ratio;max_distance_to_centroid_m;mean_distance_to_centroid_m;median_distance_to_centroid_m;net_displacement_m;path_length_m;radius_of_gyration_m,speed_0s;speed_iqr;speed_kurt;speed_mad;speed_mean;speed_meanse;speed_quant_05;speed_quant_10;speed_quant_25;speed_quant_75;speed_quant_90;speed_quant_95;speed_quant_max;speed_quant_median;speed_quant_min;speed_range;speed_sd;speed_skew;speed_vcoef
Spatial_Reach_and_Route__x__Speed_Level_Profile,Spatial_Reach_and_Route,Speed_Level_Profile,13,10,bbox_area_km2;bbox_diagonal_m;bbox_height_m;bbox_lat_span_deg;bbox_lon_span_deg;bbox_width_m;directness_ratio;max_distance_to_centroid_m;mean_distance_to_centroid_m;median_distance_to_centroid_m;net_displacement_m;path_length_m;radius_of_gyration_m,speed_mean;speed_quant_05;speed_quant_10;speed_quant_25;speed_quant_75;speed_quant_90;speed_quant_95;speed_quant_max;speed_quant_median;speed_quant_min
Spatial_Reach_and_Route__x__Speed_Variability_Shape,Spatial_Reach_and_Route,Speed_Variability_Shape,13,9,bbox_area_km2;bbox_diagonal_m;bbox_height_m;bbox_lat_span_deg;bbox_lon_span_deg;bbox_width_m;directness_ratio;max_distance_to_centroid_m;mean_distance_to_centroid_m;median_distance_to_centroid_m;net_displacement_m;path_length_m;radius_of_gyration_m,speed_0s;speed_iqr;speed_kurt;speed_mad;speed_meanse;speed_range;speed_sd;speed_skew;speed_vcoef
Spatial_Reach_and_Route__x__Temporal_Sequential_Context,Spatial_Reach_and_Route,Temporal_Sequential_Context,13,19,bbox_area_km2;bbox_diagonal_m;bbox_height_m;bbox_lat_span_deg;bbox_lon_span_deg;bbox_width_m;directness_ratio;max_distance_to_centroid_m;mean_distance_to_centroid_m;median_distance_to_centroid_m;net_displacement_m;path_length_m;radius_of_gyration_m,acceleration_mean_first_half;acceleration_mean_half_diff;acceleration_mean_second_half;acceleration_progress_slope;angle_progress_slope;duration_total_seconds;point_count;relative_grid_entropy_3x3;relative_grid_revisit_ratio_3x3;relative_grid_unique_cells_3x3;relative_transition_entropy_3x3;sampling_gap_cv;sampling_gap_iqr_seconds;sampling_gap_mean_seconds;sampling_gap_sd_seconds;speed_mean_first_half;speed_mean_half_diff;speed_mean_second_half;speed_progress_slope
Spatial_Reach_and_Route__x__Turning_Dynamics,Spatial_Reach_and_Route,Turning_Dynamics,13,19,bbox_area_km2;bbox_diagonal_m;bbox_height_m;bbox_lat_span_deg;bbox_lon_span_deg;bbox_width_m;directness_ratio;max_distance_to_centroid_m;mean_distance_to_centroid_m;median_distance_to_centroid_m;net_displacement_m;path_length_m;radius_of_gyration_m,angles_0s;angles_iqr;angles_kurt;angles_mad;angles_mean;angles_meanse;angles_quant_05;angles_quant_10;angles_quant_25;angles_quant_75;angles_quant_90;angles_quant_95;angles_quant_max;angles_quant_median;angles_quant_min;angles_range;angles_sd;angles_skew;angles_vcoef
Spatial_Reach_and_Route__x__Turning_Level_Profile,Spatial_Reach_and_Route,Turning_Level_Profile,13,10,bbox_area_km2;bbox_diagonal_m;bbox_height_m;bbox_lat_span_deg;bbox_lon_span_deg;bbox_width_m;directness_ratio;max_distance_to_centroid_m;mean_distance_to_centroid_m;median_distance_to_centroid_m;net_displacement_m;path_length_m;radius_of_gyration_m,angles_mean;angles_quant_05;angles_quant_10;angles_quant_25;angles_quant_75;angles_quant_90;angles_quant_95;angles_quant_max;angles_quant_median;angles_quant_min
Spatial_Reach_and_Route__x__Turning_Variability_Shape,Spatial_Reach_and_Route,Turning_Variability_Shape,13,9,bbox_area_km2;bbox_diagonal_m;bbox_height_m;bbox_lat_span_deg;bbox_lon_span_deg;bbox_width_m;directness_ratio;max_distance_to_centroid_m;mean_distance_to_centroid_m;median_distance_to_centroid_m;net_displacement_m;path_length_m;radius_of_gyration_m,angles_0s;angles_iqr;angles_kurt;angles_mad;angles_meanse;angles_range;angles_sd;angles_skew;angles_vcoef
Spatial_Sequence_Complexity__x__Speed_Dynamics,Spatial_Sequence_Complexity,Speed_Dynamics,5,19,angle_progress_slope;relative_grid_entropy_3x3;relative_grid_revisit_ratio_3x3;relative_grid_unique_cells_3x3;relative_transition_entropy_3x3,speed_0s;speed_iqr;speed_kurt;speed_mad;speed_mean;speed_meanse;speed_quant_05;speed_quant_10;speed_quant_25;speed_quant_75;speed_quant_90;speed_quant_95;speed_quant_max;speed_quant_median;speed_quant_min;speed_range;speed_sd;speed_skew;speed_vcoef
Spatial_Sequence_Complexity__x__Speed_Level_Profile,Spatial_Sequence_Complexity,Speed_Level_Profile,5,10,angle_progress_slope;relative_grid_entropy_3x3;relative_grid_revisit_ratio_3x3;relative_grid_unique_cells_3x3;relative_transition_entropy_3x3,speed_mean;speed_quant_05;speed_quant_10;speed_quant_25;speed_quant_75;speed_quant_90;speed_quant_95;speed_quant_max;speed_quant_median;speed_quant_min
Spatial_Sequence_Complexity__x__Speed_Variability_Shape,Spatial_Sequence_Complexity,Speed_Variability_Shape,5,9,angle_progress_slope;relative_grid_entropy_3x3;relative_grid_revisit_ratio_3x3;relative_grid_unique_cells_3x3;relative_transition_entropy_3x3,speed_0s;speed_iqr;speed_kurt;speed_mad;speed_meanse;speed_range;speed_sd;speed_skew;speed_vcoef
Spatial_Sequence_Complexity__x__Turning_Dynamics,Spatial_Sequence_Complexity,Turning_Dynamics,5,19,angle_progress_slope;relative_grid_entropy_3x3;relative_grid_revisit_ratio_3x3;relative_grid_unique_cells_3x3;relative_transition_entropy_3x3,angles_0s;angles_iqr;angles_kurt;angles_mad;angles_mean;angles_meanse;angles_quant_05;angles_quant_10;angles_quant_25;angles_quant_75;angles_quant_90;angles_quant_95;angles_quant_max;angles_quant_median;angles_quant_min;angles_range;angles_sd;angles_skew;angles_vcoef
Spatial_Sequence_Complexity__x__Turning_Level_Profile,Spatial_Sequence_Complexity,Turning_Level_Profile,5,10,angle_progress_slope;relative_grid_entropy_3x3;relative_grid_revisit_ratio_3x3;relative_grid_unique_cells_3x3;relative_transition_entropy_3x3,angles_mean;angles_quant_05;angles_quant_10;angles_quant_25;angles_quant_75;angles_quant_90;angles_quant_95;angles_quant_max;angles_quant_median;angles_quant_min
Spatial_Sequence_Complexity__x__Turning_Variability_Shape,Spatial_Sequence_Complexity,Turning_Variability_Shape,5,9,angle_progress_slope;relative_grid_entropy_3x3;relative_grid_revisit_ratio_3x3;relative_grid_unique_cells_3x3;relative_transition_entropy_3x3,angles_0s;angles_iqr;angles_kurt;angles_mad;angles_meanse;angles_range;angles_sd;angles_skew;angles_vcoef
Speed_Dynamics__x__Temporal_Sequential_Context,Speed_Dynamics,Temporal_Sequential_Context,19,19,speed_0s;speed_iqr;speed_kurt;speed_mad;speed_mean;speed_meanse;speed_quant_05;speed_quant_10;speed_quant_25;speed_quant_75;speed_quant_90;speed_quant_95;speed_quant_max;speed_quant_median;speed_quant_min;speed_range;speed_sd;speed_skew;speed_vcoef,acceleration_mean_first_half;acceleration_mean_half_diff;acceleration_mean_second_half;acceleration_progress_slope;angle_progress_slope;duration_total_seconds;point_count;relative_grid_entropy_3x3;relative_grid_revisit_ratio_3x3;relative_grid_unique_cells_3x3;relative_transition_entropy_3x3;sampling_gap_cv;sampling_gap_iqr_seconds;sampling_gap_mean_seconds;sampling_gap_sd_seconds;speed_mean_first_half;speed_mean_half_diff;speed_mean_second_half;speed_progress_slope
Speed_Dynamics__x__Turning_Dynamics,Speed_Dynamics,Turning_Dynamics,19,19,speed_0s;speed_iqr;speed_kurt;speed_mad;speed_mean;speed_meanse;speed_quant_05;speed_quant_10;speed_quant_25;speed_quant_75;speed_quant_90;speed_quant_95;speed_quant_max;speed_quant_median;speed_quant_min;speed_range;speed_sd;speed_skew;speed_vcoef,angles_0s;angles_iqr;angles_kurt;angles_mad;angles_mean;angles_meanse;angles_quant_05;angles_quant_10;angles_quant_25;angles_quant_75;angles_quant_90;angles_quant_95;angles_quant_max;angles_quant_median;angles_quant_min;angles_range;angles_sd;angles_skew;angles_vcoef
Speed_Dynamics__x__Turning_Level_Profile,Speed_Dynamics,Turning_Level_Profile,19,10,speed_0s;speed_iqr;speed_kurt;speed_mad;speed_mean;speed_meanse;speed_quant_05;speed_quant_10;speed_quant_25;speed_quant_75;speed_quant_90;speed_quant_95;speed_quant_max;speed_quant_median;speed_quant_min;speed_range;speed_sd;speed_skew;speed_vcoef,angles_mean;angles_quant_05;angles_quant_10;angles_quant_25;angles_quant_75;angles_quant_90;angles_quant_95;angles_quant_max;angles_quant_median;angles_quant_min
Speed_Dynamics__x__Turning_Variability_Shape,Speed_Dynamics,Turning_Variability_Shape,19,9,speed_0s;speed_iqr;speed_kurt;speed_mad;speed_mean;speed_meanse;speed_quant_05;speed_quant_10;speed_quant_25;speed_quant_75;speed_quant_90;speed_quant_95;speed_quant_max;speed_quant_median;speed_quant_min;speed_range;speed_sd;speed_skew;speed_vcoef,angles_0s;angles_iqr;angles_kurt;angles_mad;angles_meanse;angles_range;angles_sd;angles_skew;angles_vcoef
Speed_Level_Profile__x__Speed_Variability_Shape,Speed_Level_Profile,Speed_Variability_Shape,10,9,speed_mean;speed_quant_05;speed_quant_10;speed_quant_25;speed_quant_75;speed_quant_90;speed_quant_95;speed_quant_max;speed_quant_median;speed_quant_min,speed_0s;speed_iqr;speed_kurt;speed_mad;speed_meanse;speed_range;speed_sd;speed_skew;speed_vcoef
Speed_Level_Profile__x__Temporal_Sequential_Context,Speed_Level_Profile,Temporal_Sequential_Context,10,19,speed_mean;speed_quant_05;speed_quant_10;speed_quant_25;speed_quant_75;speed_quant_90;speed_quant_95;speed_quant_max;speed_quant_median;speed_quant_min,acceleration_mean_first_half;acceleration_mean_half_diff;acceleration_mean_second_half;acceleration_progress_slope;angle_progress_slope;duration_total_seconds;point_count;relative_grid_entropy_3x3;relative_grid_revisit_ratio_3x3;relative_grid_unique_cells_3x3;relative_transition_entropy_3x3;sampling_gap_cv;sampling_gap_iqr_seconds;sampling_gap_mean_seconds;sampling_gap_sd_seconds;speed_mean_first_half;speed_mean_half_diff;speed_mean_second_half;speed_progress_slope
Speed_Level_Profile__x__Turning_Dynamics,Speed_Level_Profile,Turning_Dynamics,10,19,speed_mean;speed_quant_05;speed_quant_10;speed_quant_25;speed_quant_75;speed_quant_90;speed_quant_95;speed_quant_max;speed_quant_median;speed_quant_min,angles_0s;angles_iqr;angles_kurt;angles_mad;angles_mean;angles_meanse;angles_quant_05;angles_quant_10;angles_quant_25;angles_quant_75;angles_quant_90;angles_quant_95;angles_quant_max;angles_quant_median;angles_quant_min;angles_range;angles_sd;angles_skew;angles_vcoef
Speed_Level_Profile__x__Turning_Level_Profile,Speed_Level_Profile,Turning_Level_Profile,10,10,speed_mean;speed_quant_05;speed_quant_10;speed_quant_25;speed_quant_75;speed_quant_90;speed_quant_95;speed_quant_max;speed_quant_median;speed_quant_min,angles_mean;angles_quant_05;angles_quant_10;angles_quant_25;angles_quant_75;angles_quant_90;angles_quant_95;angles_quant_max;angles_quant_median;angles_quant_min
Speed_Level_Profile__x__Turning_Variability_Shape,Speed_Level_Profile,Turning_Variability_Shape,10,9,speed_mean;speed_quant_05;speed_quant_10;speed_quant_25;speed_quant_75;speed_quant_90;speed_quant_95;speed_quant_max;speed_quant_median;speed_quant_min,angles_0s;angles_iqr;angles_kurt;angles_mad;angles_meanse;angles_range;angles_sd;angles_skew;angles_vcoef
Speed_Variability_Shape__x__Temporal_Sequential_Context,Speed_Variability_Shape,Temporal_Sequential_Context,9,19,speed_0s;speed_iqr;speed_kurt;speed_mad;speed_meanse;speed_range;speed_sd;speed_skew;speed_vcoef,acceleration_mean_first_half;acceleration_mean_half_diff;acceleration_mean_second_half;acceleration_progress_slope;angle_progress_slope;duration_total_seconds;point_count;relative_grid_entropy_3x3;relative_grid_revisit_ratio_3x3;relative_grid_unique_cells_3x3;relative_transition_entropy_3x3;sampling_gap_cv;sampling_gap_iqr_seconds;sampling_gap_mean_seconds;sampling_gap_sd_seconds;speed_mean_first_half;speed_mean_half_diff;speed_mean_second_half;speed_progress_slope
Speed_Variability_Shape__x__Turning_Dynamics,Speed_Variability_Shape,Turning_Dynamics,9,19,speed_0s;speed_iqr;speed_kurt;speed_mad;speed_meanse;speed_range;speed_sd;speed_skew;speed_vcoef,angles_0s;angles_iqr;angles_kurt;angles_mad;angles_mean;angles_meanse;angles_quant_05;angles_quant_10;angles_quant_25;angles_quant_75;angles_quant_90;angles_quant_95;angles_quant_max;angles_quant_median;angles_quant_min;angles_range;angles_sd;angles_skew;angles_vcoef
Speed_Variability_Shape__x__Turning_Level_Profile,Speed_Variability_Shape,Turning_Level_Profile,9,10,speed_0s;speed_iqr;speed_kurt;speed_mad;speed_meanse;speed_range;speed_sd;speed_skew;speed_vcoef,angles_mean;angles_quant_05;angles_quant_10;angles_quant_25;angles_quant_75;angles_quant_90;angles_quant_95;angles_quant_max;angles_quant_median;angles_quant_min
Speed_Variability_Shape__x__Turning_Variability_Shape,Speed_Variability_Shape,Turning_Variability_Shape,9,9,speed_0s;speed_iqr;speed_kurt;speed_mad;speed_meanse;speed_range;speed_sd;speed_skew;speed_vcoef,angles_0s;angles_iqr;angles_kurt;angles_mad;angles_meanse;angles_range;angles_sd;angles_skew;angles_vcoef
Temporal_Sequential_Context__x__Turning_Dynamics,Temporal_Sequential_Context,Turning_Dynamics,19,19,acceleration_mean_first_half;acceleration_mean_half_diff;acceleration_mean_second_half;acceleration_progress_slope;angle_progress_slope;duration_total_seconds;point_count;relative_grid_entropy_3x3;relative_grid_revisit_ratio_3x3;relative_grid_unique_cells_3x3;relative_transition_entropy_3x3;sampling_gap_cv;sampling_gap_iqr_seconds;sampling_gap_mean_seconds;sampling_gap_sd_seconds;speed_mean_first_half;speed_mean_half_diff;speed_mean_second_half;speed_progress_slope,angles_0s;angles_iqr;angles_kurt;angles_mad;angles_mean;angles_meanse;angles_quant_05;angles_quant_10;angles_quant_25;angles_quant_75;angles_quant_90;angles_quant_95;angles_quant_max;angles_quant_median;angles_quant_min;angles_range;angles_sd;angles_skew;angles_vcoef
Temporal_Sequential_Context__x__Turning_Level_Profile,Temporal_Sequential_Context,Turning_Level_Profile,19,10,acceleration_mean_first_half;acceleration_mean_half_diff;acceleration_mean_second_half;acceleration_progress_slope;angle_progress_slope;duration_total_seconds;point_count;relative_grid_entropy_3x3;relative_grid_revisit_ratio_3x3;relative_grid_unique_cells_3x3;relative_transition_entropy_3x3;sampling_gap_cv;sampling_gap_iqr_seconds;sampling_gap_mean_seconds;sampling_gap_sd_seconds;speed_mean_first_half;speed_mean_half_diff;speed_mean_second_half;speed_progress_slope,angles_mean;angles_quant_05;angles_quant_10;angles_quant_25;angles_quant_75;angles_quant_90;angles_quant_95;angles_quant_max;angles_quant_median;angles_quant_min
Temporal_Sequential_Context__x__Turning_Variability_Shape,Temporal_Sequential_Context,Turning_Variability_Shape,19,9,acceleration_mean_first_half;acceleration_mean_half_diff;acceleration_mean_second_half;acceleration_progress_slope;angle_progress_slope;duration_total_seconds;point_count;relative_grid_entropy_3x3;relative_grid_revisit_ratio_3x3;relative_grid_unique_cells_3x3;relative_transition_entropy_3x3;sampling_gap_cv;sampling_gap_iqr_seconds;sampling_gap_mean_seconds;sampling_gap_sd_seconds;speed_mean_first_half;speed_mean_half_diff;speed_mean_second_half;speed_progress_slope,angles_0s;angles_iqr;angles_kurt;angles_mad;angles_meanse;angles_range;angles_sd;angles_skew;angles_vcoef
Turning_Level_Profile__x__Turning_Variability_Shape,Turning_Level_Profile,Turning_Variability_Shape,10,9,angles_mean;angles_quant_05;angles_quant_10;angles_quant_25;angles_quant_75;angles_quant_90;angles_quant_95;angles_quant_max;angles_quant_median;angles_quant_min,angles_0s;angles_iqr;angles_kurt;angles_mad;angles_meanse;angles_range;angles_sd;angles_skew;angles_vcoef
