pair_id,n_trajectories,n_missing,n_normal,n_hybrid,n_uncommon_total,pct_normal,pct_hybrid,pct_uncommon_total,entropy,non_normal_ratio,dominant_label,dominant_label_ratio,count__Normal,count__Hybrid,count__Uncommon_Acceleration,count__Uncommon_Curvature,count__Uncommon_Displacement,count__Uncommon_Duration,count__Uncommon_Extent,count__Uncommon_Geometric,count__Uncommon_Indentation,count__Uncommon_Kinematic,count__Uncommon_Localization,count__Uncommon_Path_Evolution,count__Uncommon_Phase_Change,count__Uncommon_Sampling_Gaps,count__Uncommon_Sequence_Complexity,count__Uncommon_Spatial_Context,count__Uncommon_SpatioTemporal_Dynamics,count__Uncommon_Speed,count__Uncommon_Temporal
Acceleration__x__Curvature,4670,0,1169,2362,1139,0.25032119914346895,0.5057815845824412,0.24389721627408995,1.7379479609029391,0.749678800856531,Hybrid,0.5057815845824412,1169,2362,565,574,0,0,0,0,0,0,0,0,0,0,0,0,0,0,0
Acceleration__x__Displacement,4670,0,1302,2480,888,0.27880085653104925,0.5310492505353319,0.19014989293361884,1.6434861007883101,0.7211991434689508,Hybrid,0.5310492505353319,1302,2480,475,0,413,0,0,0,0,0,0,0,0,0,0,0,0,0,0
Acceleration__x__Duration,4670,0,1785,2080,805,0.3822269807280514,0.44539614561027835,0.17237687366167023,1.6596087394031924,0.6177730192719486,Hybrid,0.44539614561027835,1785,2080,408,0,0,397,0,0,0,0,0,0,0,0,0,0,0,0,0
Acceleration__x__Extent,4670,0,1207,2333,1130,0.25845824411134904,0.49957173447537473,0.24197002141327623,1.7418286239173957,0.741541755888651,Hybrid,0.49957173447537473,1207,2333,547,0,0,0,583,0,0,0,0,0,0,0,0,0,0,0,0
Acceleration__x__Indentation,4670,0,1153,2355,1162,0.2468950749464668,0.5042826552462527,0.2488222698072805,1.7444047151262403,0.7531049250535332,Hybrid,0.5042826552462527,1153,2355,593,0,0,0,0,0,569,0,0,0,0,0,0,0,0,0,0
Acceleration__x__Localization,4670,0,1195,2373,1102,0.2558886509635974,0.50813704496788,0.2359743040685225,1.7267929990769693,0.7441113490364025,Hybrid,0.50813704496788,1195,2373,529,0,0,0,0,0,0,0,573,0,0,0,0,0,0,0,0
Acceleration__x__Path_Evolution,4670,0,1312,2417,941,0.2809421841541756,0.517558886509636,0.20149892933618843,1.673562519821751,0.7190578158458244,Hybrid,0.517558886509636,1312,2417,474,0,0,0,0,0,0,0,0,467,0,0,0,0,0,0,0
Acceleration__x__Phase_Change,4670,0,1282,2401,987,0.2745182012847966,0.5141327623126338,0.2113490364025696,1.6906911093348889,0.7254817987152035,Hybrid,0.5141327623126338,1282,2401,490,0,0,0,0,0,0,0,0,0,497,0,0,0,0,0,0
Acceleration__x__Sampling_Gaps,4670,0,1691,2113,866,0.3620985010706638,0.45246252676659526,0.1854389721627409,1.684499560500731,0.6379014989293362,Hybrid,0.45246252676659526,1691,2113,422,0,0,0,0,0,0,0,0,0,0,444,0,0,0,0,0
Acceleration__x__Sequence_Complexity,4670,0,1209,2343,1118,0.2588865096359743,0.5017130620985011,0.23940042826552463,1.7371202309339662,0.7411134903640257,Hybrid,0.5017130620985011,1209,2343,563,0,0,0,0,0,0,0,0,0,0,0,555,0,0,0,0
Acceleration__x__Speed,4670,0,1304,2457,909,0.2792291220556745,0.5261241970021413,0.19464668094218415,1.65559924569459,0.7207708779443255,Hybrid,0.5261241970021413,1304,2457,452,0,0,0,0,0,0,0,0,0,0,0,0,0,0,457,0
Curvature__x__Displacement,4670,0,1114,2312,1244,0.2385438972162741,0.49507494646680944,0.2663811563169165,1.7700789312064038,0.7614561027837259,Hybrid,0.49507494646680944,1114,2312,0,612,632,0,0,0,0,0,0,0,0,0,0,0,0,0,0
Curvature__x__Duration,4670,0,1674,2062,934,0.358458244111349,0.44154175588865097,0.2,1.715612596503612,0.6415417558886509,Hybrid,0.44154175588865097,1674,2062,0,456,0,478,0,0,0,0,0,0,0,0,0,0,0,0,0
Curvature__x__Extent,4670,0,1232,2430,1008,0.2638115631691649,0.5203426124197003,0.2158458244111349,1.6908332509384034,0.7361884368308351,Hybrid,0.5203426124197003,1232,2430,0,500,0,0,508,0,0,0,0,0,0,0,0,0,0,0,0
Curvature__x__Indentation,4670,0,1160,2376,1134,0.24839400428265523,0.5087794432548179,0.24282655246252677,1.7335154049625228,0.7516059957173448,Hybrid,0.5087794432548179,1160,2376,0,545,0,0,0,0,589,0,0,0,0,0,0,0,0,0,0
Curvature__x__Localization,4670,0,1244,2372,1054,0.2663811563169165,0.5079229122055674,0.22569593147751607,1.7151620045981797,0.7336188436830835,Hybrid,0.5079229122055674,1244,2372,0,526,0,0,0,0,0,0,528,0,0,0,0,0,0,0,0
Curvature__x__Path_Evolution,4670,0,1182,2345,1143,0.2531049250535332,0.5021413276231264,0.24475374732334046,1.7424817830465842,0.7468950749464668,Hybrid,0.5021413276231264,1182,2345,0,566,0,0,0,0,0,0,0,577,0,0,0,0,0,0,0
Curvature__x__Phase_Change,4670,0,1120,2341,1209,0.2398286937901499,0.5012847965738758,0.2588865096359743,1.7570345605590194,0.7601713062098501,Hybrid,0.5012847965738758,1120,2341,0,613,0,0,0,0,0,0,0,0,596,0,0,0,0,0,0
Curvature__x__Sampling_Gaps,4670,0,1588,2071,1011,0.34004282655246254,0.4434689507494647,0.2164882226980728,1.7433966312111653,0.6599571734475375,Hybrid,0.4434689507494647,1588,2071,0,479,0,0,0,0,0,0,0,0,0,532,0,0,0,0,0
Curvature__x__Sequence_Complexity,4670,0,1299,2418,953,0.27815845824411134,0.5177730192719486,0.20406852248394003,1.6770684836261094,0.7218415417558887,Hybrid,0.5177730192719486,1299,2418,0,487,0,0,0,0,0,0,0,0,0,0,466,0,0,0,0
Curvature__x__Speed,4670,0,1199,2351,1120,0.25674518201284796,0.5034261241970022,0.2398286937901499,1.735947953264803,0.743254817987152,Hybrid,0.5034261241970022,1199,2351,0,563,0,0,0,0,0,0,0,0,0,0,0,0,0,557,0
Displacement__x__Duration,4670,0,1692,2067,911,0.36231263383297646,0.44261241970021414,0.19507494646680942,1.7061782626610567,0.6376873661670236,Hybrid,0.44261241970021414,1692,2067,0,0,454,457,0,0,0,0,0,0,0,0,0,0,0,0,0
Displacement__x__Extent,4670,0,1198,2368,1104,0.2565310492505353,0.507066381156317,0.23640256959314776,1.7285900905569909,0.7434689507494646,Hybrid,0.507066381156317,1198,2368,0,0,548,0,556,0,0,0,0,0,0,0,0,0,0,0,0
Displacement__x__Indentation,4670,0,1151,2325,1194,0.24646680942184154,0.49785867237687365,0.2556745182012848,1.7576678789472848,0.7535331905781585,Hybrid,0.49785867237687365,1151,2325,0,0,602,0,0,0,592,0,0,0,0,0,0,0,0,0,0
Displacement__x__Localization,4670,0,1211,2390,1069,0.2593147751605996,0.5117773019271948,0.22890792291220557,1.7153112576451224,0.7406852248394005,Hybrid,0.5117773019271948,1211,2390,0,0,525,0,0,0,0,0,544,0,0,0,0,0,0,0,0
Displacement__x__Path_Evolution,4670,0,1262,2407,1001,0.2702355460385439,0.5154175588865096,0.21434689507494648,1.6935152565536677,0.7297644539614561,Hybrid,0.5154175588865096,1262,2407,0,0,490,0,0,0,0,0,0,511,0,0,0,0,0,0,0
Displacement__x__Phase_Change,4670,0,1275,2405,990,0.27301927194860814,0.5149892933618844,0.21199143468950749,1.690574466017212,0.7269807280513919,Hybrid,0.5149892933618844,1275,2405,0,0,476,0,0,0,0,0,0,0,514,0,0,0,0,0,0
Displacement__x__Sampling_Gaps,4670,0,1604,2093,973,0.34346895074946465,0.4481798715203426,0.2083511777301927,1.728295226650678,0.6565310492505353,Hybrid,0.4481798715203426,1604,2093,0,0,484,0,0,0,0,0,0,0,0,489,0,0,0,0,0
Displacement__x__Sequence_Complexity,4670,0,1164,2338,1168,0.24925053533190578,0.5006423982869379,0.2501070663811563,1.7493984063905643,0.7507494646680942,Hybrid,0.5006423982869379,1164,2338,0,0,573,0,0,0,0,0,0,0,0,0,595,0,0,0,0
Displacement__x__Speed,4670,0,1277,2439,954,0.2734475374732334,0.5222698072805139,0.20428265524625266,1.6729594723910253,0.7265524625267666,Hybrid,0.5222698072805139,1277,2439,0,0,453,0,0,0,0,0,0,0,0,0,0,0,0,501,0
Duration__x__Extent,4670,0,1712,2037,921,0.3665952890792291,0.43618843683083514,0.19721627408993575,1.711968048852567,0.6334047109207709,Hybrid,0.43618843683083514,1712,2037,0,0,0,461,460,0,0,0,0,0,0,0,0,0,0,0,0
Duration__x__Indentation,4670,0,1683,2074,913,0.36038543897216274,0.4441113490364026,0.1955032119914347,1.706541707159348,0.6396145610278373,Hybrid,0.4441113490364026,1683,2074,0,0,0,459,0,0,454,0,0,0,0,0,0,0,0,0,0
Duration__x__Localization,4670,0,1696,2048,926,0.363169164882227,0.43854389721627407,0.19828693790149893,1.7133666466387867,0.636830835117773,Hybrid,0.43854389721627407,1696,2048,0,0,0,465,0,0,0,0,461,0,0,0,0,0,0,0,0
Duration__x__Path_Evolution,4670,0,1737,2034,899,0.37194860813704494,0.43554603854389723,0.19250535331905783,1.703045474243767,0.628051391862955,Hybrid,0.43554603854389723,1737,2034,0,0,0,444,0,0,0,0,0,455,0,0,0,0,0,0,0
Duration__x__Phase_Change,4670,0,1742,2064,864,0.3730192719486081,0.44197002141327624,0.18501070663811564,1.686692348568063,0.6269807280513918,Hybrid,0.44197002141327624,1742,2064,0,0,0,436,0,0,0,0,0,0,428,0,0,0,0,0,0
Duration__x__Sampling_Gaps,4670,0,2961,1191,518,0.6340471092077088,0.2550321199143469,0.11092077087794433,1.377690959809859,0.3659528907922912,Normal,0.6340471092077088,2961,1191,0,0,0,197,0,0,0,0,0,0,0,321,0,0,0,0,0
Duration__x__Sequence_Complexity,4670,0,1632,2051,987,0.3494646680942184,0.439186295503212,0.2113490364025696,1.7366555842647677,0.6505353319057816,Hybrid,0.439186295503212,1632,2051,0,0,0,488,0,0,0,0,0,0,0,0,499,0,0,0,0
Duration__x__Speed,4670,0,1779,2079,812,0.3809421841541756,0.4451820128479657,0.17387580299785868,1.6628807862345456,0.6190578158458244,Hybrid,0.4451820128479657,1779,2079,0,0,0,409,0,0,0,0,0,0,0,0,0,0,0,403,0
Extent__x__Indentation,4670,0,1144,2372,1154,0.2449678800856531,0.5079229122055674,0.24710920770877945,1.7389979075619575,0.7550321199143469,Hybrid,0.5079229122055674,1144,2372,0,0,0,0,578,0,576,0,0,0,0,0,0,0,0,0,0
Extent__x__Localization,4670,0,1263,2452,955,0.2704496788008565,0.5250535331905781,0.2044967880085653,1.6706150429187145,0.7295503211991434,Hybrid,0.5250535331905781,1263,2452,0,0,0,0,453,0,0,0,502,0,0,0,0,0,0,0,0
Extent__x__Path_Evolution,4670,0,1223,2378,1069,0.26188436830835116,0.5092077087794432,0.22890792291220557,1.7178039156045344,0.7381156316916488,Hybrid,0.5092077087794432,1223,2378,0,0,0,0,544,0,0,0,0,525,0,0,0,0,0,0,0
Extent__x__Phase_Change,4670,0,1209,2330,1131,0.2588865096359743,0.4989293361884368,0.24218415417558886,1.742701080061544,0.7411134903640257,Hybrid,0.4989293361884368,1209,2330,0,0,0,0,582,0,0,0,0,0,549,0,0,0,0,0,0
Extent__x__Sampling_Gaps,4670,0,1619,2032,1019,0.3466809421841542,0.43511777301927196,0.21820128479657389,1.7495938730224356,0.6533190578158459,Hybrid,0.43511777301927196,1619,2032,0,0,0,0,501,0,0,0,0,0,0,518,0,0,0,0,0
Extent__x__Sequence_Complexity,4670,0,1149,2366,1155,0.24603854389721627,0.5066381156316917,0.24732334047109208,1.7405523207096079,0.7539614561027838,Hybrid,0.5066381156316917,1149,2366,0,0,0,0,580,0,0,0,0,0,0,0,575,0,0,0,0
Extent__x__Speed,4670,0,1245,2411,1014,0.26659528907922914,0.5162740899357602,0.2171306209850107,1.6963341623326036,0.7334047109207709,Hybrid,0.5162740899357602,1245,2411,0,0,0,0,520,0,0,0,0,0,0,0,0,0,0,494,0
Geometric__x__Kinematic,4670,0,1130,2335,1205,0.24197002141327623,0.5,0.2580299785867238,1.7573981744336409,0.7580299785867237,Hybrid,0.5,1130,2335,0,0,0,0,0,625,0,580,0,0,0,0,0,0,0,0,0
Geometric__x__Spatial_Context,4670,0,1181,2378,1111,0.2528907922912206,0.5092077087794432,0.23790149892933618,1.7280319696313626,0.7471092077087794,Hybrid,0.5092077087794432,1181,2378,0,0,0,0,0,543,0,0,0,0,0,0,0,568,0,0,0
Geometric__x__SpatioTemporal_Dynamics,4670,0,1185,2368,1117,0.25374732334047106,0.507066381156317,0.239186295503212,1.7316255499580158,0.7462526766595289,Hybrid,0.507066381156317,1185,2368,0,0,0,0,0,567,0,0,0,0,0,0,0,0,550,0,0
Geometric__x__Temporal,4670,0,1150,2331,1189,0.2462526766595289,0.49914346895074946,0.2546038543897216,1.755357689404787,0.7537473233404711,Hybrid,0.49914346895074946,1150,2331,0,0,0,0,0,594,0,0,0,0,0,0,0,0,0,0,595
Indentation__x__Localization,4670,0,1161,2331,1178,0.24860813704496787,0.49914346895074946,0.25224839400428267,1.7530816249051973,0.7513918629550321,Hybrid,0.49914346895074946,1161,2331,0,0,0,0,0,0,587,0,591,0,0,0,0,0,0,0,0
Indentation__x__Path_Evolution,4670,0,1149,2328,1193,0.24603854389721627,0.49850107066381155,0.25546038543897215,1.7568146499480672,0.7539614561027838,Hybrid,0.49850107066381155,1149,2328,0,0,0,0,0,0,601,0,0,592,0,0,0,0,0,0,0
Indentation__x__Phase_Change,4670,0,1165,2318,1187,0.2494646680942184,0.4963597430406852,0.25417558886509634,1.7577352827542783,0.7505353319057816,Hybrid,0.4963597430406852,1165,2318,0,0,0,0,0,0,589,0,0,0,598,0,0,0,0,0,0
Indentation__x__Sampling_Gaps,4670,0,1595,2078,997,0.341541755888651,0.4449678800856531,0.21349036402569593,1.738262335201637,0.658458244111349,Hybrid,0.4449678800856531,1595,2078,0,0,0,0,0,0,498,0,0,0,0,499,0,0,0,0,0
Indentation__x__Sequence_Complexity,4670,0,1201,2342,1127,0.25717344753747323,0.5014989293361884,0.24132762312633832,1.739290891160925,0.7428265524625267,Hybrid,0.5014989293361884,1201,2342,0,0,0,0,0,0,581,0,0,0,0,0,546,0,0,0,0
Indentation__x__Speed,4670,0,1177,2336,1157,0.25203426124197004,0.5002141327623126,0.24775160599571736,1.7471635121417546,0.74796573875803,Hybrid,0.5002141327623126,1177,2336,0,0,0,0,0,0,604,0,0,0,0,0,0,0,0,553,0
Kinematic__x__Spatial_Context,4670,0,1357,2441,872,0.2905781584582441,0.5226980728051391,0.1867237687366167,1.6456639110359368,0.7094218415417559,Hybrid,0.5226980728051391,1357,2441,0,0,0,0,0,0,0,461,0,0,0,0,0,411,0,0,0
Kinematic__x__SpatioTemporal_Dynamics,4670,0,1255,2411,1004,0.26873661670235544,0.5162740899357602,0.21498929336188438,1.693611988588095,0.7312633832976445,Hybrid,0.5162740899357602,1255,2411,0,0,0,0,0,0,0,508,0,0,0,0,0,0,496,0,0
Kinematic__x__Temporal,4670,0,1283,2389,998,0.27473233404710923,0.5115631691648822,0.21370449678800857,1.6958220252110812,0.7252676659528908,Hybrid,0.5115631691648822,1283,2389,0,0,0,0,0,0,0,525,0,0,0,0,0,0,0,0,473
Localization__x__Path_Evolution,4670,0,1235,2350,1085,0.2644539614561028,0.5032119914346895,0.23233404710920771,1.7275759797048282,0.7355460385438972,Hybrid,0.5032119914346895,1235,2350,0,0,0,0,0,0,0,0,548,537,0,0,0,0,0,0,0
Localization__x__Phase_Change,4670,0,1232,2353,1085,0.2638115631691649,0.5038543897216274,0.23233404710920771,1.726988270443977,0.7361884368308351,Hybrid,0.5038543897216274,1232,2353,0,0,0,0,0,0,0,0,546,0,539,0,0,0,0,0,0
Localization__x__Sampling_Gaps,4670,0,1601,2066,1003,0.34282655246252675,0.4423982869379015,0.21477516059957175,1.7413752733505592,0.6571734475374732,Hybrid,0.4423982869379015,1601,2066,0,0,0,0,0,0,0,0,499,0,0,504,0,0,0,0,0
Localization__x__Sequence_Complexity,4670,0,1172,2319,1179,0.25096359743040686,0.49657387580299783,0.2524625267665953,1.7558503825529856,0.7490364025695931,Hybrid,0.49657387580299783,1172,2319,0,0,0,0,0,0,0,0,588,0,0,0,591,0,0,0,0
Localization__x__Speed,4670,0,1254,2463,953,0.2685224839400428,0.5274089935760171,0.20406852248394003,1.668122028280039,0.7314775160599571,Hybrid,0.5274089935760171,1254,2463,0,0,0,0,0,0,0,0,473,0,0,0,0,0,0,480,0
Path_Evolution__x__Phase_Change,4670,0,1360,2477,833,0.291220556745182,0.530406852248394,0.17837259100642397,1.625519256381581,0.708779443254818,Hybrid,0.530406852248394,1360,2477,0,0,0,0,0,0,0,0,0,411,422,0,0,0,0,0,0
Path_Evolution__x__Sampling_Gaps,4670,0,1652,2048,970,0.3537473233404711,0.43854389721627407,0.20770877944325483,1.7304981735432625,0.6462526766595289,Hybrid,0.43854389721627407,1652,2048,0,0,0,0,0,0,0,0,0,479,0,491,0,0,0,0,0
Path_Evolution__x__Sequence_Complexity,4670,0,1142,2359,1169,0.24453961456102782,0.5051391862955033,0.25032119914346895,1.7447894417088834,0.7554603854389722,Hybrid,0.5051391862955033,1142,2359,0,0,0,0,0,0,0,0,0,562,0,0,607,0,0,0,0
Path_Evolution__x__Speed,4670,0,1274,2426,970,0.2728051391862955,0.5194860813704497,0.20770877944325483,1.6800930981493474,0.7271948608137045,Hybrid,0.5194860813704497,1274,2426,0,0,0,0,0,0,0,0,0,453,0,0,0,0,0,517,0
Phase_Change__x__Sampling_Gaps,4670,0,1649,2083,938,0.3531049250535332,0.44603854389721626,0.20085653104925053,1.7157129656704688,0.6468950749464668,Hybrid,0.44603854389721626,1649,2083,0,0,0,0,0,0,0,0,0,0,456,482,0,0,0,0,0
Phase_Change__x__Sequence_Complexity,4670,0,1128,2313,1229,0.24154175588865096,0.4952890792291221,0.26316916488222697,1.7670557005416256,0.758458244111349,Hybrid,0.4952890792291221,1128,2313,0,0,0,0,0,0,0,0,0,0,628,0,601,0,0,0,0
Phase_Change__x__Speed,4670,0,1245,2421,1004,0.26659528907922914,0.5184154175588865,0.21498929336188438,1.6915959319041005,0.7334047109207709,Hybrid,0.5184154175588865,1245,2421,0,0,0,0,0,0,0,0,0,0,504,0,0,0,0,500,0
Sampling_Gaps__x__Sequence_Complexity,4670,0,1554,2085,1031,0.332762312633833,0.4464668094218415,0.22077087794432548,1.7493562616129843,0.6672376873661671,Hybrid,0.4464668094218415,1554,2085,0,0,0,0,0,0,0,0,0,0,0,497,534,0,0,0,0
Sampling_Gaps__x__Speed,4670,0,1688,2091,891,0.3614561027837259,0.44775160599571734,0.19079229122055674,1.6964705975588616,0.6385438972162741,Hybrid,0.44775160599571734,1688,2091,0,0,0,0,0,0,0,0,0,0,0,443,0,0,0,448,0
Sequence_Complexity__x__Speed,4670,0,1174,2336,1160,0.25139186295503213,0.5002141327623126,0.24839400428265523,1.748161974121809,0.7486081370449679,Hybrid,0.5002141327623126,1174,2336,0,0,0,0,0,0,0,0,0,0,0,0,583,0,0,577,0
Spatial_Context__x__SpatioTemporal_Dynamics,4670,0,1253,2408,1009,0.2683083511777302,0.5156316916488223,0.21605995717344753,1.6951863622011107,0.7316916488222698,Hybrid,0.5156316916488223,1253,2408,0,0,0,0,0,0,0,0,0,0,0,0,0,477,532,0,0
Spatial_Context__x__Temporal,4670,0,1258,2411,1001,0.26937901498929334,0.5162740899357602,0.21434689507494648,1.6927748848984694,0.7306209850107066,Hybrid,0.5162740899357602,1258,2411,0,0,0,0,0,0,0,0,0,0,0,0,0,504,0,0,497
SpatioTemporal_Dynamics__x__Temporal,4670,0,1306,2458,906,0.2796573875802998,0.5263383297644539,0.19400428265524625,1.6543463680861363,0.7203426124197002,Hybrid,0.5263383297644539,1306,2458,0,0,0,0,0,0,0,0,0,0,0,0,0,0,442,0,464
