trajectory_id,raw_lof,lof_percentile_score,n_features_used,n_neighbors
1,1.596160029409016,0.8896774193548387,100,20
2,1.0769936264573767,0.37290322580645163,100,20
3,1.3291595458861323,0.7845161290322581,100,20
4,1.3801857813533829,0.8135483870967742,100,20
5,1.203171507798217,0.6638709677419354,100,20
6,1.3739897549055704,0.8103225806451613,100,20
7,1.002983026948177,0.09290322580645162,100,20
8,1.0069018743952582,0.10903225806451614,100,20
9,1.1258318635575741,0.5109677419354839,100,20
10,1.0243559017377613,0.17806451612903226,100,20
11,1.0631841406381792,0.32,100,20
12,1.0528806187124862,0.2793548387096774,100,20
13,1.2220064198722465,0.6787096774193548,100,20
14,1.1548331788855897,0.5787096774193549,100,20
15,1.0778925061810152,0.37483870967741933,100,20
16,1.32229658146647,0.78,100,20
17,1.2690214565388307,0.7367741935483871,100,20
18,1.2261770066898894,0.6870967741935484,100,20
19,1.3443949755559512,0.7974193548387096,100,20
20,1.0424288563027369,0.2432258064516129,100,20
21,1.1656580774164422,0.6051612903225806,100,20
22,1.129379718266512,0.5180645161290323,100,20
23,1.0128600156944692,0.1329032258064516,100,20
24,1.4360202459269602,0.8335483870967741,100,20
25,2.1235741152216896,0.9606451612903226,100,20
26,1.330592662548818,0.7864516129032258,100,20
27,1.1520646345110468,0.5709677419354838,100,20
28,1.1814280556535306,0.6335483870967742,100,20
29,1.4501204953106765,0.8380645161290322,100,20
30,1.3221796465778488,0.7793548387096774,100,20
31,1.1011916312300438,0.44387096774193546,100,20
32,1.2497459414636176,0.7187096774193549,100,20
33,1.5316887075660863,0.864516129032258,100,20
34,0.9909118457704169,0.04258064516129032,100,20
35,1.0602206202428917,0.30774193548387097,100,20
36,1.1426117831421179,0.552258064516129,100,20
37,1.0830713722134435,0.39161290322580644,100,20
38,1.1080785955875327,0.46,100,20
39,1.028140568679988,0.1929032258064516,100,20
40,1.1133646122963103,0.47677419354838707,100,20
41,1.0570383851543999,0.2967741935483871,100,20
42,1.0914914499798196,0.42,100,20
43,1.4291288191169302,0.8316129032258065,100,20
44,1.1164062163489494,0.48838709677419356,100,20
45,1.2177801066401532,0.675483870967742,100,20
46,1.0020691543395224,0.08838709677419355,100,20
47,2.404470766030052,0.9703225806451613,100,20
48,1.177900408280715,0.6277419354838709,100,20
49,1.0401456636957847,0.23548387096774193,100,20
50,1.0174164057518897,0.15225806451612903,100,20
51,1.0298715417778688,0.2006451612903226,100,20
52,1.1025008222543473,0.4470967741935484,100,20
53,1.0870841780608163,0.4096774193548387,100,20
54,1.0791250211140433,0.38064516129032255,100,20
55,1.3523614468303449,0.8019354838709677,100,20
56,2.635775410626951,0.9774193548387097,100,20
57,1.0199567664708016,0.16193548387096773,100,20
58,1.131043537176899,0.5219354838709678,100,20
59,0.9948791321409493,0.05935483870967742,100,20
60,1.557223657516579,0.8729032258064516,100,20
61,1.0520348383604763,0.2767741935483871,100,20
62,1.1654718848508012,0.6038709677419355,100,20
63,1.103664272534437,0.4509677419354839,100,20
64,1.6931547142777241,0.9109677419354839,100,20
65,1.019159428033342,0.15870967741935485,100,20
66,1.0252463187643852,0.1832258064516129,100,20
67,1.3282125352103062,0.7832258064516129,100,20
68,1.0308871574434535,0.20516129032258065,100,20
69,1.051883155915681,0.27548387096774196,100,20
70,1.0374985839820732,0.2232258064516129,100,20
71,0.9943677683703493,0.056129032258064517,100,20
72,3.3768731045582334,0.9916129032258064,100,20
73,1.4400779508498158,0.8341935483870968,100,20
74,1.8298183729603192,0.9367741935483871,100,20
75,1.0835649510643592,0.3935483870967742,100,20
76,1.1203035238436165,0.49870967741935485,100,20
77,1.0636133033493012,0.32129032258064516,100,20
78,0.9990557286152443,0.07612903225806451,100,20
79,1.0188729123585962,0.15612903225806452,100,20
80,1.0121022954389598,0.1296774193548387,100,20
81,1.01632198737487,0.14903225806451612,100,20
82,1.5780463216299847,0.8832258064516129,100,20
83,1.3497403697599741,0.8006451612903226,100,20
84,1.064641993487435,0.32645161290322583,100,20
85,1.1582787556365988,0.5832258064516129,100,20
86,1.1876664736924507,0.64,100,20
87,1.1379574181751806,0.5348387096774193,100,20
88,1.0710159948588802,0.3496774193548387,100,20
89,1.5288265600408475,0.8625806451612903,100,20
90,1.8746625739973333,0.9412903225806452,100,20
91,1.1189638381275668,0.49483870967741933,100,20
92,1.266692805236033,0.7341935483870968,100,20
93,1.019173032827941,0.15935483870967743,100,20
94,1.2252990771880792,0.6832258064516129,100,20
95,1.1434676774075332,0.5541935483870968,100,20
96,1.2212786804087852,0.6780645161290323,100,20
97,1.0888139784393729,0.4161290322580645,100,20
98,1.0152143605403594,0.14193548387096774,100,20
99,1.0806199320631134,0.3858064516129032,100,20
100,1.0981500082668745,0.4374193548387097,100,20
101,1.059070328171007,0.30516129032258066,100,20
102,1.2223485695932517,0.6793548387096774,100,20
103,0.9819450897834407,0.016129032258064516,100,20
104,1.3822012453246573,0.8141935483870968,100,20
105,1.4315055201539875,0.832258064516129,100,20
106,1.0636542622275704,0.3225806451612903,100,20
107,1.1136329799371714,0.4780645161290323,100,20
108,1.042879102797457,0.24580645161290324,100,20
109,1.2547583072628816,0.7238709677419355,100,20
110,1.140828898624899,0.5438709677419354,100,20
111,1.0158826639617673,0.14774193548387096,100,20
112,1.032521557144956,0.21096774193548387,100,20
113,1.3037109136979705,0.7619354838709678,100,20
114,1.1085812612507284,0.4619354838709677,100,20
115,0.9987856767414904,0.07483870967741936,100,20
116,1.0750372828719685,0.36516129032258066,100,20
117,1.1485265368362865,0.5632258064516129,100,20
118,1.003698447868208,0.0967741935483871,100,20
119,1.1254729189206332,0.5083870967741936,100,20
120,1.0693598186089663,0.3432258064516129,100,20
121,0.9800132704989375,0.00967741935483871,100,20
122,1.118323918414252,0.4935483870967742,100,20
123,2.7111684699499294,0.9806451612903225,100,20
124,1.7897971945062738,0.9303225806451613,100,20
125,1.3401687012725092,0.7941935483870968,100,20
126,1.0274363060334433,0.19096774193548388,100,20
127,1.0279567637451392,0.19225806451612903,100,20
128,1.015713429909728,0.14451612903225808,100,20
129,1.1476498415033072,0.5612903225806452,100,20
130,1.0451994632500041,0.2541935483870968,100,20
131,0.9919479068177568,0.04645161290322581,100,20
132,1.0711182525492953,0.3503225806451613,100,20
133,1.2602635828654907,0.7296774193548388,100,20
134,1.004226303003696,0.09741935483870967,100,20
135,1.1579393307406218,0.5825806451612904,100,20
136,1.0764035496879631,0.3716129032258065,100,20
137,1.1796360257459522,0.6309677419354839,100,20
138,1.0349810144953016,0.2167741935483871,100,20
139,1.0035894977630404,0.09612903225806452,100,20
140,1.0650306908976641,0.327741935483871,100,20
141,1.004275528827543,0.09870967741935484,100,20
142,1.0542142767569125,0.2845161290322581,100,20
143,0.9967594542700992,0.0664516129032258,100,20
144,1.6308841201942292,0.8974193548387097,100,20
145,1.0411504004921999,0.23870967741935484,100,20
146,1.1854498519470942,0.6374193548387097,100,20
147,1.1507356337795676,0.5664516129032258,100,20
148,1.2084790131751533,0.6683870967741935,100,20
149,1.1953035941189614,0.6529032258064517,100,20
150,1.3553244439467804,0.8032258064516129,100,20
151,1.3032912002681358,0.7612903225806451,100,20
152,1.2538511657597493,0.7225806451612903,100,20
153,1.1397690293867577,0.5406451612903226,100,20
154,1.27271307075879,0.7406451612903225,100,20
155,1.0031619868097348,0.0935483870967742,100,20
156,1.1425386405878553,0.5509677419354839,100,20
157,2.101940805217393,0.9587096774193549,100,20
158,1.9333686290664187,0.9458064516129032,100,20
159,1.1718148344917778,0.62,100,20
160,1.1885394467876536,0.6412903225806451,100,20
161,1.6867623886140055,0.9096774193548387,100,20
162,1.8668479135661098,0.94,100,20
163,1.5957256267577329,0.8890322580645161,100,20
164,1.4096673735718743,0.824516129032258,100,20
165,1.2964721298051516,0.7580645161290323,100,20
166,1.0849391737758711,0.4,100,20
167,1.0720181423938966,0.3554838709677419,100,20
168,1.1082254126168063,0.46064516129032257,100,20
169,1.014141843084888,0.13548387096774195,100,20
170,1.0479036892811107,0.26,100,20
171,1.1641171379039512,0.5980645161290322,100,20
172,1.1717300796176586,0.6180645161290322,100,20
173,1.1892485681277547,0.6432258064516129,100,20
174,0.9974542199616019,0.06903225806451613,100,20
175,1.0548374711985251,0.28774193548387095,100,20
176,1.041195721414556,0.23935483870967741,100,20
177,1.0498334683996984,0.267741935483871,100,20
178,1.1383663081806032,0.5361290322580645,100,20
179,1.105544560161707,0.4567741935483871,100,20
180,1.0250975080553513,0.18193548387096775,100,20
181,1.091725922819519,0.4206451612903226,100,20
182,1.5926886141893422,0.8870967741935484,100,20
183,1.175216960851881,0.6232258064516129,100,20
184,1.247639174548706,0.7180645161290322,100,20
185,1.0367376447265788,0.22,100,20
186,1.230863703230493,0.6948387096774193,100,20
187,1.6562377732215978,0.9064516129032258,100,20
188,1.053795653887529,0.28193548387096773,100,20
189,1.590445974600271,0.8864516129032258,100,20
190,1.2002173912698353,0.6593548387096774,100,20
191,1.1809341233477875,0.6329032258064516,100,20
192,1.4577326589547506,0.84,100,20
193,1.0216007515786996,0.1664516129032258,100,20
194,1.1702111690898218,0.6161290322580645,100,20
195,1.5655025562688696,0.8787096774193548,100,20
196,1.5847685040658006,0.8858064516129033,100,20
197,1.1493872094980746,0.5645161290322581,100,20
198,1.0734244405143198,0.3606451612903226,100,20
199,1.0389578134600748,0.22774193548387098,100,20
200,1.4960878030267772,0.8529032258064516,100,20
201,1.0424455278942204,0.24387096774193548,100,20
202,0.9830771429566958,0.02064516129032258,100,20
203,0.99471677390314,0.05870967741935484,100,20
204,0.9842891317193734,0.023870967741935485,100,20
205,1.017221480380176,0.15161290322580645,100,20
206,1.0791539602420466,0.38129032258064516,100,20
207,1.1333418332031813,0.5258064516129032,100,20
208,0.9818296987919866,0.015483870967741935,100,20
209,1.3378881305373762,0.7929032258064516,100,20
210,1.081761576413445,0.38903225806451613,100,20
211,1.1054600365674587,0.4561290322580645,100,20
212,2.6810846921558493,0.9793548387096774,100,20
213,3.175054089311183,0.9883870967741936,100,20
214,1.048939390142434,0.2645161290322581,100,20
215,1.026863357738725,0.18838709677419355,100,20
216,1.1783495774141084,0.6283870967741936,100,20
217,1.1023850574445275,0.4464516129032258,100,20
218,1.3900258772167429,0.8180645161290323,100,20
219,1.017135871014862,0.15096774193548387,100,20
220,0.9911672764103832,0.044516129032258066,100,20
221,0.9957159903662693,0.06193548387096774,100,20
222,1.1290430573889119,0.5174193548387097,100,20
223,1.0378238875362127,0.22451612903225807,100,20
224,1.7817417361770373,0.9283870967741935,100,20
225,1.084183494517677,0.3961290322580645,100,20
226,1.050241973316613,0.2696774193548387,100,20
227,1.2729696823068104,0.7412903225806452,100,20
228,1.0084642833849773,0.11741935483870967,100,20
229,1.0836779000412977,0.39483870967741935,100,20
230,1.1516066908578941,0.5696774193548387,100,20
231,1.0114413976795622,0.12838709677419355,100,20
232,1.222738908077672,0.6806451612903226,100,20
233,1.0292303197197994,0.19612903225806452,100,20
234,1.143682866118028,0.555483870967742,100,20
235,1.1419543459131023,0.5490322580645162,100,20
236,1.3292845341000792,0.7851612903225806,100,20
237,1.1048493654522955,0.45548387096774196,100,20
238,1.654304716346676,0.9058064516129032,100,20
239,1.1758647284106079,0.6245161290322581,100,20
240,1.123799048368063,0.5051612903225806,100,20
241,1.0958183564670239,0.4309677419354839,100,20
242,1.161959717973863,0.5909677419354838,100,20
243,1.0673549927615316,0.33741935483870966,100,20
244,1.0412098194531945,0.24,100,20
245,1.0598165972894615,0.3064516129032258,100,20
246,1.0321274472880595,0.2103225806451613,100,20
247,1.0613988877301428,0.3141935483870968,100,20
248,1.1974997185538858,0.6561290322580645,100,20
249,1.0349868866019398,0.21741935483870967,100,20
250,1.1369342740956692,0.5329032258064517,100,20
251,1.1844201737749307,0.635483870967742,100,20
252,1.043850321044859,0.24838709677419354,100,20
253,1.0755475073317582,0.3670967741935484,100,20
254,1.0258114758168058,0.18516129032258064,100,20
255,1.258586045070951,0.7270967741935483,100,20
256,1.0064466665236993,0.10580645161290322,100,20
257,1.0016979818964091,0.08774193548387096,100,20
258,1.5343336980552187,0.8664516129032258,100,20
259,1.1261146928374328,0.512258064516129,100,20
260,1.1630626284729475,0.5948387096774194,100,20
261,1.1660131170793722,0.607741935483871,100,20
262,1.1564685166261641,0.58,100,20
263,1.1143065715856413,0.48,100,20
264,1.3076338094244988,0.7670967741935484,100,20
265,1.3101458217634843,0.7690322580645161,100,20
266,1.0394735801933677,0.23161290322580644,100,20
267,1.0947605421322852,0.4290322580645161,100,20
268,1.0007640843817867,0.0832258064516129,100,20
269,1.0367191578515507,0.21935483870967742,100,20
270,1.2451796568986322,0.712258064516129,100,20
271,1.1339287368129534,0.5277419354838709,100,20
272,1.1155661128048195,0.4858064516129032,100,20
273,1.104338412081828,0.45483870967741935,100,20
274,3.1614423638547526,0.987741935483871,100,20
275,1.7240474700680306,0.92,100,20
276,1.1436581508128627,0.5548387096774193,100,20
277,1.040103510853598,0.23483870967741935,100,20
278,1.0648555758768148,0.3270967741935484,100,20
279,1.1606333105106446,0.587741935483871,100,20
280,1.0251558690406237,0.18258064516129033,100,20
281,1.0922674507652668,0.42129032258064514,100,20
282,1.0325617182008313,0.21161290322580645,100,20
283,1.0677086357175445,0.3393548387096774,100,20
284,1.1018408506256927,0.4458064516129032,100,20
285,1.088307251285998,0.4135483870967742,100,20
286,1.0271485119239538,0.19032258064516128,100,20
287,1.056435557780728,0.29419354838709677,100,20
288,1.1414190076660078,0.5470967741935484,100,20
289,1.0330270257833196,0.2129032258064516,100,20
290,1.4718251636115598,0.8458064516129032,100,20
291,1.0884796772170566,0.41483870967741937,100,20
292,1.1257670940362963,0.5096774193548387,100,20
293,1.0105086930575062,0.12516129032258064,100,20
294,1.0516548188404289,0.27483870967741936,100,20
295,1.19784302843114,0.6567741935483871,100,20
296,1.0612041644331514,0.31225806451612903,100,20
297,1.0582114725067875,0.30193548387096775,100,20
298,1.0379491841968793,0.22516129032258064,100,20
299,1.1132184167722916,0.4761290322580645,100,20
300,1.160360599576283,0.5870967741935483,100,20
301,0.9980077242333744,0.07161290322580645,100,20
302,1.059743735116336,0.3058064516129032,100,20
303,1.3046297298568998,0.7632258064516129,100,20
304,1.78511484654307,0.9290322580645162,100,20
305,1.1593045283938799,0.5851612903225807,100,20
306,1.150159112151202,0.5658064516129032,100,20
307,1.3127556258215602,0.772258064516129,100,20
308,1.047476288954412,0.25870967741935486,100,20
309,1.2280195908900513,0.6909677419354838,100,20
310,1.3863878506320195,0.8167741935483871,100,20
311,1.5354686523081382,0.8670967741935484,100,20
312,1.0410930977691681,0.23806451612903226,100,20
313,1.036893312994127,0.22064516129032258,100,20
314,1.124056855319061,0.5058064516129033,100,20
315,1.0225026828263304,0.17225806451612904,100,20
316,1.0306822715523225,0.20387096774193547,100,20
317,1.3170234884656769,0.775483870967742,100,20
318,1.3790975640633214,0.8116129032258065,100,20
319,0.9971945377588598,0.06709677419354838,100,20
320,1.1754297458240692,0.6238709677419355,100,20
321,2.828506795638402,0.9825806451612903,100,20
322,1.1743862224825625,0.6206451612903225,100,20
323,1.1035599751642944,0.4503225806451613,100,20
324,0.9986912733695743,0.07419354838709677,100,20
325,1.0709169281328568,0.34903225806451615,100,20
326,1.2045417026453422,0.6664516129032259,100,20
327,0.9963634413654647,0.06516129032258064,100,20
328,1.075584374823102,0.36838709677419357,100,20
329,1.0657964220085607,0.3309677419354839,100,20
330,1.1643183990514714,0.6,100,20
331,1.0677456234115987,0.34,100,20
332,0.9979271238131974,0.0703225806451613,100,20
333,1.2022066699811034,0.6619354838709678,100,20
334,1.0540832447171415,0.28258064516129033,100,20
335,0.9788308714734809,0.007741935483870968,100,20
336,0.9918351786284354,0.045806451612903226,100,20
337,0.997261815540573,0.06774193548387097,100,20
338,2.431032655258461,0.9709677419354839,100,20
339,1.1982439326162744,0.6574193548387097,100,20
340,1.2632450578642809,0.7309677419354839,100,20
341,1.5297208444372783,0.8638709677419355,100,20
342,1.1836148582940518,0.6341935483870967,100,20
343,1.063791874768219,0.3232258064516129,100,20
344,1.188919045868317,0.6419354838709678,100,20
345,2.504821126071163,0.9735483870967742,100,20
346,1.0005796068766997,0.08193548387096775,100,20
347,1.0645495333251398,0.3258064516129032,100,20
348,1.1397171623414837,0.54,100,20
349,1.1717979985507392,0.6193548387096774,100,20
350,0.9823303447105731,0.016774193548387096,100,20
351,0.9868320812277493,0.03096774193548387,100,20
352,1.0865250560458013,0.40580645161290324,100,20
353,1.2283787420352028,0.692258064516129,100,20
354,1.0373860470632195,0.22258064516129034,100,20
355,1.7094954057998302,0.9148387096774193,100,20
356,1.4747895470660373,0.8470967741935483,100,20
357,1.3955817806879525,0.8206451612903226,100,20
358,1.6413155217794704,0.9019354838709678,100,20
359,2.180929763307901,0.9638709677419355,100,20
360,1.055431148617999,0.29096774193548386,100,20
361,8.839683605434068,0.9993548387096775,100,20
362,1.1762936111252855,0.6258064516129033,100,20
363,0.9827617368824442,0.01935483870967742,100,20
364,1.254750510192442,0.7232258064516129,100,20
365,0.9766196056529705,0.0032258064516129032,100,20
366,1.5645657245109548,0.8774193548387097,100,20
367,0.9780565239807555,0.005161290322580645,100,20
368,1.0598321986505221,0.30709677419354836,100,20
369,1.1199651179680346,0.4974193548387097,100,20
370,1.135180196115979,0.5296774193548387,100,20
371,1.0780111965641497,0.37548387096774194,100,20
372,1.566241000746641,0.8793548387096775,100,20
373,1.0050859906419212,0.10193548387096774,100,20
374,1.2875062290851487,0.7529032258064516,100,20
375,1.4237155479428643,0.8303225806451613,100,20
376,1.2519702599879992,0.72,100,20
377,1.416583221280525,0.8258064516129032,100,20
378,2.2543001124359003,0.9658064516129032,100,20
379,1.884251540285548,0.9425806451612904,100,20
380,1.3117038803657153,0.7709677419354839,100,20
381,0.9807642231557242,0.012903225806451613,100,20
382,1.049836511925442,0.26838709677419353,100,20
383,1.225860314785778,0.6858064516129032,100,20
384,1.6350552652876835,0.9,100,20
385,1.139047131269245,0.5374193548387097,100,20
386,1.1884888619863367,0.6406451612903226,100,20
387,1.2766980006749333,0.7438709677419355,100,20
388,1.0397983535113084,0.23290322580645162,100,20
389,1.0068483757567652,0.10838709677419354,100,20
390,1.0449204284888811,0.25290322580645164,100,20
391,1.0071252269804136,0.11032258064516129,100,20
392,1.2108715553823366,0.672258064516129,100,20
393,1.1029569373353947,0.44903225806451613,100,20
394,1.3330631442621448,0.7883870967741935,100,20
395,1.1220578283871074,0.5012903225806452,100,20
396,1.2842853521383213,0.7496774193548387,100,20
397,1.6531398325513624,0.9051612903225806,100,20
398,2.6685307845663013,0.9787096774193549,100,20
399,1.1565042572436797,0.5806451612903226,100,20
400,1.2715359562682944,0.7393548387096774,100,20
401,1.153149888632004,0.5748387096774193,100,20
402,1.1134709867187582,0.4774193548387097,100,20
403,1.1564588170410806,0.5793548387096774,100,20
404,1.2866909075509896,0.7516129032258064,100,20
405,1.0148628543838423,0.13806451612903226,100,20
406,1.0056204880506772,0.10387096774193548,100,20
407,1.640086681650199,0.9012903225806451,100,20
408,1.2312610917408313,0.6961290322580646,100,20
409,1.2522293950851295,0.7206451612903226,100,20
410,0.9927587783999456,0.05096774193548387,100,20
411,1.0262456235963264,0.18645161290322582,100,20
412,4.499842165483511,0.9961290322580645,100,20
413,1.1407075143252683,0.5432258064516129,100,20
414,1.3963308340641447,0.8212903225806452,100,20
415,1.2824675357849111,0.747741935483871,100,20
416,2.1783423767145416,0.9625806451612903,100,20
417,3.4696759820478107,0.9935483870967742,100,20
418,1.3692188877730094,0.807741935483871,100,20
419,1.163587786687421,0.5954838709677419,100,20
420,1.1767014138533243,0.6264516129032258,100,20
421,1.204079136552923,0.6645161290322581,100,20
422,0.9870148901580766,0.031612903225806455,100,20
423,1.476652146891428,0.847741935483871,100,20
424,1.0865494791190646,0.4064516129032258,100,20
425,1.007196772127577,0.11161290322580646,100,20
426,1.1119832605140765,0.47096774193548385,100,20
427,1.0032601735157614,0.09419354838709677,100,20
428,1.1394894979915176,0.5393548387096774,100,20
429,1.039006781076195,0.22903225806451613,100,20
430,1.1042433476033913,0.4541935483870968,100,20
431,1.0001604509339979,0.08064516129032258,100,20
432,1.0853367280543904,0.4012903225806452,100,20
433,1.024846970695828,0.18,100,20
434,0.9965844322470907,0.06580645161290323,100,20
435,1.0864051167635753,0.40516129032258064,100,20
436,2.468464684605659,0.9722580645161291,100,20
437,1.087418724226059,0.4103225806451613,100,20
438,1.029825337111726,0.19870967741935483,100,20
439,1.0424243173753205,0.24258064516129033,100,20
440,0.9696849915676463,0.0,100,20
441,1.341312077921622,0.7948387096774193,100,20
442,1.0783594068681115,0.3774193548387097,100,20
443,1.0013887124282077,0.08580645161290322,100,20
444,1.5838735192850215,0.8845161290322581,100,20
445,1.0320206016268705,0.20903225806451614,100,20
446,1.088735785059779,0.4154838709677419,100,20
447,1.1129175037801933,0.47419354838709676,100,20
448,1.0200787726038043,0.1625806451612903,100,20
449,1.6624721054406635,0.9070967741935484,100,20
450,1.3827916304846908,0.8148387096774193,100,20
451,1.0942746664507754,0.4270967741935484,100,20
452,1.225948653071602,0.6864516129032258,100,20
453,1.1394552227023547,0.5387096774193548,100,20
454,1.269730605164503,0.7374193548387097,100,20
455,1.0971844220311402,0.43483870967741933,100,20
456,1.136409305517613,0.532258064516129,100,20
457,1.1670663432371844,0.6096774193548387,100,20
458,1.243727818698562,0.7090322580645161,100,20
459,1.5453993604854908,0.8690322580645161,100,20
460,1.1529973271393488,0.5741935483870968,100,20
461,1.0588189243274404,0.3032258064516129,100,20
462,1.0602931747785351,0.3090322580645161,100,20
463,1.162082837900239,0.5922580645161291,100,20
464,1.0249641586854996,0.18064516129032257,100,20
465,1.2470381594188429,0.7174193548387097,100,20
466,1.1151445975259489,0.4838709677419355,100,20
467,1.167575517378209,0.6116129032258064,100,20
468,0.9737048837954868,0.001935483870967742,100,20
469,1.1697319047081032,0.6154838709677419,100,20
470,1.0452567492135096,0.25483870967741934,100,20
471,1.0656927325248184,0.3303225806451613,100,20
472,1.074617820459619,0.36451612903225805,100,20
473,1.0009756782197123,0.08451612903225807,100,20
474,0.9703184922276012,0.0006451612903225806,100,20
475,1.246179869738853,0.7167741935483871,100,20
476,0.9839065011255537,0.02193548387096774,100,20
477,1.1113469236365696,0.46774193548387094,100,20
478,1.3658620233816638,0.8051612903225807,100,20
479,1.5112706876608346,0.8567741935483871,100,20
480,1.0787099016645265,0.37870967741935485,100,20
481,1.2561592556803958,0.7258064516129032,100,20
482,1.062028782365498,0.3167741935483871,100,20
483,1.000730805657863,0.08258064516129032,100,20
484,1.1083430425686143,0.4612903225806452,100,20
485,1.7680324327446535,0.9258064516129032,100,20
486,1.044050522091268,0.24903225806451612,100,20
487,1.34764444798246,0.7993548387096774,100,20
488,1.0025265553838496,0.09161290322580645,100,20
489,1.0893974086825953,0.4167741935483871,100,20
490,1.123035033872537,0.5038709677419355,100,20
491,1.002807541944917,0.09225806451612903,100,20
492,1.0867247255691495,0.4070967741935484,100,20
493,1.1441076731808928,0.5567741935483871,100,20
494,1.0667599159138292,0.33548387096774196,100,20
495,0.9807463806857679,0.012258064516129033,100,20
496,1.0676631676287724,0.3387096774193548,100,20
497,1.2968648845852893,0.7593548387096775,100,20
498,1.2402219002391095,0.7064516129032258,100,20
499,1.0707144194041267,0.34838709677419355,100,20
500,1.097940531952905,0.4367741935483871,100,20
501,1.8558411035381297,0.9387096774193548,100,20
502,1.0682817610543924,0.34258064516129033,100,20
503,1.2335747341582606,0.7006451612903226,100,20
504,1.0510630514118895,0.27225806451612905,100,20
505,1.0155718556122066,0.1432258064516129,100,20
506,1.1150718872181886,0.48258064516129034,100,20
507,1.1659812477090639,0.6064516129032258,100,20
508,1.0115831368179022,0.12903225806451613,100,20
509,1.03928436628899,0.23096774193548386,100,20
510,0.9920985407780323,0.04838709677419355,100,20
511,1.1384881068867492,0.5367741935483871,100,20
512,1.1202512768221373,0.49806451612903224,100,20
513,1.2906290105893865,0.7541935483870967,100,20
514,1.5957170897578365,0.8883870967741936,100,20
515,1.022323190796164,0.1703225806451613,100,20
516,1.015740610985317,0.14516129032258066,100,20
517,1.4331134045001832,0.8329032258064516,100,20
518,0.9877047645178905,0.035483870967741936,100,20
519,1.0850530121577207,0.40064516129032257,100,20
520,0.9824107984302985,0.017419354838709676,100,20
521,1.0098853192588066,0.12193548387096774,100,20
522,1.150737530160916,0.5670967741935484,100,20
523,1.0590356109888828,0.30451612903225805,100,20
524,1.0482364037172738,0.26193548387096777,100,20
525,1.1315522616575802,0.5232258064516129,100,20
526,1.0718161327595452,0.3529032258064516,100,20
527,1.0425383122841767,0.24451612903225806,100,20
528,1.2911746095602554,0.7554838709677419,100,20
529,0.9957515234819164,0.06258064516129032,100,20
530,1.1673847588225876,0.6103225806451613,100,20
531,1.490756188710737,0.8509677419354839,100,20
532,1.051242318935741,0.2729032258064516,100,20
533,1.2459863772107138,0.7161290322580646,100,20
534,1.002523252899837,0.09096774193548388,100,20
535,1.050694298471315,0.2703225806451613,100,20
536,1.0073289198825761,0.11290322580645161,100,20
537,0.987803333154527,0.03612903225806452,100,20
538,1.225616735508487,0.6845161290322581,100,20
539,2.042132909594887,0.9535483870967741,100,20
540,1.4661570046544719,0.8432258064516129,100,20
541,1.4740054645918244,0.8464516129032258,100,20
542,1.4013422860221605,0.8232258064516129,100,20
543,1.8275205276679056,0.9354838709677419,100,20
544,1.2746284096759006,0.7425806451612903,100,20
545,1.1413317367620468,0.5464516129032259,100,20
546,1.8313532421521657,0.9380645161290323,100,20
547,1.1510125718330042,0.567741935483871,100,20
548,26.64242712252814,1.0,100,20
549,1.5535043909668755,0.8709677419354839,100,20
550,1.3373238907229068,0.7916129032258065,100,20
551,1.417528082446617,0.8264516129032258,100,20
552,1.2065760875383542,0.6670967741935484,100,20
553,1.4425907314556636,0.8361290322580646,100,20
554,3.0292649942399814,0.9858064516129033,100,20
555,1.0102702471906864,0.12387096774193548,100,20
556,1.4621444898220557,0.8412903225806452,100,20
557,1.3220614280634355,0.7780645161290323,100,20
558,1.2337397602586644,0.7012903225806452,100,20
559,1.5161046316093223,0.8606451612903225,100,20
560,1.5941910378960507,0.8877419354838709,100,20
561,1.1266980001539477,0.5129032258064516,100,20
562,1.7265441184506785,0.9206451612903226,100,20
563,1.010036918991902,0.12258064516129032,100,20
564,1.0663912359804664,0.3329032258064516,100,20
565,1.2280633276060293,0.6916129032258065,100,20
566,1.2311972619696532,0.6954838709677419,100,20
567,1.550219847544159,0.8703225806451613,100,20
568,1.0999615455507903,0.44,100,20
569,0.9943486544173694,0.054838709677419356,100,20
570,1.0333984722660234,0.2135483870967742,100,20
571,1.0578563533530432,0.3006451612903226,100,20
572,1.030965274273088,0.20580645161290323,100,20
573,1.1644865429994047,0.6006451612903225,100,20
574,1.0553524668523484,0.2903225806451613,100,20
575,0.9887868010422487,0.03935483870967742,100,20
576,1.0535520204238749,0.2812903225806452,100,20
577,3.4382250970765833,0.9929032258064516,100,20
578,1.154088396985948,0.5754838709677419,100,20
579,1.30465164451502,0.7638709677419355,100,20
580,1.0720044288766915,0.3548387096774194,100,20
581,1.0342070071538316,0.21483870967741936,100,20
582,1.0167805490025834,0.14967741935483872,100,20
583,1.1009151929015826,0.4425806451612903,100,20
584,1.0298711009831225,0.2,100,20
585,1.1408955393267886,0.5451612903225806,100,20
586,2.5938990650822875,0.9761290322580645,100,20
587,1.39292787791526,0.8193548387096774,100,20
588,1.309610851268975,0.7683870967741936,100,20
589,1.1376457544636307,0.5341935483870968,100,20
590,0.9985363019911695,0.07290322580645162,100,20
591,1.39324675463229,0.82,100,20
592,1.4863192648469465,0.8503225806451613,100,20
593,1.5222371771731669,0.8619354838709677,100,20
594,1.3159555238911813,0.7741935483870968,100,20
595,1.2670428182450049,0.7348387096774194,100,20
596,1.1647798802266007,0.6012903225806452,100,20
597,1.232272583177834,0.6980645161290323,100,20
598,2.329022109225743,0.967741935483871,100,20
599,2.386605959316345,0.9696774193548388,100,20
600,3.1872605058096797,0.9890322580645161,100,20
601,2.516326943519987,0.9741935483870968,100,20
602,2.0957905527073484,0.9580645161290322,100,20
603,2.270598580579315,0.9664516129032258,100,20
604,2.1325970336957636,0.9619354838709677,100,20
605,2.907196578176677,0.9851612903225806,100,20
606,5.1935680907722075,0.9967741935483871,100,20
607,4.490923502400494,0.9954838709677419,100,20
608,0.9827337055636327,0.01870967741935484,100,20
609,1.1955792689658093,0.6535483870967742,100,20
610,1.5291813871020592,0.863225806451613,100,20
611,1.4419077711745025,0.8348387096774194,100,20
612,1.0301024887193846,0.20129032258064516,100,20
613,1.0218758551958644,0.16774193548387098,100,20
614,2.031610965374746,0.9516129032258065,100,20
615,0.9874098024942576,0.03354838709677419,100,20
616,2.308786207428871,0.9670967741935483,100,20
617,1.1856666375241143,0.6380645161290323,100,20
618,1.2225257781536998,0.68,100,20
619,1.0771346209738724,0.3735483870967742,100,20
620,1.2339479161536557,0.7019354838709677,100,20
621,1.10037703162985,0.4406451612903226,100,20
622,1.3422943271204137,0.795483870967742,100,20
623,1.232707111782804,0.6993548387096774,100,20
624,1.0663138985079468,0.33225806451612905,100,20
625,1.1664810506497543,0.6090322580645161,100,20
626,1.2197020303714994,0.6774193548387096,100,20
627,1.1089585836586127,0.4645161290322581,100,20
628,1.071645700866885,0.35161290322580646,100,20
629,1.0024090420379015,0.09032258064516129,100,20
630,1.1426980336366903,0.5529032258064516,100,20
631,1.1174953616161927,0.49096774193548387,100,20
632,0.9944044372566829,0.0567741935483871,100,20
633,1.5807706403824655,0.8838709677419355,100,20
634,2.3804533244902784,0.9690322580645161,100,20
635,2.040976066325121,0.952258064516129,100,20
636,1.7224648453660056,0.9193548387096774,100,20
637,1.628748293148956,0.895483870967742,100,20
638,1.3055551435373747,0.7645161290322581,100,20
639,1.5665290537007377,0.88,100,20
640,1.7587106546427982,0.9238709677419354,100,20
641,1.0743418222784507,0.3638709677419355,100,20
642,1.0542341870039347,0.28516129032258064,100,20
643,1.0759398341714796,0.3696774193548387,100,20
644,1.0781083737421244,0.3761290322580645,100,20
645,1.1586125147096569,0.5838709677419355,100,20
646,1.531914542170146,0.8651612903225806,100,20
647,1.030312989214074,0.20258064516129032,100,20
648,1.0042779783729123,0.09935483870967741,100,20
649,1.7038681340899458,0.9135483870967742,100,20
650,1.1356013289387472,0.5309677419354839,100,20
651,1.142584545871218,0.5516129032258065,100,20
652,0.9878954727512228,0.03741935483870968,100,20
653,1.2168144906408627,0.6748387096774193,100,20
654,1.0157714571494219,0.14580645161290323,100,20
655,1.0012706228437718,0.08516129032258064,100,20
656,1.1967989500297338,0.6541935483870968,100,20
657,1.0102570672580984,0.12322580645161291,100,20
658,1.078600583916586,0.37806451612903225,100,20
659,1.1529745953618673,0.5735483870967742,100,20
660,1.281041161036763,0.7458064516129033,100,20
661,1.648692102917499,0.9038709677419355,100,20
662,1.0792601594022055,0.38193548387096776,100,20
663,1.0519780510278545,0.2761290322580645,100,20
664,1.1304431453625057,0.5206451612903226,100,20
665,1.0721013007600801,0.3561290322580645,100,20
666,1.0227383523201241,0.17290322580645162,100,20
667,1.001465572663554,0.08645161290322581,100,20
668,1.0697196873205967,0.34516129032258064,100,20
669,1.1183150929662455,0.49290322580645163,100,20
670,1.329464029201466,0.7858064516129032,100,20
671,1.1624865619657254,0.5929032258064516,100,20
672,1.074110675677805,0.3632258064516129,100,20
673,1.0576483492980793,0.29935483870967744,100,20
674,1.013671336550816,0.13419354838709677,100,20
675,1.0043361429350788,0.1,100,20
676,0.997378915784382,0.06838709677419355,100,20
677,1.012171612064395,0.13032258064516128,100,20
678,1.1659875126867192,0.6070967741935483,100,20
679,1.0223676587931776,0.17096774193548386,100,20
680,1.002298002511166,0.08903225806451613,100,20
681,0.9994101444127612,0.07870967741935483,100,20
682,1.0982133318089815,0.43806451612903224,100,20
683,1.0149394016412283,0.13870967741935483,100,20
684,1.0522168683673672,0.27741935483870966,100,20
685,1.2458563754647451,0.7148387096774194,100,20
686,1.0976575219935623,0.43548387096774194,100,20
687,1.1011200135862078,0.4432258064516129,100,20
688,1.054173797730898,0.2832258064516129,100,20
689,1.3063624204714048,0.7651612903225806,100,20
690,0.995133386088501,0.06064516129032258,100,20
691,1.3443573958416823,0.7967741935483871,100,20
692,1.190650357998536,0.6458064516129032,100,20
693,1.1919757833633375,0.6477419354838709,100,20
694,1.1140262352630048,0.47935483870967743,100,20
695,1.0278031316081548,0.19161290322580646,100,20
696,0.999075078631883,0.07677419354838709,100,20
697,1.007622960023599,0.1135483870967742,100,20
698,0.9884548269432255,0.03870967741935484,100,20
699,0.9766076631883452,0.0025806451612903226,100,20
700,1.019151274687467,0.15806451612903225,100,20
701,1.0051475592484274,0.10258064516129033,100,20
702,0.9767408566126031,0.003870967741935484,100,20
703,1.0942548047589509,0.4264516129032258,100,20
704,1.159858274789389,0.5864516129032258,100,20
705,1.2013626033364189,0.6606451612903226,100,20
706,1.0924618254255987,0.42258064516129035,100,20
707,1.104172148707307,0.4535483870967742,100,20
708,1.2122091162087203,0.6729032258064516,100,20
709,1.0215015969507786,0.16516129032258065,100,20
710,1.0483894795253812,0.26387096774193547,100,20
711,1.0402129437499787,0.2361290322580645,100,20
712,1.3041746689205889,0.7625806451612903,100,20
713,0.9979479085671722,0.07096774193548387,100,20
714,1.5138930406465387,0.8587096774193549,100,20
715,1.0321028140398936,0.20967741935483872,100,20
716,1.0854600256197438,0.4019354838709677,100,20
717,1.0064875650591198,0.1064516129032258,100,20
718,1.0925959574255117,0.4232258064516129,100,20
719,1.1403851646677734,0.5425806451612903,100,20
720,2.5247578379102156,0.9748387096774194,100,20
721,1.3162511535965404,0.7748387096774193,100,20
722,1.2029413185480062,0.6632258064516129,100,20
723,1.2715611758038694,0.74,100,20
724,1.134067413550961,0.5283870967741936,100,20
725,1.3829933637069503,0.8154838709677419,100,20
726,1.887634831509685,0.9432258064516129,100,20
727,1.049303421652424,0.2658064516129032,100,20
728,3.4030526286832457,0.9922580645161291,100,20
729,1.1473672898505822,0.5606451612903226,100,20
730,1.717404989405177,0.9174193548387096,100,20
731,1.028785124194936,0.19419354838709676,100,20
732,1.2907668352590331,0.7548387096774194,100,20
733,1.3725758080714625,0.8090322580645162,100,20
734,0.987922265331249,0.03806451612903226,100,20
735,0.9852795530285068,0.026451612903225806,100,20
736,1.5845968606438512,0.8851612903225806,100,20
737,1.1546348800967254,0.5774193548387097,100,20
738,1.384752109021082,0.8161290322580645,100,20
739,1.7941555210374527,0.9316129032258065,100,20
740,1.343348227042799,0.7961290322580645,100,20
741,1.344480393243745,0.7980645161290323,100,20
742,1.2548184284041175,0.724516129032258,100,20
743,1.0344954853023884,0.21548387096774194,100,20
744,1.2105383683711888,0.6709677419354839,100,20
745,1.1289846723369963,0.516774193548387,100,20
746,1.118939842101359,0.4941935483870968,100,20
747,1.568943492214753,0.8812903225806452,100,20
748,1.26900319895466,0.7361290322580645,100,20
749,1.011345708588751,0.12774193548387097,100,20
750,1.2041541599463952,0.6651612903225806,100,20
751,1.0294584315738677,0.19741935483870968,100,20
752,1.984211122584964,0.9470967741935484,100,20
753,1.1363335995508794,0.5316129032258065,100,20
754,1.2457549058896145,0.7135483870967742,100,20
755,1.0990877414453735,0.43870967741935485,100,20
756,1.2258484086872912,0.6851612903225807,100,20
757,1.0215280810614935,0.16580645161290322,100,20
758,1.1608799284923823,0.5883870967741935,100,20
759,1.071625564568316,0.35096774193548386,100,20
760,1.2339635317760573,0.7025806451612904,100,20
761,1.2284836333538853,0.6929032258064516,100,20
762,1.1277321746690259,0.5148387096774194,100,20
763,1.0397319570160632,0.23225806451612904,100,20
764,1.1380705380354954,0.535483870967742,100,20
765,1.1480441236364365,0.5625806451612904,100,20
766,1.0406073508551634,0.2367741935483871,100,20
767,1.0444022236056745,0.2503225806451613,100,20
768,0.9833147516794545,0.02129032258064516,100,20
769,1.1174726743992622,0.49032258064516127,100,20
770,1.0447837318951612,0.25225806451612903,100,20
771,0.9783893178428841,0.0064516129032258064,100,20
772,1.0794303706395743,0.3832258064516129,100,20
773,1.3289936706342258,0.7838709677419354,100,20
774,1.1937461687127122,0.6503225806451612,100,20
775,1.1154791762778289,0.48516129032258065,100,20
776,1.746814260009716,0.9225806451612903,100,20
777,1.1640444620978923,0.5961290322580645,100,20
778,1.1075314585767086,0.4593548387096774,100,20
779,1.0256581589106961,0.18451612903225806,100,20
780,1.1353134697880858,0.5303225806451612,100,20
781,1.417682669375862,0.8270967741935484,100,20
782,1.1344465983929015,0.5290322580645161,100,20
783,1.2556641167134241,0.7251612903225807,100,20
784,1.069449686799493,0.3445161290322581,100,20
785,1.3118614754727875,0.7716129032258064,100,20
786,1.049076964545717,0.2651612903225806,100,20
787,0.996096309091915,0.06451612903225806,100,20
788,1.020968132964374,0.1638709677419355,100,20
789,1.184828443333996,0.636774193548387,100,20
790,1.2232643971364916,0.6812903225806451,100,20
791,1.0236065750538235,0.17419354838709677,100,20
792,1.0802083494752879,0.3851612903225806,100,20
793,1.0157898192194523,0.1464516129032258,100,20
794,1.1127472543319148,0.4729032258064516,100,20
795,1.127275058298673,0.5141935483870967,100,20
796,1.1674227522436174,0.6109677419354839,100,20
797,1.0375187448173089,0.2238709677419355,100,20
798,1.161919652563783,0.5903225806451613,100,20
799,1.1438680368622673,0.5561290322580645,100,20
800,1.076887942238833,0.37225806451612903,100,20
801,1.1683067221999877,0.6141935483870967,100,20
802,1.5691151653997726,0.8819354838709678,100,20
803,1.1073607503703768,0.4587096774193548,100,20
804,1.1149972234542358,0.48193548387096774,100,20
805,1.1056549889761362,0.45741935483870966,100,20
806,1.3279064154288192,0.7819354838709678,100,20
807,1.4663627484688637,0.8438709677419355,100,20
808,0.9996721447759371,0.07935483870967742,100,20
809,0.9923579491871444,0.04967741935483871,100,20
810,1.1616838284942708,0.5890322580645161,100,20
811,1.0833370448423825,0.3929032258064516,100,20
812,0.9812532000884875,0.014193548387096775,100,20
813,1.5369460656057936,0.867741935483871,100,20
814,1.0089713985726514,0.11935483870967742,100,20
815,0.991686363665117,0.04516129032258064,100,20
816,2.6996719481841027,0.98,100,20
817,1.0293595780251998,0.1967741935483871,100,20
818,1.2150203288275203,0.6741935483870968,100,20
819,1.0292174564982597,0.19548387096774195,100,20
820,1.1874002529074628,0.6393548387096775,100,20
821,1.019292794385168,0.16,100,20
822,1.0390323484823676,0.2296774193548387,100,20
823,1.0265593655625627,0.1870967741935484,100,20
824,1.533143814536968,0.8658064516129033,100,20
825,0.9875397597774194,0.034193548387096775,100,20
826,0.992878652980826,0.05161290322580645,100,20
827,1.0782474608338315,0.3767741935483871,100,20
828,1.1441748759252763,0.5574193548387096,100,20
829,1.055437072724126,0.29161290322580646,100,20
830,1.1323302522266245,0.5245161290322581,100,20
831,1.3220647825057898,0.7787096774193548,100,20
832,0.9845840599041707,0.024516129032258065,100,20
833,1.122633898048559,0.5025806451612903,100,20
834,1.133266651942643,0.5251612903225806,100,20
835,1.1660188035263155,0.6083870967741936,100,20
836,1.0630539940170263,0.31870967741935485,100,20
837,1.021832261879915,0.16709677419354838,100,20
838,1.2457809221508025,0.7141935483870968,100,20
839,1.1717789722215366,0.6187096774193548,100,20
840,1.029635799792617,0.19806451612903225,100,20
841,1.0588590640609465,0.3038709677419355,100,20
842,1.108687980243029,0.4625806451612903,100,20
843,1.02695193421416,0.1896774193548387,100,20
844,1.154660767581945,0.5780645161290323,100,20
845,1.0258834423371765,0.18580645161290324,100,20
846,1.0071346688468537,0.11096774193548387,100,20
847,1.0551257065162996,0.28903225806451616,100,20
848,1.1131355752249212,0.4754838709677419,100,20
849,1.1744213640295347,0.6212903225806452,100,20
850,1.282369705431757,0.7470967741935484,100,20
851,1.1640896323060823,0.5974193548387097,100,20
852,1.0789390224744049,0.38,100,20
853,1.3072522143261067,0.7664516129032258,100,20
854,1.0067498787659914,0.10774193548387097,100,20
855,0.9852749842214841,0.025806451612903226,100,20
856,3.3719183629570573,0.9909677419354839,100,20
857,0.9863345526412417,0.02838709677419355,100,20
858,1.3735820214238486,0.8096774193548387,100,20
859,0.9853389497801583,0.027096774193548386,100,20
860,1.0698823767241126,0.34580645161290324,100,20
861,1.0152062568400553,0.14129032258064517,100,20
862,1.073579182149491,0.36193548387096774,100,20
863,1.0066099074645014,0.10709677419354839,100,20
864,1.0407034148652123,0.23741935483870968,100,20
865,1.0497791326707848,0.2670967741935484,100,20
866,1.1403079604852961,0.5419354838709678,100,20
867,1.037350766397957,0.22193548387096773,100,20
868,1.2503686807051686,0.7193548387096774,100,20
869,1.073096951476122,0.36,100,20
870,1.018766909293994,0.15548387096774194,100,20
871,1.0943816115871123,0.42838709677419357,100,20
872,0.9808160869754369,0.013548387096774193,100,20
873,1.087043868153414,0.40903225806451615,100,20
874,1.0821173322700008,0.3896774193548387,100,20
875,1.0621200179137105,0.3174193548387097,100,20
876,1.1104496082022561,0.4670967741935484,100,20
877,1.0461693155509546,0.2561290322580645,100,20
878,1.0399931640145943,0.23419354838709677,100,20
879,1.283113499559996,0.7483870967741936,100,20
880,1.1028945919826758,0.4483870967741935,100,20
881,1.0752650424797376,0.3658064516129032,100,20
882,1.1948916460883185,0.652258064516129,100,20
883,1.125411410164155,0.5077419354838709,100,20
884,1.12697357476465,0.5135483870967742,100,20
885,1.7163471207178405,0.9161290322580645,100,20
886,1.5593582381020927,0.8735483870967742,100,20
887,1.1479583125788086,0.5619354838709677,100,20
888,1.8284310581185417,0.9361290322580645,100,20
889,1.6647761576092344,0.9077419354838709,100,20
890,1.1908134588759745,0.6464516129032258,100,20
891,1.2821261006339202,0.7464516129032258,100,20
892,1.5636670254586351,0.8767741935483871,100,20
893,1.1785945903929456,0.6290322580645161,100,20
894,1.630772232536528,0.896774193548387,100,20
895,1.1625376719185656,0.5935483870967742,100,20
896,1.2381067637014875,0.704516129032258,100,20
897,1.0266303584140375,0.18774193548387097,100,20
898,1.50766364648363,0.8548387096774194,100,20
899,1.6338616681439544,0.8993548387096775,100,20
900,1.011120219954186,0.1270967741935484,100,20
901,1.2534756472597377,0.7219354838709677,100,20
902,1.103889535583227,0.45161290322580644,100,20
903,1.4009316036830166,0.8225806451612904,100,20
904,1.083874328101844,0.39548387096774196,100,20
905,1.0613692563555372,0.31290322580645163,100,20
906,1.0626279771874698,0.31806451612903225,100,20
907,1.631913966013185,0.8980645161290323,100,20
908,1.244435507424053,0.7109677419354838,100,20
909,1.1399628540292108,0.5412903225806451,100,20
910,1.2328480785729758,0.7,100,20
911,1.2270431421025956,0.6890322580645162,100,20
912,1.0312679292992855,0.20709677419354838,100,20
913,1.151487431369637,0.5690322580645162,100,20
914,1.1420393902716592,0.5496774193548387,100,20
915,1.2448752101819685,0.7116129032258065,100,20
916,1.6083772972423707,0.8916129032258064,100,20
917,1.497050046086454,0.8535483870967742,100,20
918,1.4791208235524183,0.8490322580645161,100,20
919,1.2642604416869405,0.7322580645161291,100,20
920,1.82713440159879,0.9348387096774193,100,20
921,1.5110890290483128,0.8561290322580645,100,20
922,1.2739428931309644,0.7419354838709677,100,20
923,2.4972557774951585,0.9729032258064516,100,20
924,0.9842665467195969,0.023225806451612905,100,20
925,1.7498080496329258,0.9232258064516129,100,20
926,1.5153110593695545,0.86,100,20
927,1.4637598170363044,0.8425806451612903,100,20
928,1.2274091905898654,0.6896774193548387,100,20
929,1.0567795084723945,0.29612903225806453,100,20
930,1.4956359328620914,0.8522580645161291,100,20
931,1.9871079555164326,0.947741935483871,100,20
932,1.6277750169399485,0.8948387096774194,100,20
933,1.7021495920900933,0.912258064516129,100,20
934,2.000317430238735,0.9496774193548387,100,20
935,2.8251240334050562,0.9819354838709677,100,20
936,1.1926064384109414,0.6496774193548387,100,20
937,1.0664001569109023,0.3335483870967742,100,20
938,5.351555738008843,0.9974193548387097,100,20
939,0.9817930360484584,0.014838709677419355,100,20
940,1.542202012136722,0.8683870967741936,100,20
941,1.3274853116193088,0.7812903225806451,100,20
942,1.2041919438980462,0.6658064516129032,100,20
943,1.2263513103916375,0.687741935483871,100,20
944,1.1175657236968053,0.4916129032258065,100,20
945,1.163024522782075,0.5941935483870968,100,20
946,1.1126936001807395,0.472258064516129,100,20
947,1.1191971643284353,0.49548387096774194,100,20
948,1.1114260249341634,0.46838709677419355,100,20
949,1.100494038334279,0.44129032258064516,100,20
950,1.190621395632982,0.6451612903225806,100,20
951,1.066931799309927,0.3361290322580645,100,20
952,1.1523168780518236,0.5716129032258065,100,20
953,1.0856608880400966,0.40258064516129033,100,20
954,1.2810311330142552,0.7451612903225806,100,20
955,1.1512161741266387,0.5683870967741935,100,20
956,0.994404437256683,0.05741935483870968,100,20
957,1.0516326704246253,0.27419354838709675,100,20
958,1.1872869008200744,0.6387096774193548,100,20
959,1.1221656763823515,0.5019354838709678,100,20
960,1.081191521074567,0.387741935483871,100,20
961,1.1654510131217428,0.603225806451613,100,20
962,1.116019537671363,0.4864516129032258,100,20
963,1.7149928202348206,0.915483870967742,100,20
964,0.9847410148241547,0.025161290322580646,100,20
965,1.053472903954315,0.2806451612903226,100,20
966,1.1163792091639686,0.48774193548387096,100,20
967,1.1297425227767939,0.5193548387096775,100,20
968,1.0001813723358803,0.08129032258064516,100,20
969,1.2441607472823288,0.7096774193548387,100,20
970,1.088320140657333,0.41419354838709677,100,20
971,1.0870043545389496,0.40838709677419355,100,20
972,1.0061187120983743,0.10516129032258065,100,20
973,1.0363109038455391,0.21870967741935485,100,20
974,1.0436116682935368,0.2470967741935484,100,20
975,1.038727016870914,0.2270967741935484,100,20
976,1.1487039058582953,0.5638709677419355,100,20
977,0.9932489498407916,0.052258064516129035,100,20
978,1.0636393435895815,0.32193548387096776,100,20
979,1.0189724374691804,0.1567741935483871,100,20
980,1.0315307942121437,0.20774193548387096,100,20
981,1.0936998869747387,0.42451612903225805,100,20
982,1.2523641385096587,0.7212903225806452,100,20
983,1.1313246383260582,0.5225806451612903,100,20
984,1.078812584669611,0.3793548387096774,100,20
985,1.0427112434636272,0.24516129032258063,100,20
986,1.1442407223942799,0.5580645161290323,100,20
987,1.190588735945648,0.6445161290322581,100,20
988,1.079633391296692,0.38387096774193546,100,20
989,1.0845988010650678,0.3967741935483871,100,20
990,1.0699265384640526,0.3470967741935484,100,20
991,1.0090896088170564,0.12064516129032259,100,20
992,1.0848684997737537,0.3987096774193548,100,20
993,1.0249696021238204,0.18129032258064517,100,20
994,1.0416669934847909,0.24129032258064517,100,20
995,1.0943568696541885,0.42774193548387096,100,20
996,1.1445386531172894,0.5587096774193548,100,20
997,0.9876754930002178,0.03483870967741935,100,20
998,1.0143105759284885,0.1367741935483871,100,20
999,1.3081069861843648,0.7677419354838709,100,20
1000,1.0205168558682032,0.16322580645161291,100,20
1001,1.1592892974774045,0.584516129032258,100,20
1002,1.0907047762053221,0.4180645161290323,100,20
1003,1.257157711965222,0.7264516129032258,100,20
1004,1.3279113075426916,0.7825806451612903,100,20
1005,2.062956721486742,0.9554838709677419,100,20
1006,1.1129629811391726,0.47483870967741937,100,20
1007,1.0153555281782383,0.14258064516129032,100,20
1008,1.2277684632980264,0.6903225806451613,100,20
1009,1.1294923139218822,0.5187096774193548,100,20
1010,1.1793033023382125,0.6296774193548387,100,20
1011,1.1195466054591046,0.49612903225806454,100,20
1012,1.0620042674962995,0.31548387096774194,100,20
1013,1.0469449266596846,0.25806451612903225,100,20
1014,2.1057070715692787,0.9593548387096774,100,20
1015,6.268900274274466,0.9987096774193548,100,20
1016,1.0719214401745094,0.35419354838709677,100,20
1017,1.0079187063060255,0.11548387096774193,100,20
1018,1.0190114932939613,0.15741935483870967,100,20
1019,1.0298623148457007,0.1993548387096774,100,20
1020,1.015692113770126,0.14387096774193547,100,20
1021,1.1642353228818085,0.5987096774193549,100,20
1022,0.9780587165281747,0.005806451612903226,100,20
1023,2.069724467326525,0.9561290322580646,100,20
1024,2.0454565330981156,0.9541935483870968,100,20
1025,3.506795433571418,0.9941935483870967,100,20
1026,1.0513902326226088,0.2735483870967742,100,20
1027,1.0311056554793487,0.2064516129032258,100,20
1028,1.4235725081413182,0.8296774193548387,100,20
1029,1.004778827819804,0.10129032258064516,100,20
1030,3.0430861852943245,0.9864516129032258,100,20
1031,1.14344981811175,0.5535483870967742,100,20
1032,1.1457030026330286,0.5593548387096774,100,20
1033,1.084621067822092,0.39741935483870966,100,20
1034,1.11455137186223,0.4806451612903226,100,20
1035,1.3136160769975576,0.7729032258064517,100,20
1036,1.0652858746530243,0.32838709677419353,100,20
1037,1.0877139063244337,0.41161290322580646,100,20
1038,1.197116612292013,0.6548387096774193,100,20
1039,1.7867805808780837,0.9296774193548387,100,20
1040,1.4807769860847335,0.8496774193548388,100,20
1041,3.2674199865172375,0.9903225806451613,100,20
1042,1.4532525078217688,0.8387096774193549,100,20
1043,2.0863393944894244,0.9574193548387097,100,20
1044,1.989184926613857,0.9483870967741935,100,20
1045,1.4073239014675551,0.8238709677419355,100,20
1046,1.0494552996188529,0.26645161290322583,100,20
1047,1.0302971973756363,0.20193548387096774,100,20
1048,0.999115728735468,0.07741935483870968,100,20
1049,1.2713567672908783,0.7380645161290322,100,20
1050,4.3452782427766845,0.9948387096774194,100,20
1051,1.0603978739958522,0.3096774193548387,100,20
1052,1.0441650986487065,0.2496774193548387,100,20
1053,1.063827212594166,0.32387096774193547,100,20
1054,0.9932688133535891,0.05290322580645161,100,20
1055,1.07634625067242,0.3709677419354839,100,20
1056,1.601459984019553,0.8909677419354839,100,20
1057,1.3029500156019782,0.7606451612903226,100,20
1058,1.4551050801357936,0.8393548387096774,100,20
1059,1.4181194787835256,0.827741935483871,100,20
1060,1.3799558646215435,0.8129032258064516,100,20
1061,1.0861219393618555,0.4032258064516129,100,20
1062,1.6225884707941731,0.8929032258064517,100,20
1063,1.5536219706769985,0.8716129032258064,100,20
1064,1.6303127516248241,0.8961290322580645,100,20
1065,2.180876244615372,0.9632258064516129,100,20
1066,1.743368583194158,0.9219354838709677,100,20
1067,1.9003221782578925,0.9438709677419355,100,20
1068,1.6788323325831285,0.9083870967741936,100,20
1069,0.9935417778443221,0.053548387096774196,100,20
1070,1.7028876647590974,0.9129032258064517,100,20
1071,0.9955374007036367,0.06129032258064516,100,20
1072,0.978600462517836,0.0070967741935483875,100,20
1073,1.0809080511682665,0.3870967741935484,100,20
1074,1.5997209892461097,0.8903225806451613,100,20
1075,1.4637518026898941,0.8419354838709677,100,20
1076,1.7734894360170528,0.9270967741935484,100,20
1077,0.9950357245032032,0.06,100,20
1078,1.1519537363286887,0.5703225806451613,100,20
1079,1.1196051072775826,0.4967741935483871,100,20
1080,1.6394000236845159,0.9006451612903226,100,20
1081,1.3725482837763303,0.8083870967741935,100,20
1082,0.9874051097185289,0.032903225806451615,100,20
1083,1.1463888872835162,0.56,100,20
1084,1.0963139037535174,0.432258064516129,100,20
1085,1.0087667046309567,0.11806451612903225,100,20
1086,1.041590783917057,0.24064516129032257,100,20
1087,1.0146606971550851,0.13741935483870968,100,20
1088,1.1544465792618563,0.5767741935483871,100,20
1089,0.9939333787100658,0.05419354838709677,100,20
1090,1.0077656937893236,0.11483870967741935,100,20
1091,1.0370432174072866,0.22129032258064515,100,20
1092,1.1127884177231906,0.4735483870967742,100,20
1093,1.0444571260540527,0.2509677419354839,100,20
1094,2.0725973980756747,0.9567741935483871,100,20
1095,1.0181912430574667,0.15419354838709678,100,20
1096,1.0846861745957708,0.39806451612903226,100,20
1097,1.2314774098845247,0.6967741935483871,100,20
1098,0.9926311974387113,0.05032258064516129,100,20
1099,1.2237336414123596,0.6819354838709677,100,20
1100,1.0079306502076884,0.1167741935483871,100,20
1101,1.0659450247305928,0.33161290322580644,100,20
1102,1.1258317995897227,0.5103225806451613,100,20
1103,1.0566870456963062,0.2948387096774194,100,20
1104,1.1161532592779841,0.4870967741935484,100,20
1105,1.0242971143208042,0.1774193548387097,100,20
1106,1.0420744778788427,0.24193548387096775,100,20
1107,1.0042661809124351,0.09806451612903226,100,20
1108,0.9878391152929746,0.036774193548387096,100,20
1109,1.0121875435110101,0.13096774193548388,100,20
1110,0.9908723564106797,0.041935483870967745,100,20
1111,1.021381191739436,0.16451612903225807,100,20
1112,1.2935287396601567,0.756774193548387,100,20
1113,1.1681825020281493,0.6129032258064516,100,20
1114,1.6481293417021583,0.9032258064516129,100,20
1115,1.0868874091565075,0.40774193548387094,100,20
1116,1.8018822088104358,0.932258064516129,100,20
1117,2.7520843341969354,0.9812903225806452,100,20
1118,1.2872940544378737,0.752258064516129,100,20
1119,1.3462495205061962,0.7987096774193548,100,20
1120,3.0742113524273345,0.9870967741935484,100,20
1121,1.359275746547199,0.8038709677419354,100,20
1122,0.9998944776939833,0.08,100,20
1123,1.0221894415724146,0.1696774193548387,100,20
1124,0.9989560368348404,0.07548387096774194,100,20
1125,1.038407685948396,0.22580645161290322,100,20
1126,1.2898570869742192,0.7535483870967742,100,20
1127,1.072908712315459,0.35935483870967744,100,20
1128,1.8108527778282422,0.9335483870967742,100,20
1129,1.1656218261660567,0.604516129032258,100,20
1130,1.2288121492113029,0.6935483870967742,100,20
1131,1.043835285623031,0.24774193548387097,100,20
1132,1.170365441932916,0.6167741935483871,100,20
1133,1.034934488234567,0.2161290322580645,100,20
1134,1.0814999922737791,0.38838709677419353,100,20
1135,1.2831173352744472,0.7490322580645161,100,20
1136,1.09631240619102,0.4316129032258065,100,20
1137,2.0607938571027584,0.9548387096774194,100,20
1138,1.0631293154253323,0.3193548387096774,100,20
1139,1.0353281158661374,0.21806451612903227,100,20
1140,1.0726078293646535,0.35870967741935483,100,20
1141,1.914361948551204,0.9451612903225807,100,20
1142,1.5748746996732121,0.8825806451612903,100,20
1143,2.1932780412810984,0.964516129032258,100,20
1144,1.718815185041354,0.9180645161290323,100,20
1145,1.6920256861218181,0.9103225806451613,100,20
1146,1.0933292716424663,0.4238709677419355,100,20
1147,2.605740257490127,0.9767741935483871,100,20
1148,0.9909466681980049,0.043225806451612905,100,20
1149,1.207343395307101,0.667741935483871,100,20
1150,0.9893986814531193,0.04,100,20
1151,1.7207141509985775,0.9187096774193548,100,20
1152,1.004714046321573,0.10064516129032258,100,20
1153,1.7727193049466994,0.9264516129032258,100,20
1154,0.999246062897093,0.07806451612903226,100,20
1155,1.6852822754070433,0.9090322580645162,100,20
1156,0.9959286589052365,0.06322580645161291,100,20
1157,1.2598379513390712,0.7290322580645161,100,20
1158,1.8809420743689895,0.9419354838709677,100,20
1159,1.7809251295327517,0.927741935483871,100,20
1160,1.0390389258416364,0.23032258064516128,100,20
1161,1.9739947510940774,0.9464516129032258,100,20
1162,1.286322217193907,0.7509677419354839,100,20
1163,1.0228430042622711,0.1735483870967742,100,20
1164,1.1014033204016949,0.44451612903225807,100,20
1165,1.5103825573745522,0.8554838709677419,100,20
1166,1.1748148324626861,0.6225806451612903,100,20
1167,1.1039387503758404,0.45225806451612904,100,20
1168,1.0179356631132248,0.15354838709677418,100,20
1169,1.24297811952393,0.707741935483871,100,20
1170,1.5615479692922594,0.8748387096774194,100,20
1171,1.1654461627639279,0.6025806451612903,100,20
1172,1.38987800049954,0.8174193548387096,100,20
1173,1.0240950210714523,0.17548387096774193,100,20
1174,1.017124636462279,0.1503225806451613,100,20
1175,1.0723543202054922,0.3580645161290323,100,20
1176,2.3623249944346787,0.9683870967741935,100,20
1177,2.0237027221433754,0.9509677419354838,100,20
1178,1.1911145597411281,0.6470967741935484,100,20
1179,0.9853390667029045,0.027741935483870966,100,20
1180,1.0874969288628904,0.41096774193548385,100,20
1181,1.0241315213579865,0.1767741935483871,100,20
1182,1.9949557902111164,0.9490322580645161,100,20
1183,1.0105160453946407,0.12580645161290321,100,20
1184,1.1415606911759564,0.547741935483871,100,20
1185,1.014275565689494,0.13612903225806453,100,20
1186,1.3376043040247159,0.792258064516129,100,20
1187,1.1304434707642592,0.5212903225806451,100,20
1188,1.0541999014278207,0.2838709677419355,100,20
1189,1.0237816386698637,0.17483870967741935,100,20
1190,1.0328095254354026,0.21225806451612902,100,20
1191,0.9827949358343627,0.02,100,20
1192,1.0549247949717535,0.28838709677419355,100,20
1193,1.0096217572733055,0.12129032258064516,100,20
1194,1.0528797981460587,0.2787096774193548,100,20
1195,1.1316095860540905,0.5238709677419355,100,20
1196,1.0664863125889683,0.33419354838709675,100,20
1197,1.4003933975401504,0.8219354838709677,100,20
1198,1.0665109363601384,0.33483870967741935,100,20
1199,1.0634881891171872,0.32064516129032256,100,20
1200,1.3191314423838103,0.7761290322580645,100,20
1201,1.4105590744706935,0.8251612903225807,100,20
1202,1.3604653813262977,0.8045161290322581,100,20
1203,1.3660022824442093,0.8058064516129032,100,20
1204,1.2764085020164144,0.743225806451613,100,20
1205,2.0194666852841245,0.9503225806451613,100,20
1206,1.1207990719860401,0.5,100,20
1207,1.0879250495387436,0.412258064516129,100,20
1208,1.2638982211911276,0.7316129032258064,100,20
1209,1.1415729989491732,0.5483870967741935,100,20
1210,1.2610848763386442,0.7303225806451613,100,20
1211,1.0560010418637389,0.2929032258064516,100,20
1212,1.0508968418971159,0.27161290322580645,100,20
1213,1.219161712091091,0.6767741935483871,100,20
1214,1.2320909733210224,0.6974193548387096,100,20
1215,1.3211063446329154,0.7774193548387097,100,20
1216,1.1409275753830435,0.5458064516129032,100,20
1217,1.0284749360867285,0.1935483870967742,100,20
1218,0.9922769660053422,0.04903225806451613,100,20
1219,1.038694687617514,0.2264516129032258,100,20
1220,1.1260366273654985,0.5116129032258064,100,20
1221,1.001595769877032,0.08709677419354839,100,20
1222,1.5148020645025375,0.8593548387096774,100,20
1223,0.9801298422672241,0.01032258064516129,100,20
1224,1.0735461149533336,0.36129032258064514,100,20
1225,1.1746183541706992,0.6219354838709678,100,20
1226,1.015143520278165,0.1406451612903226,100,20
1227,1.230835193999053,0.6941935483870968,100,20
1228,1.053177794400217,0.28,100,20
1229,1.0543744876863959,0.2870967741935484,100,20
1230,2.8542075227609893,0.9838709677419355,100,20
1231,1.1575125444771568,0.5812903225806452,100,20
1232,1.8304735889148316,0.9374193548387096,100,20
1233,1.133701567164787,0.5270967741935484,100,20
1234,2.8351751185288436,0.983225806451613,100,20
1235,1.7661191209891367,0.9251612903225807,100,20
1236,1.0574295341594386,0.29806451612903223,100,20
1237,1.056743954628013,0.2954838709677419,100,20
1238,1.013733171935489,0.13483870967741934,100,20
1239,1.1761230368137143,0.6251612903225806,100,20
1240,0.9959957392811694,0.06387096774193549,100,20
1241,0.9867009460302423,0.03032258064516129,100,20
1242,0.9865092776182653,0.02967741935483871,100,20
1243,1.1891736050218307,0.6425806451612903,100,20
1244,1.061486079902863,0.31483870967741934,100,20
1245,0.9825474207283176,0.01806451612903226,100,20
1246,1.128862138323052,0.5161290322580645,100,20
1247,1.0110481697247737,0.12645161290322582,100,20
1248,1.0070948653174692,0.10967741935483871,100,20
1249,1.1229585529767467,0.5032258064516129,100,20
1250,1.1335827670859377,0.5264516129032258,100,20
1251,1.0680411638028937,0.3412903225806452,100,20
1252,1.1495599354545685,0.5651612903225807,100,20
1253,1.8053125849373886,0.9329032258064516,100,20
1254,1.3231809238514878,0.7806451612903226,100,20
1255,1.5131578433380326,0.8574193548387097,100,20
1256,1.026902656603732,0.18903225806451612,100,20
1257,1.2662409706672668,0.7335483870967742,100,20
1258,1.1529563976385058,0.5729032258064516,100,20
1259,1.1640538015139064,0.5967741935483871,100,20
1260,1.0755200680958228,0.3664516129032258,100,20
1261,1.1151052100477703,0.4832258064516129,100,20
1262,1.6252944087346677,0.8935483870967742,100,20
1263,1.6330973814282874,0.8987096774193548,100,20
1264,1.1777024970112957,0.6270967741935484,100,20
1265,1.0577717158584221,0.3,100,20
1266,1.0158239229225914,0.14709677419354839,100,20
1267,1.0221065633526685,0.16903225806451613,100,20
1268,1.3065501534844786,0.7658064516129032,100,20
1269,1.0699192088762925,0.3464516129032258,100,20
1270,1.0195330592900862,0.16064516129032258,100,20
1271,1.0090107735885376,0.12,100,20
1272,0.9797507656345372,0.00903225806451613,100,20
1273,1.0644929965105567,0.3251612903225806,100,20
1274,1.1808419051466523,0.632258064516129,100,20
1275,1.2024969029873214,0.6625806451612903,100,20
1276,1.060445004447658,0.3103225806451613,100,20
1277,1.2408774589019562,0.7070967741935484,100,20
1278,1.0761758144053295,0.37032258064516127,100,20
1279,1.0911080260794335,0.41935483870967744,100,20
1280,1.003315688752298,0.09548387096774194,100,20
1281,1.238058012168439,0.7038709677419355,100,20
1282,1.0620252141391437,0.3161290322580645,100,20
1283,1.0963325383542686,0.43290322580645163,100,20
1284,1.0831353163839137,0.39225806451612905,100,20
1285,1.2714657421156295,0.7387096774193549,100,20
1286,1.1925273770601301,0.6490322580645161,100,20
1287,1.1839257723156371,0.6348387096774194,100,20
1288,1.1115305715412154,0.46903225806451615,100,20
1289,1.0904959119873527,0.4174193548387097,100,20
1290,1.018748259627493,0.15483870967741936,100,20
1291,1.0957407329481144,0.43032258064516127,100,20
1292,1.0306583240475375,0.2032258064516129,100,20
1293,0.9911291955187238,0.04387096774193548,100,20
1294,1.0609210864499021,0.3109677419354839,100,20
1295,0.9840423477561172,0.02258064516129032,100,20
1296,1.0678884531822832,0.3406451612903226,100,20
1297,1.0127044162373342,0.13225806451612904,100,20
1298,1.2188040695808924,0.6761290322580645,100,20
1299,1.1577243500794476,0.5819354838709677,100,20
1300,1.0952954303221698,0.4296774193548387,100,20
1301,1.1242744855992814,0.5064516129032258,100,20
1302,1.0587926272907855,0.3025806451612903,100,20
1303,1.039805857066521,0.2335483870967742,100,20
1304,1.0797975330058744,0.38451612903225807,100,20
1305,0.9986759683189403,0.07354838709677419,100,20
1306,3.198104238023401,0.9896774193548387,100,20
1307,1.0881149953072051,0.4129032258064516,100,20
1308,1.012235107461752,0.13161290322580646,100,20
1309,1.200945949091992,0.66,100,20
1310,1.2434108084597688,0.7083870967741935,100,20
1311,1.0195367965311106,0.16129032258064516,100,20
1312,1.0639980388920003,0.32451612903225807,100,20
1313,1.7089929416044007,0.9141935483870968,100,20
1314,1.123271387118994,0.5045161290322581,100,20
1315,1.1103353737134143,0.4664516129032258,100,20
1316,1.1180201043167173,0.492258064516129,100,20
1317,1.0849073745460922,0.3993548387096774,100,20
1318,1.0389984886827093,0.22838709677419355,100,20
1319,1.2849273678599562,0.7503225806451613,100,20
1320,1.3551124287907304,0.8025806451612904,100,20
1321,1.1103213170958786,0.46580645161290324,100,20
1322,1.0290101671522567,0.19483870967741934,100,20
1323,1.2100226894026975,0.6703225806451613,100,20
1324,1.3324921855770475,0.787741935483871,100,20
1325,1.104156638204923,0.4529032258064516,100,20
1326,1.3199631240737362,0.7767741935483871,100,20
1327,1.015081459682029,0.14,100,20
1328,1.1122405543774498,0.47161290322580646,100,20
1329,1.258679550058135,0.727741935483871,100,20
1330,1.1594426025980247,0.5858064516129032,100,20
1331,1.0543708145569706,0.2864516129032258,100,20
1332,1.3401485669184319,0.7935483870967742,100,20
1333,1.0556998983112942,0.292258064516129,100,20
1334,1.050010524250363,0.26903225806451614,100,20
1335,1.1985349629690165,0.6580645161290323,100,20
1336,1.016251144160635,0.14838709677419354,100,20
1337,1.0970688718762833,0.4335483870967742,100,20
1338,1.3102034699854066,0.7696774193548387,100,20
1339,1.2936656306616565,0.7574193548387097,100,20
1340,1.6529254339269706,0.9045161290322581,100,20
1341,1.1028023382695689,0.447741935483871,100,20
1342,1.139155078557626,0.5380645161290323,100,20
1343,0.9919968385278299,0.04709677419354839,100,20
1344,1.2922163612868274,0.7561290322580645,100,20
1345,1.0008951010978806,0.08387096774193549,100,20
1346,1.0999309982898602,0.4393548387096774,100,20
1347,1.2245628351447477,0.6825806451612904,100,20
1348,1.1689346174484645,0.6148387096774194,100,20
1349,1.1303516602398667,0.52,100,20
1350,1.1919952277541845,0.6483870967741936,100,20
1351,1.0552242146868298,0.2896774193548387,100,20
1352,1.5492824101212863,0.8696774193548387,100,20
1353,1.4469748445064503,0.8367741935483871,100,20
1354,1.2125580424552846,0.6735483870967742,100,20
1355,1.1846938098172708,0.6361290322580645,100,20
1356,1.0863952430201125,0.4045161290322581,100,20
1357,1.120508750643878,0.4993548387096774,100,20
1358,1.0032639831804429,0.09483870967741935,100,20
1359,1.125616079745463,0.5090322580645161,100,20
1360,1.048154498525312,0.26064516129032256,100,20
1361,1.1643055499440889,0.5993548387096774,100,20
1362,1.3497371326557854,0.8,100,20
1363,1.0775964386092325,0.3741935483870968,100,20
1364,1.1138161102262267,0.47870967741935483,100,20
1365,1.0468476735697483,0.2574193548387097,100,20
1366,1.314620126663994,0.7735483870967742,100,20
1367,1.0923839749495243,0.42193548387096774,100,20
1368,0.9803061514685337,0.01096774193548387,100,20
1369,1.0482246134477902,0.26129032258064516,100,20
1370,1.1543246020018483,0.5761290322580646,100,20
1371,1.0451441893251574,0.2535483870967742,100,20
1372,1.0178044570544305,0.1529032258064516,100,20
1373,1.3784750122828604,0.8109677419354838,100,20
1374,1.4716114769160646,0.844516129032258,100,20
1375,1.459483566456587,0.8406451612903226,100,20
1376,1.128821631415942,0.515483870967742,100,20
1377,0.9943667423455894,0.05548387096774193,100,20
1378,1.0971757814281333,0.4341935483870968,100,20
1379,1.0828211364994762,0.3909677419354839,100,20
1380,1.1659079615563912,0.6058064516129033,100,20
1381,1.111623294561274,0.4696774193548387,100,20
1382,1.0104602844018054,0.12451612903225806,100,20
1383,0.9897316204766688,0.04129032258064516,100,20
1384,1.0543153116318091,0.28580645161290325,100,20
1385,1.1148958589283753,0.48129032258064514,100,20
1386,1.168281592455862,0.6135483870967742,100,20
1387,1.167804522771716,0.6122580645161291,100,20
1388,1.1370541290349236,0.5335483870967742,100,20
1389,0.9920827609169633,0.04774193548387097,100,20
1390,1.2459075542126845,0.7154838709677419,100,20
1391,0.9863665791527829,0.02903225806451613,100,20
1392,1.2968101283704114,0.7587096774193548,100,20
1393,1.071834553805494,0.3535483870967742,100,20
1394,1.1117088658324255,0.4703225806451613,100,20
1395,1.0219142079102652,0.16838709677419356,100,20
1396,1.2687212185453174,0.7354838709677419,100,20
1397,1.5132878616037175,0.8580645161290322,100,20
1398,1.4971596142343915,0.8541935483870968,100,20
1399,1.1088135077940704,0.4632258064516129,100,20
1400,1.2771380878421963,0.7445161290322581,100,20
1401,2.875351039526312,0.984516129032258,100,20
1402,1.1992246158812467,0.6587096774193548,100,20
1403,1.5651947356511025,0.8780645161290322,100,20
1404,1.4716760816451266,0.8451612903225807,100,20
1405,1.0432600619426367,0.24645161290322581,100,20
1406,1.2324284717416982,0.6987096774193549,100,20
1407,1.3341628445419784,0.7896774193548387,100,20
1408,1.100857120362611,0.44193548387096776,100,20
1409,1.1246601157250076,0.5070967741935484,100,20
1410,1.4209889498179082,0.8290322580645161,100,20
1411,1.5688350144008578,0.8806451612903226,100,20
1412,1.3680496329029155,0.8070967741935484,100,20
1413,2.1109949555335352,0.96,100,20
1414,1.873557108344611,0.9406451612903226,100,20
1415,2.643217289653177,0.9780645161290322,100,20
1416,1.1153181820840037,0.48451612903225805,100,20
1417,1.0722623601296863,0.3567741935483871,100,20
1418,1.1408596462658607,0.5445161290322581,100,20
1419,1.0079214637027367,0.11612903225806452,100,20
1420,1.7273454399338029,0.9212903225806451,100,20
1421,1.7004794562740853,0.9116129032258065,100,20
1422,0.9771376300241712,0.004516129032258065,100,20
1423,1.5611431209561417,0.8741935483870967,100,20
1424,1.1617987883085166,0.5896774193548387,100,20
1425,2.041239778690237,0.9529032258064516,100,20
1426,1.5627064926330356,0.8761290322580645,100,20
1427,1.8188041033815285,0.9341935483870968,100,20
1428,1.073722296127001,0.36258064516129035,100,20
1429,1.152922323619591,0.572258064516129,100,20
1430,0.9946217403243844,0.05806451612903226,100,20
1431,1.3110429272807984,0.7703225806451612,100,20
1432,1.6460675865910677,0.9025806451612903,100,20
1433,6.247989533525912,0.9980645161290322,100,20
1434,1.6262582716525849,0.8941935483870967,100,20
1435,1.379331728738438,0.812258064516129,100,20
1436,1.1938234326861887,0.6509677419354839,100,20
1437,0.980743952920802,0.011612903225806452,100,20
1438,1.0807368902480214,0.3864516129032258,100,20
1439,1.4280240685282455,0.8309677419354838,100,20
1440,1.7166519317928004,0.9167741935483871,100,20
1441,2.5882825841406643,0.9754838709677419,100,20
1442,1.561687462400764,0.8754838709677419,100,20
1443,0.9735590252855895,0.0012903225806451613,100,20
1444,2.4671460310022857,0.9716129032258064,100,20
1445,1.4945973973511208,0.8516129032258064,100,20
1446,1.9070856095892488,0.944516129032258,100,20
1447,1.5211184441085834,0.8612903225806452,100,20
1448,2.129469118019307,0.9612903225806452,100,20
1449,1.1172959491795558,0.4890322580645161,100,20
1450,1.5557634997366667,0.8722580645161291,100,20
1451,1.044534756400618,0.25161290322580643,100,20
1452,1.3334553305788575,0.7890322580645162,100,20
1453,1.0245541624772334,0.17870967741935484,100,20
1454,0.9981744490842352,0.07225806451612904,100,20
1455,0.9896921640804331,0.04064516129032258,100,20
1456,1.1942323841358506,0.6516129032258065,100,20
1457,1.0940947129157188,0.42516129032258065,100,20
1458,1.0241032812520519,0.1761290322580645,100,20
1459,1.1173623376945678,0.4896774193548387,100,20
1460,1.1014121666042649,0.44516129032258067,100,20
1461,1.3023859990794835,0.76,100,20
1462,1.0861814256586264,0.4038709677419355,100,20
1463,1.0792641585366736,0.3825806451612903,100,20
1464,1.0575135766592125,0.29870967741935484,100,20
1465,1.0654478005157753,0.3296774193548387,100,20
1466,1.1808116375954731,0.6316129032258064,100,20
1467,1.26609588997416,0.7329032258064516,100,20
1468,1.2588703492708295,0.7283870967741936,100,20
1469,1.0482678179235643,0.2625806451612903,100,20
1470,1.0563762159939274,0.29354838709677417,100,20
1471,1.0076483449703408,0.11419354838709678,100,20
1472,1.164887223171824,0.6019354838709677,100,20
1473,1.1796009500102451,0.6303225806451613,100,20
1474,1.0704751564682526,0.34774193548387095,100,20
1475,1.0053053863529635,0.1032258064516129,100,20
1476,1.7603102768049137,0.9245161290322581,100,20
1477,1.3321617817414486,0.7870967741935484,100,20
1478,1.7938782400581263,0.9309677419354838,100,20
1479,1.2385516048626848,0.7051612903225807,100,20
1480,0.9790953645861196,0.008387096774193548,100,20
1481,1.86333019729067,0.9393548387096774,100,20
1482,1.0941685227916234,0.4258064516129032,100,20
1483,1.4423679745290892,0.8354838709677419,100,20
1484,2.22036614319823,0.9651612903225807,100,20
1485,1.47887494946663,0.8483870967741935,100,20
1486,1.0245577831919135,0.17935483870967742,100,20
1487,1.0507270358211742,0.2709677419354839,100,20
1488,1.0609617928716262,0.3116129032258064,100,20
1489,1.0319054757550075,0.20838709677419354,100,20
1490,1.2268038350437676,0.6883870967741935,100,20
1491,1.1710696497521846,0.6174193548387097,100,20
1492,1.1972522464735031,0.655483870967742,100,20
1493,1.0072175834768995,0.11225806451612903,100,20
1494,1.0306886483098898,0.20451612903225808,100,20
1495,1.057907750121018,0.30129032258064514,100,20
1496,0.9870237405135962,0.03225806451612903,100,20
1497,1.0224580055471417,0.17161290322580644,100,20
1498,1.082276036501288,0.3903225806451613,100,20
1499,1.3669167356222804,0.8064516129032258,100,20
1500,1.0675876457699531,0.33806451612903227,100,20
1501,1.1073130220450114,0.45806451612903226,100,20
1502,1.1032187667295017,0.44967741935483874,100,20
1503,1.0023140569581828,0.08967741935483871,100,20
1504,1.2255839761503493,0.6838709677419355,100,20
1505,1.2107182042233156,0.6716129032258065,100,20
1506,1.4500041889963453,0.8374193548387097,100,20
1507,1.1102991331723175,0.46516129032258063,100,20
1508,1.419078558083815,0.8283870967741935,100,20
1509,1.2094579860215653,0.6696774193548387,100,20
1510,1.0723235694066413,0.3574193548387097,100,20
1511,1.057049627343278,0.2974193548387097,100,20
1512,1.3504658885238021,0.8012903225806451,100,20
1513,1.0089471869978521,0.11870967741935484,100,20
1514,1.2400659983039781,0.7058064516129032,100,20
1515,1.025329589768123,0.18387096774193548,100,20
1516,1.0654076423417942,0.32903225806451614,100,20
1517,1.013394344779267,0.1335483870967742,100,20
1518,1.0717728905496218,0.352258064516129,100,20
1519,1.09785261813338,0.43612903225806454,100,20
1520,1.0909055739045093,0.41870967741935483,100,20
1521,1.3917700229151946,0.8187096774193549,100,20
1522,1.1904164594119673,0.6438709677419355,100,20
1523,1.2454005314543939,0.7129032258064516,100,20
1524,1.0673054329367162,0.3367741935483871,100,20
1525,1.1620491398986148,0.5916129032258064,100,20
1526,1.0149647266404822,0.1393548387096774,100,20
1527,1.0341022396448747,0.21419354838709678,100,20
1528,1.0602758352291115,0.30838709677419357,100,20
1529,1.0527233978726787,0.27806451612903227,100,20
1530,1.0755843748231018,0.36774193548387096,100,20
1531,1.1421638038202286,0.5503225806451613,100,20
1532,0.99778850866282,0.0696774193548387,100,20
1533,1.0613952533068323,0.3135483870967742,100,20
1534,1.0059915932062384,0.10451612903225807,100,20
1535,1.0476592980979897,0.2593548387096774,100,20
1536,1.0693624839575875,0.3438709677419355,100,20
1537,1.2341013193668489,0.7032258064516129,100,20
1538,1.0682300279939159,0.3419354838709677,100,20
1539,1.2085726181619012,0.6690322580645162,100,20
1540,1.046269012041609,0.2567741935483871,100,20
1541,1.201850098412741,0.6612903225806451,100,20
1542,1.120903866666509,0.5006451612903225,100,20
1543,1.244274292813757,0.7103225806451613,100,20
1544,1.3367461902445006,0.7909677419354839,100,20
1545,1.3353035311574677,0.7903225806451613,100,20
1546,1.0459935531912492,0.25548387096774194,100,20
1547,1.1088674054774494,0.4638709677419355,100,20
1548,1.0483426387545893,0.2632258064516129,100,20
1549,1.0836580374977505,0.39419354838709675,100,20
1550,1.0758244539306514,0.3690322580645161,100,20
1551,1.6148926731110194,0.892258064516129,100,20
